GENE	CHR	START	END
79501	1	59091	80008
100996442	1	132447	184392
729759	1	357659	378597
81399	1	611096	632034
148398	1	849993	889961
26155	1	869583	904679
339451	1	885967	911099
84069	1	891872	920488
84808	1	900579	927473
57801	1	924342	946608
9636	1	938847	959920
375790	1	945503	1001499
401934	1	997126	1019687
54991	1	1007198	1061736
254173	1	1099286	1143315
8784	1	1128888	1152163
7293	1	1136706	1159703
51150	1	1142288	1177447
126792	1	1157629	1180421
388581	1	1167826	1192102
118424	1	1179292	1219234
6339	1	1205816	1237409
116983	1	1217764	1253304
126789	1	1233962	1257057
54973	1	1236965	1270067
80772	1	1250136	1274276
83756	1	1256726	1279844
1855	1	1260658	1294509
54587	1	1278071	1307183
54998	1	1299110	1320818
81669	1	1311091	1344718
55052	1	1327276	1352693
441869	1	1343800	1366824
643965	1	1351508	1373167
64856	1	1360903	1388262
219293	1	1368152	1415538
83858	1	1397139	1454852
55210	1	1437523	1480067
339453	1	1460158	1485740
29101	1	1467053	1520262
643988	1	1523388	1545476
142678	1	1540795	1575990
8510	1	1557060	1580030
984	1	1561100	1600473
728661	1	1581486	1634243
728642	1	1623822	1665999
9906	1	1646277	1687438
65220	1	1672671	1721508
2782	1	1706725	1832552
163688	1	1836266	1858733
339456	1	1839029	1860740
85452	1	1843390	1945276
2563	1	1940768	1972192
5590	1	1971909	2126834
100506504	1	2103250	2125812
199990	1	2105899	2154159
6497	1	2150134	2251652
79906	1	2241719	2333190
11079	1	2313214	2346883
5192	1	2326241	2354010
9651	1	2397754	2446964
55229	1	2429975	2468061
388585	1	2450184	2471684
8764	1	2477291	2505268
127281	1	2507899	2532908
79258	1	2512078	2574499
100287898	1	2562807	2716230
140625	1	2928046	2949467
63976	1	2975565	3365185
27237	1	3361147	3407677
1953	1	3394506	3538059
127262	1	3531556	3556695
49856	1	3537331	3576671
7161	1	3559129	3662765
148870	1	3658965	3698209
388588	1	3679352	3702546
57470	1	3686784	3723068
9731	1	3718645	3783797
1677	1	3763845	3811993
339448	1	3795697	3826857
55966	1	4705105	4853851
261734	1	5912870	6062618
8514	1	6042358	6171253
26038	1	6151847	6250194
6146	1	6235080	6269679
388591	1	6256189	6291359
23463	1	6271253	6306044
390992	1	6294252	6315638
387509	1	6297406	6331035
11332	1	6314332	6463826
54626	1	6465292	6494724
83715	1	6474836	6531004
8718	1	6510787	6537432
57449	1	6516152	6590121
79707	1	6571407	6624658
80835	1	6604987	6649817
3104	1	6630051	6659340
9903	1	6640784	6672958
148479	1	6663756	6694093
90326	1	6674925	6705646
55735	1	6684228	6771966
23261	1	6835384	7839766
9341	1	7821329	7851492
8863	1	7834413	7915241
10911	1	7897672	7923551
3604	1	7965931	8013225
11315	1	8011714	8055342
54206	1	8061779	8096393
50651	1	8368171	8414227
473	1	8402464	8887699
2023	1	8911059	8949151
765	1	8995893	9045151
155184	1	9053359	9096404
6518	1	9087005	9141763
80045	1	9153472	9199229
9563	1	9284822	9341396
80176	1	9325202	9439591
84275	1	9589528	9652831
199953	1	9638932	9684935
5293	1	9701789	9799172
22883	1	9779079	9894550
56998	1	9898334	9980316
84328	1	9972168	10013460
64802	1	9993486	10055556
116362	1	10047255	10086078
10277	1	10083041	10251297
23095	1	10260606	10451664
5226	1	10448884	10490565
378708	1	10479944	10520239
100526739	1	10480159	10522060
1325	1	10499776	10522060
1676	1	10510588	10542613
5195	1	10525003	10700815
54897	1	10686661	10866733
148345	1	10996530	11052094
23435	1	11062462	11095549
10747	1	11076580	11117296
6723	1	11104649	11130091
5394	1	11116675	11169961
2475	1	11156588	11332614
10218	1	11239346	11266038
29914	1	11323255	11358491
57540	1	11529295	11607640
26232	1	11697924	11724888
93611	1	11704432	11733384
26270	1	11714150	11744411
10459	1	11724537	11761678
374946	1	11741781	11790336
57085	1	11786142	11820828
284498	1	11813827	11859642
4524	1	11835787	11876160
1185	1	11856153	11913201
4878	1	11895766	11917840
4879	1	11907521	11928992
90231	1	11969645	11996485
5351	1	11984724	12045599
9927	1	12030238	12083572
60672	1	12069299	12102106
943	1	12113434	12214264
7133	1	12217044	12279279
55187	1	12280101	12582099
9249	1	12617939	12687820
343066	1	12694566	12737097
126767	1	12766118	12798726
93190	1	12796163	12831102
390999	1	12824984	12848049
65121	1	12841546	12866777
440560	1	12874468	12901264
343069	1	12897261	12918578
65122	1	12906941	12931764
400735	1	12929033	12956025
343071	1	12942727	12968094
441871	1	12966467	12990300
440561	1	12988302	13017406
653606	1	13025543	13048381
441873	1	13130447	13155000
440563	1	13172960	13194326
645359	1	13206688	13229898
343068	1	13349819	13379057
391002	1	13376646	13400765
645382	1	13401517	13424502
343070	1	13411176	13438191
400736	1	13437414	13462656
391003	1	13464053	13487569
654348	1	13485254	13508260
653619	1	13631973	13658987
729528	1	13658269	13683511
645414	1	13684889	13708405
391004	1	13706088	13729064
645425	1	13726907	13757803
126755	1	13791445	13850242
10630	1	13900252	13954452
7799	1	14016714	14161574
23254	1	14209646	15454544
55092	1	15469028	15556974
727684	1	15480692	15508120
114827	1	15563730	15734767
79180	1	15726391	15766839
11330	1	15754938	15783153
63036	1	15773223	15808586
51032	1	15792596	15827895
842	1	15807896	15861407
23341	1	15843343	15908228
79814	1	15888194	15921605
84301	1	15933953	16005539
6248	1	15976364	15998217
23207	1	16000632	16071264
284723	1	16052721	16077884
388595	1	16058987	16084292
54751	1	16073107	16123089
440567	1	16123657	16144194
23013	1	16164359	16276951
7709	1	16258364	16312627
101928566	1	16292626	16333701
149563	1	16320731	16343184
27129	1	16330523	16356084
1187	1	16338486	16370548
1188	1	16360231	16393821
348487	1	16374264	16410127
1969	1	16440832	16492582
128272	1	16514599	16549104
101927546	1	16541343	16563528
79363	1	16548182	16573659
54455	1	16563339	16688965
26099	1	16683525	16734643
374955	1	16712101	16773919
55707	1	16757167	16796585
100133301	1	16855561	16876198
55672	1	16878922	16950100
729574	1	16989498	17010007
729587	1	17050447	17070956
11223	1	17071129	17100975
9696	1	17238445	17309474
4237	1	17290997	17318081
23400	1	17302453	17348467
6390	1	17335217	17390665
11240	1	17383256	17455948
29943	1	17521621	17582501
51702	1	17565593	17620728
23569	1	17624690	17700495
353238	1	17688741	17738195
55920	1	17723251	17776250
55160	1	17836693	18034370
81569	1	18071808	18163558
84966	1	18424240	18714977
127707	1	18797424	18822540
5081	1	18947500	19085360
80834	1	19156093	19196155
8659	1	19187924	19239293
126917	1	19220774	19292826
23352	1	19391000	19546812
23065	1	19532158	19588053
51154	1	19568075	19596622
22977	1	19599057	19625280
8574	1	19619202	19648640
54896	1	19628740	19668925
832	1	19655267	19822066
440574	1	19913471	19966315
100532736	1	19913471	19994949
4681	1	19959723	19994949
3362	1	19981780	20016055
255104	1	19998706	20136424
54546	1	20130522	20151771
23252	1	20198356	20249438
30814	1	20236800	20260110
5320	1	20291924	20316932
5322	1	20376157	20428394
26279	1	20429143	20456059
64600	1	20455823	20486879
391013	1	20480484	20511687
127733	1	20502578	20532540
127731	1	20607412	20691662
55450	1	20798884	20822728
79594	1	20815941	20844674
163933	1	20868932	20891513
978	1	20905444	20955401
65018	1	20949948	20988004
1650	1	20968260	20998037
57576	1	20980475	21054317
400745	1	21036225	21069133
50809	1	21059170	21123808
8672	1	21122785	21513381
1889	1	21533740	21682034
84224	1	21756583	21821393
249	1	21825475	21914905
5909	1	21912708	22006010
84196	1	21994791	22119688
401944	1	22128758	22161714
3339	1	22138737	22273750
23436	1	22293418	22325847
10136	1	22318149	22349035
998	1	22369120	22429439
54361	1	22433798	22480474
9923	1	22768344	22867650
2046	1	22880004	22940087
712	1	22953118	22976175
714	1	22959969	22984603
713	1	22969682	22998130
2048	1	23027263	23251823
646262	1	23269536	23309524
729059	1	23327327	23352343
23028	1	23335937	23420184
7798	1	23400516	23514301
3352	1	23508388	23531222
10236	1	23625953	23681143
80818	1	23675941	23706357
6920	1	23697555	23761269
55616	1	23745056	23820750
1870	1	23822920	23867712
3399	1	23874421	23896285
6135	1	24008269	24032915
6924	1	24059856	24098549
57095	1	24094876	24124722
11313	1	24107275	24132029
2582	1	24112089	24137294
3155	1	24118367	24175110
2517	1	24161567	24204859
1269	1	24187005	24295549
55629	1	24276301	24299952
10772	1	24282935	24316953
127294	1	24372531	24448665
58985	1	24436261	24479783
163702	1	24470647	24523765
57822	1	24635812	24700972
90529	1	24673489	24751587
57185	1	24732245	24809473
11123	1	24818841	24873510
400746	1	24872567	24945819
10250	1	24959594	25009772
25932	1	25061760	25180815
864	1	25216002	25301648
25949	1	25538767	25569013
57035	1	25558740	25584010
6007	1	25588884	25666936
23585	1	25654789	25698852
6006	1	25677853	25757363
55219	1	25747388	25836700
26119	1	25860071	25905377
57134	1	25933959	26121258
57190	1	26116667	26154713
56181	1	26136397	26169433
79000	1	26148414	26195939
164091	1	26177975	26212461
3925	1	26200670	26243368
5051	1	26276258	26336366
2134	1	26338266	26372955
7780	1	26354513	26383439
84676	1	26367792	26404142
149420	1	26427656	26462039
79927	1	26475511	26499119
51042	1	26486388	26507364
10256	1	26493981	26526375
378807	1	26507119	26539033
64793	1	26550644	26615529
83442	1	26596213	26618013
91544	1	26598773	26654756
1043	1	26634411	26657014
55057	1	26638350	26690621
257101	1	26678125	26711023
79727	1	26727269	26766219
79947	1	26748773	26807797
3151	1	26788902	26813133
6195	1	26846249	26911520
101928728	1	27008623	27032896
8289	1	27012522	27118601
55650	1	27103739	27134894
84243	1	27143201	27194092
2810	1	27179633	27200947
54707	1	27195872	27226869
63906	1	27206979	27236962
8431	1	27227975	27250567
10726	1	27238187	27283362
126695	1	27266047	27296901
388610	1	27310189	27337377
115572	1	27321511	27349333
6548	1	27415300	27491621
23038	1	27551007	27645124
84065	1	27638636	27672891
84958	1	27658483	27690423
9064	1	27671670	27703558
8547	1	27685601	27711315
388611	1	27695596	27719823
2827	1	27709148	27732318
10163	1	27720734	27826678
27245	1	27850756	27940463
2268	1	27928800	27971727
2537	1	27982572	28008724
199870	1	28042490	28099426
23673	1	28089694	28160963
5511	1	28147252	28188183
9473	1	28189055	28223196
6118	1	28208035	28251255
27293	1	28251456	28295663
55113	1	28276504	28304604
2140	1	28286855	28425173
5724	1	28463677	28530447
22826	1	28516789	28569542
93974	1	28552602	28574616
83667	1	28575963	28619002
54797	1	28645513	28672478
65979	1	28686093	28836881
1104	1	28822455	28875708
54952	1	28869529	28915057
115273	1	28908712	28931098
6883	1	28919608	28985416
10691	1	28985234	29052115
51441	1	29053133	29106287
4985	1	29128654	29200208
2035	1	29203603	29456558
399474	1	29435937	29460421
6429	1	29464250	29518637
51102	1	29509385	29567460
10076	1	29553028	29663325
4146	1	31174124	31206432
7805	1	31195315	31240683
9672	1	31332313	31391480
9698	1	31394353	31548838
79570	1	31642592	31722734
9410	1	31722415	31779644
51538	1	31759832	31848569
2170	1	31828100	31855923
347735	1	31872412	31917527
64129	1	32032086	32063290
3061	1	32073290	32103214
553115	1	32085463	32120838
1307	1	32107848	32179768
576	1	32182718	32240494
90853	1	32246023	32291630
8073	1	32362022	32413988
10657	1	32469295	32536460
55116	1	32528503	32578467
23633	1	32563644	32652169
200081	1	32635293	32673886
79140	1	32656202	32680991
55721	1	32661236	32684288
149069	1	32664695	32691797
56063	1	32670040	32697954
8668	1	32677971	32707205
84734	1	32702818	32724461
3932	1	32706840	32761766
3065	1	32747708	32809227
65108	1	32789430	32811840
81629	1	32808365	32840098
100128071	1	32816871	32837844
55108	1	32820704	32870062
728116	1	32920658	32963460
653121	1	32994772	33081542
339487	1	33076421	33126565
5928	1	33106749	33161812
81493	1	33135507	33178361
57648	1	33197492	33250571
8565	1	33230840	33293633
64766	1	33272368	33334480
252995	1	33317869	33348093
3208	1	33341688	33370247
113452	1	33350196	33377041
127544	1	33392050	33440467
204	1	33463541	33512512
113451	1	33536711	33596132
55223	1	33601000	33657671
149076	1	33711908	33776321
127550	1	33762367	33796699
1912	1	33779224	33851194
7579	1	33928232	33972105
114784	1	33969609	34641443
127540	1	34316076	34340392
84970	1	34622624	34694732
2709	1	35210648	35234113
127534	1	35215342	35239325
2707	1	35236790	35261967
2701	1	35248559	35271351
113444	1	35305963	35335417
58512	1	35321037	35401083
100506144	1	35437127	35460948
9204	1	35441766	35507569
79830	1	35515387	35591460
6421	1	35631981	35668766
9202	1	35724444	35897545
79932	1	35889091	36033037
23154	1	36013311	36042380
339488	1	36028971	36070929
5690	1	36030259	36117445
127703	1	36169477	36194790
63967	1	36175819	36245568
192670	1	36263231	36333491
26523	1	36325412	36405211
192669	1	36386364	36532360
27285	1	36539676	36563877
54936	1	36544453	36569533
1296	1	36550840	36601305
27095	1	36592170	36631654
55700	1	36611751	36656450
9967	1	36680017	36780958
79729	1	36761889	36803544
55194	1	36777631	36800567
83931	1	36795225	36861525
84967	1	36849031	36873493
127700	1	36873507	36926086
64960	1	36911362	36940040
1441	1	36921644	36958915
2899	1	37251128	37509844
80149	1	37930119	37959978
64769	1	37945561	37990420
79753	1	37990050	38029945
7802	1	38012520	38042458
29889	1	38022413	38071586
284654	1	38066821	38110595
54955	1	38137242	38168007
55143	1	38148073	38185391
284656	1	38171646	38240824
149175	1	38249721	38277278
79693	1	38258614	38283865
127687	1	38263473	38285126
4520	1	38265239	38335292
3633	1	38316369	38422729
10946	1	38412647	38466019
2275	1	38452439	38481199
51118	1	38468384	38500497
5453	1	38499523	38522450
64121	1	39293869	39335495
26292	1	39318162	39349050
81025	1	39329739	39357298
54933	1	39340614	39417456
79647	1	39446916	39481737
4725	1	39481967	39510308
23499	1	39539839	39962810
643314	1	39865176	39892154
353500	1	39947318	40005541
8761	1	40016485	40052522
26508	1	40079103	40115348
84618	1	40114793	40147710
51440	1	40134320	40167382
10450	1	40194517	40239586
656	1	40213903	40264533
64064	1	40225197	40247020
101929536	1	40244654	40265843
54802	1	40296703	40359177
4610	1	40351096	40377687
84879	1	40410784	40445630
10487	1	40495912	40548321
5538	1	40528382	40573142
6018	1	40617041	40716593
127391	1	40703573	40727365
10269	1	40713722	40769856
1298	1	40756162	40792939
64744	1	40829378	40898998
65243	1	40905774	40939390
339559	1	40933043	40972015
64789	1	40964391	40992228
127396	1	40987233	41023841
9783	1	41076352	41141324
4802	1	41147242	41247275
9132	1	41239684	41316124
163732	1	41316728	41338018
1503	1	41435007	41488237
200172	1	41471269	41499116
22955	1	41482871	41717815
100132074	1	41817328	41859263
1907	1	41934446	41960348
59269	1	41962036	42511596
2981	1	42609092	42631495
2980	1	42618362	42640395
22887	1	42632210	42811548
284716	1	42836468	42899900
84217	1	42886000	42931938
79717	1	42911968	42949088
728621	1	42990560	43130335
10465	1	43113706	43152429
4904	1	43138060	43178024
149461	1	43188764	43215925
64175	1	43202006	43242755
79078	1	43222916	43251413
100129924	1	43243661	43274227
374969	1	43262723	43293059
114625	1	43272776	43320660
51058	1	43302244	43328148
6513	1	43381046	43434847
440585	1	43600800	43632067
10969	1	43619845	43648241
149465	1	43628001	43730029
128218	1	43725665	43749673
149466	1	43737554	43761334
7075	1	43756566	43798781
4352	1	43793475	43830135
991	1	43814626	43838874
64834	1	43819068	43843745
112950	1	43839579	43865483
23334	1	43845556	43929918
81888	1	43906674	43929938
5792	1	43981708	44099343
9682	1	44105797	44181189
6487	1	44163204	44406837
9048	1	44388992	44412912
9670	1	44402478	44443694
1802	1	44425653	44449043
533	1	44430118	44453972
8704	1	44434874	44466843
149473	1	44447280	44472200
6536	1	44452155	44507171
128209	1	44503987	44610812
55929	1	44669104	44696351
79033	1	44676742	44831315
55182	1	44860837	45127396
79639	1	45108920	45150253
339541	1	45130370	45201263
11004	1	45195396	45243439
6202	1	45231213	45254427
266675	1	45237831	45263648
1263	1	45255638	45281667
343521	1	45261580	45283378
149478	1	45263373	45289801
8643	1	45275516	45319226
8891	1	45306194	45462394
79654	1	45458220	45487027
7389	1	45467805	45491341
57643	1	45472071	45682250
84842	1	45782545	45804347
4595	1	45784914	45816142
114034	1	45795342	45819650
10420	1	45799555	45966840
25974	1	45955856	45986739
5052	1	45966707	45998562
10327	1	46006455	46045723
4678	1	46039660	46094578
149483	1	46075716	46100424
60313	1	46082976	46163782
51249	1	46143847	46170110
3652	1	46149996	46226485
23139	1	46259269	46511796
8503	1	46495812	46652167
10103	1	46630749	46661634
55624	1	46644353	46695977
541468	1	46659006	46696928
8438	1	46703367	46754145
10489	1	46734072	46779038
7388	1	46759324	46792448
387338	1	46795849	46840824
2166	1	46849939	46889520
127343	1	46962668	46989898
148930	1	47001316	47026887
8569	1	47013079	47079966
148932	1	47063387	47092563
64756	1	47090711	47144099
374973	1	47127497	47149266
9813	1	47130831	47194792
1580	1	47254670	47295021
1579	1	47384846	47417156
260293	1	47417036	47526423
199974	1	47523160	47593992
284541	1	47593107	47624528
10158	1	47639261	47665771
6886	1	47671962	47707938
6491	1	47705811	47789819
51727	1	47789469	47854511
2301	1	47871744	47893724
2306	1	47891689	47916363
388630	1	48216200	48473009
200010	1	48678339	48724316
54558	1	48751044	48947876
84871	1	48988527	50499626
79656	1	49183538	49252547
1996	1	50503686	50679442
63950	1	50873223	50899119
11124	1	50896935	51435936
1031	1	51424367	51450309
284546	1	51432129	51623754
26994	1	51691945	51749119
22996	1	51742930	51820785
2060	1	51809935	51995026
114883	1	52072546	52264891
4898	1	52244864	52354609
5865	1	52363628	52466436
51060	1	52475803	52531843
112970	1	52487777	52509472
91408	1	52511857	52566388
9372	1	52597678	52822358
200014	1	52806265	52841877
4998	1	52828501	52880143
84950	1	52860219	52893992
23318	1	52878947	53028764
2882	1	53058043	53084723
348378	1	53088961	53143252
65260	1	53142014	53174038
79699	1	53182126	53303014
440590	1	53298183	53370247
55268	1	53351582	53402846
6342	1	53382901	53527289
127435	1	53517724	53561174
6512	1	53542855	53618304
1376	1	53652101	53689869
54987	1	53669771	53696289
4116	1	53682564	53714282
7804	1	53698036	53803821
63948	1	53915072	53943158
148979	1	53961904	54213748
55706	1	54221133	54314225
54432	1	54307392	54365487
1733	1	54349860	54386763
51668	1	54377234	54421975
115353	1	54401999	54443841
388633	1	54462971	54493859
9528	1	54487346	54529135
127428	1	54509274	54575416
200008	1	54594668	54628679
606495	1	54628009	54675746
51253	1	54655840	54701407
23648	1	54681104	54882068
26027	1	54997930	55110417
338094	1	55064850	55099200
374977	1	55097427	55185939
7268	1	55171495	55218330
25973	1	55212571	55240226
55001	1	55236752	55276941
163747	1	55261736	55317937
1718	1	55305300	55362921
199964	1	55436271	55467966
7809	1	55454617	55484465
255738	1	55495149	55540526
23358	1	55522032	55691039
8613	1	56950419	57055257
5563	1	57100990	57191008
199920	1	57174477	57295369
731	1	57310443	57393894
732	1	57384883	57443213
1600	1	57450453	58726211
115209	1	58871052	59022469
4070	1	59031095	59053166
114803	1	59110411	59175747
3725	1	59236463	59259785
55277	1	59752625	60238402
51361	1	60270458	60352050
1573	1	60348980	60402445
127795	1	60446066	60549442
4774	1	61532946	61938460
83941	1	62136718	62201095
10207	1	62198149	62639592
54596	1	62650474	62688000
163782	1	62691837	62795083
7398	1	62891975	62927475
85440	1	62910397	63164039
27329	1	63053158	63081976
84938	1	63239777	63340941
27022	1	63778730	63800797
29929	1	63823261	63914233
23421	1	63896441	63998944
84455	1	63979013	64061041
5236	1	64048947	64135916
4919	1	64229690	64657181
148581	1	64659135	64742969
57685	1	64926476	65168741
55225	1	65200778	65308915
3716	1	65288906	65442593
205	1	65603232	65707828
9829	1	65710133	65891552
54741	1	65876131	66117242
3953	1	65876335	66113176
5142	1	66248193	66850262
84251	1	66989066	67220768
200132	1	67207978	67254730
10022	1	67253424	67276942
79819	1	67268568	67400907
57708	1	67380578	67464302
23169	1	67455015	67530080
400757	1	67547859	67610654
149233	1	67594590	67735662
3595	1	67763047	67872583
26135	1	67863493	67906123
1647	1	68140860	68164021
55970	1	68157149	68309436
9077	1	68501645	68527314
79971	1	68554142	68708284
6121	1	68884507	68925642
55635	1	68929835	68972799
57554	1	70023230	70599171
55631	1	70600485	70681361
9295	1	70661365	70727703
81573	1	70714685	70830471
11147	1	70810493	70843706
1491	1	70866901	70915534
5733	1	71308036	71523497
9406	1	71518974	71556972
257194	1	71858625	72758533
127255	1	74481699	74673871
8790	1	74653896	74684533
100526835	1	74653896	75020116
51086	1	74691071	75020116
127254	1	75023795	75149422
1429	1	75161170	75209092
127253	1	75188836	75242361
431707	1	75584119	75637218
204962	1	75657816	76091698
34	1	76180043	76239355
5876	1	76241879	76270775
4438	1	76252556	76389581
127247	1	76374558	76408116
256435	1	76530389	77110311
81849	1	77323126	77543223
10026	1	77544666	77695132
26289	1	77737662	78035654
26009	1	78018160	78159119
23032	1	78151672	78235564
374986	1	78235309	78355225
91624	1	78344200	78422009
8880	1	78399740	78454839
11080	1	78434847	78493648
54810	1	78500646	78614129
5737	1	78946728	79016386
10964	1	79076067	79121830
10561	1	79105477	79139763
64123	1	79345449	79482495
23266	1	82256082	82468107
79739	1	84325057	84474850
5567	1	84533745	84714181
148418	1	84754049	84826481
58511	1	84854215	84890691
80135	1	84934920	84974033
2787	1	84954006	84982262
100505741	1	84961902	85032150
1486	1	85008804	85058039
117178	1	85099390	85166440
23566	1	85269086	85368896
255231	1	85381266	85472796
55283	1	85473765	85524585
126820	1	85517993	85608821
84144	1	85613356	85677292
148423	1	85705636	85735355
8915	1	85721459	85752604
23576	1	85774168	86054046
3491	1	86036444	86059650
54680	1	86105106	86184116
255631	1	86184916	86632121
57489	1	86802507	86872025
9635	1	86879769	86932241
1179	1	86924526	86975977
22802	1	87002759	87056437
51100	1	87160253	87223867
9403	1	87318128	87390107
9653	1	87370335	87585681
101927844	1	87668352	87727014
8543	1	87784151	87824606
5586	1	89139876	89311938
2959	1	89308321	89367301
56267	1	89391456	89468643
494115	1	89435139	89468643
2635	1	89462360	89498556
2633	1	89507987	89541043
2634	1	89561815	89601842
388646	1	89587434	89651723
115361	1	89636831	89674633
115362	1	89714633	89748544
163351	1	89819436	89863719
23507	1	89979933	90073420
84230	1	90088644	90195094
55144	1	90276573	90411991
284695	1	90450678	90504101
343472	1	91167579	91192794
84146	1	91370855	91497812
164045	1	91716323	91880426
8317	1	91956338	92001321
7049	1	92135900	92381559
676	1	92404928	92489985
253152	1	92485533	92539093
646817	1	92530093	92550968
284697	1	92535862	92623397
23285	1	92622609	92660280
388649	1	92673573	92721367
11146	1	92701955	92774566
79871	1	92754522	92863732
2672	1	92930318	92962433
7813	1	92964253	93267961
6125	1	93287594	93317481
388650	1	93288286	93437079
22823	1	93534792	93614638
50999	1	93605299	93656246
343099	1	93636038	93754769
1810	1	93801478	93838149
54874	1	93903688	94030218
8412	1	94017343	94322706
30836	1	94325014	94355474
2730	1	94342590	94385154
24	1	94448393	94596705
9411	1	94624463	94723251
5825	1	94873933	94994219
2152	1	94984732	95017413
126969	1	95275898	95370803
1266	1	95352507	95402735
199857	1	95438279	95548512
148534	1	95572894	95673163
100527978	1	95573479	95720511
25950	1	95689711	95722781
58155	1	97177161	97290605
1806	1	97533299	98396615
51375	1	99117236	99236056
163404	1	99345801	99480449
9890	1	99719848	99785140
54873	1	100101431	100170097
391059	1	100164206	100242186
178	1	100305633	100399579
23443	1	100425345	100502535
64645	1	100493670	100558933
163786	1	100539100	100608518
54482	1	100588669	100626054
127495	1	100604004	100653829
1629	1	100642478	100725409
8634	1	100721714	100768325
8556	1	100800598	100995833
54112	1	100993728	101017583
7412	1	101175196	101214601
2135	1	101327928	101371548
148867	1	101351632	101562821
51611	1	101445179	101501365
1901	1	101692305	101717076
118427	1	102258126	102472790
1301	1	103332023	103584052
55599	1	104058323	104107861
280	1	104085894	104132156
279	1	104149999	104178400
276	1	104183695	104217174
277	1	104220039	104253519
278	1	104277833	104311312
55170	1	107589267	107611916
22854	1	107672540	108034477
10451	1	108103782	108517545
29957	1	108667344	108752980
148545	1	108755902	108796720
653149	1	108982887	109023639
284611	1	109092653	109191949
113802	1	109180910	109214148
55119	1	109224932	109254425
163479	1	109245556	109295371
6814	1	109279285	109362148
254268	1	109348520	109410864
29899	1	109407972	109483044
23155	1	109462130	109516121
22911	1	109502835	109594860
6884	1	109596998	109628624
56900	1	109623403	109649554
127003	1	109638573	109666484
57535	1	109646585	109759403
6301	1	109746515	109790804
1952	1	109782641	109828378
84722	1	109812176	109835790
343263	1	109824987	109859663
6272	1	109842187	109950563
5686	1	109931653	109979108
284612	1	109999100	110034764
127002	1	110016533	110045426
284613	1	110026658	110053063
57463	1	110039446	110062336
83873	1	110072494	110098487
2773	1	110081186	110148465
2780	1	110135889	110165705
271	1	110152435	110184677
2948	1	110188698	110218123
2946	1	110200644	110236619
2944	1	110220418	110250828
2949	1	110244406	110270890
2947	1	110266554	110293660
79574	1	110282702	110316644
1435	1	110443233	110483616
10768	1	110517387	110576364
85369	1	110564199	110607263
257	1	110592997	110623322
164153	1	110645062	110666569
388662	1	110683132	110754824
3749	1	110743336	110786674
64783	1	110871945	110899303
9122	1	110895473	110943704
10542	1	110933875	110960546
84432	1	110983788	111009976
3744	1	111049839	111071797
3737	1	111126202	111184096
3738	1	111186182	111227655
963	1	111403821	111452558
55791	1	111479812	111516825
128338	1	111649954	111692838
10390	1	111672249	111737724
79961	1	111718591	111757160
1117	1	111760281	111796062
27159	1	111823474	111873188
128344	1	111857285	111905639
5016	1	111946937	111980399
79084	1	111972512	112001915
515	1	111981467	112014540
128346	1	112006474	112031134
140	1	112015970	112116602
5906	1	112152405	112266807
55924	1	112254686	112308419
11218	1	112288190	112320199
3752	1	112308444	112542147
643355	1	112522593	112551464
55917	1	112928800	113013786
7482	1	113000040	113073910
54879	1	113056140	113172040
829	1	113152075	113224241
4343	1	113207048	113253368
389	1	113233749	113260025
333926	1	113242616	113267950
284467	1	113251619	113279857
6566	1	113444469	113508975
9860	1	113605792	113677824
260425	1	113923087	114238545
10745	1	114229824	114312165
54665	1	114294454	114365070
26191	1	114346433	114424375
440603	1	114409436	114440230
10717	1	114427370	114457741
64858	1	114437915	114466708
204851	1	114461819	114530491
56944	1	114512030	114534875
148281	1	114621914	114706472
51592	1	114925399	115063781
10286	1	115100178	115134265
163259	1	115117155	115222732
270	1	115205719	115248239
4893	1	115237085	115269515
7812	1	115249534	115310671
80143	1	115302100	115333308
6847	1	115387455	115547991
7252	1	115562445	115586930
10100	1	115580632	115642121
4803	1	115818537	115890857
81839	1	116174574	116250845
845	1	116232624	116321426
4808	1	116368998	116393747
55356	1	116509119	116622675
126868	1	116644376	116687861
476	1	116904802	116958069
965	1	117047156	117123715
3321	1	117107020	117220377
388667	1	117226734	117259225
914	1	117287057	117321851
5738	1	117442689	117542972
9398	1	117534372	117589173
8458	1	117592910	117655492
80263	1	117643677	117674411
79679	1	117676209	117763582
10905	1	117900085	118078320
54855	1	118138604	118181011
54834	1	118396107	118482302
10885	1	118462372	118513049
200162	1	118486288	118737848
6913	1	119415666	119542179
10352	1	119563839	119693404
51179	1	119901399	119946753
3284	1	119947554	119975662
3283	1	120039826	120067681
90874	1	120152000	120200813
26227	1	120244419	120296849
3158	1	120280619	120321555
83998	1	120326641	120364203
343505	1	120367388	120397503
11085	1	120426156	120449147
4853	1	120444176	120649880
653820	1	120828959	120865681
100996318	1	120914756	120936189
2210	1	120916128	120945944
644591	1	143757144	143777881
728833	1	143886452	143923143
647135	1	143905897	144104426
728841	1	144159149	144234264
653505	1	144353462	144374246
400818	1	144801743	144840407
9659	1	144841424	145086186
388677	1	145166379	145296270
100132406	1	145283371	145378684
148738	1	145403191	145427545
10628	1	145428438	145452635
84265	1	145446236	145486081
284615	1	145460508	145485647
128077	1	145467059	145511670
9939	1	145497557	145523536
8799	1	145506165	145533732
8515	1	145514709	145553868
148741	1	145539209	145578526
10401	1	145565257	145596546
200035	1	145576491	145599435
10623	1	145582605	145620972
27246	1	145600990	145699005
11126	1	145685798	145725639
5174	1	145717662	145774207
653519	1	145754595	145837103
200030	1	146022542	146092633
5565	1	146616685	146654168
2330	1	146645884	146707390
9557	1	146704291	146777447
607	1	147003222	147108022
51205	1	147109168	147152634
2702	1	147218332	147263165
2703	1	147364946	147391396
51463	1	147390506	147475753
25832	1	147993031	148035865
645142	1	148191752	148212536
100288142	1	148240249	148357262
284565	1	148545986	148606267
730262	1	148634011	148654795
728945	1	148796015	148816799
645262	1	149295909	149324610
100996713	1	149359801	149390524
642441	1	149566569	149587490
199882	1	149684415	149711346
2209	1	149744232	149774074
440689	1	149744245	149793965
101927767	1	149754079	149775403
653604	1	149774780	149795236
8370	1	149794170	149816197
126961	1	149802259	149822765
8337	1	149803785	149824318
723790	1	149812628	149833161
333932	1	149814181	149834687
554313	1	149820749	149842776
8349	1	149846010	149868232
8338	1	149848525	149868961
317772	1	149849019	149869466
51027	1	149861110	149882348
9900	1	149864870	149899434
10262	1	149885209	149911449
10903	1	149890543	149918791
56957	1	149902229	149992686
11311	1	150029350	150127505
51177	1	150112170	150141825
81611	1	150180717	150218504
23632	1	150219554	150247478
51107	1	150227799	150251609
79630	1	150234687	150263335
148523	1	150244930	150269505
54460	1	150256262	150291414
9129	1	150283928	150335704
23248	1	150326624	150459042
80222	1	150449840	150490085
1893	1	150470487	150496265
54507	1	150511846	150543413
4170	1	150537027	150562214
2029	1	150584599	150612098
55204	1	150608701	150679672
84072	1	150660535	150703372
1520	1	150692672	150748433
1513	1	150758684	150790917
405	1	150772181	150859244
9869	1	150888815	150947389
29956	1	150927649	150957479
8416	1	150944499	150978114
55793	1	150959213	150990854
58497	1	150970867	151018189
149428	1	150999029	151030076
54964	1	151010259	151033896
56882	1	151013447	151042125
10962	1	151022151	151050973
126626	1	151032784	151101007
10500	1	151094161	151129146
79626	1	151119095	151142731
100534012	1	151119105	151152773
388695	1	151122224	151148424
79005	1	151128482	151152773
29765	1	151132463	151158547
6944	1	151138776	151172689
8394	1	151161021	151232007
5710	1	151217176	151249955
57592	1	151244094	151274381
5298	1	151254273	151310191
5993	1	151303116	151329785
8991	1	151326778	151355210
5692	1	151362041	151384412
23126	1	151365200	151455753
57530	1	151473331	151521168
7286	1	151502781	151566059
81609	1	151574454	151681559
11189	1	151662534	151699290
284485	1	151684013	151712082
65005	1	151722119	151746040
51686	1	151725445	151753806
11022	1	151732741	151773052
339398	1	151762765	151787882
6097	1	151768547	151814348
100191040	1	151800339	151823033
284486	1	151808220	151836173
117145	1	151833342	151892361
6281	1	151945386	151976714
6282	1	151994982	152019511
100131107	1	152042033	152063058
126637	1	152046620	152071540
7062	1	152068793	152097930
126638	1	152116071	152141704
388697	1	152174552	152206672
2312	1	152264651	152307679
388698	1	152311213	152342482
49860	1	152371719	152396750
254910	1	152473320	152494653
54544	1	152476978	152498481
353145	1	152528175	152549229
84648	1	152541860	152562980
353144	1	152563138	152583562
353143	1	152576287	152596574
353142	1	152585310	152605579
353141	1	152625887	152647135
353140	1	152637791	152659050
26239	1	152648599	152669877
353139	1	152660840	152681918
199834	1	152671523	152691910
100129271	1	152681998	152702905
448834	1	152720506	152744529
353137	1	152738848	152759445
353135	1	152748753	152770902
353134	1	152759227	152780657
353133	1	152767311	152789107
353132	1	152774447	152795585
353131	1	152789949	152810573
448835	1	152805330	152826459
4184	1	152840798	152867523
3713	1	152871039	152894362
163778	1	152933128	152955069
6698	1	152946564	152968290
6707	1	152964223	152986332
6699	1	152993679	153015376
6703	1	153002201	153023594
6700	1	153018596	153039988
6701	1	153032717	153054084
6704	1	153055611	153077001
6705	1	153074612	153095989
6706	1	153112058	153133427
149018	1	153165906	153187601
574414	1	153180060	153201793
4014	1	153222179	153244600
114771	1	153260338	153293194
57115	1	153292596	153331039
6280	1	153320330	153343503
6283	1	153336184	153358075
6279	1	153352508	153405054
338324	1	153379000	153405701
645922	1	153399471	153422503
6278	1	153420220	153446559
6277	1	153497076	153518717
6276	1	153499623	153525772
6275	1	153506095	153528282
6274	1	153509805	153531734
6273	1	153523584	153548306
140576	1	153569362	153595514
57402	1	153576731	153598808
6284	1	153581275	153616582
6271	1	153590873	153614513
26097	1	153596458	153628782
23557	1	153621130	153644328
3608	1	153624264	153653504
4881	1	153641093	153676468
65123	1	153690526	153756555
11000	1	153736830	153762633
57459	1	153767201	153905451
9909	1	153891977	153929162
200186	1	153910148	153941132
27173	1	153921575	153950660
148327	1	153930315	153956840
10899	1	153936745	153961096
5872	1	153944093	153968853
6232	1	153953239	153974631
91181	1	153955166	154137592
7170	1	154117780	154174611
388701	1	154161561	154188841
25912	1	154169183	154203273
9898	1	154182427	154253986
10456	1	154235039	154258351
89872	1	154283592	154307801
57198	1	154288036	154333780
3570	1	154367669	154451926
126669	1	154432118	154484786
126668	1	154464695	154530624
55585	1	154511051	154541138
1141	1	154530257	154562354
103	1	154544533	154610456
3782	1	154659938	154852754
10654	1	154887208	154919484
57326	1	154906553	154938624
90780	1	154919502	154944258
101928120	1	154924036	154945101
6464	1	154924774	154956959
1163	1	154937118	154961725
80308	1	154945770	154975587
55891	1	154956062	154976791
51043	1	154965106	155001001
127579	1	154981003	155016257
149095	1	154996256	155033406
8751	1	155013748	155045252
1945	1	155026213	155052029
1944	1	155041348	155070014
1942	1	155090349	155117386
55974	1	155097817	155121334
54344	1	155102367	155122996
200185	1	155131884	155161331
80128	1	155135702	155167447
4582	1	155148300	155172768
7059	1	155155379	155187772
4580	1	155168490	155193625
2629	1	155194239	155224653
10712	1	155206996	155235274
10067	1	155215770	155242176
1196	1	155222659	155253305
57657	1	155237218	155269639
5313	1	155249084	155288531
2224	1	155268539	155300457
284618	1	155280251	155303938
23623	1	155280640	155310909
55870	1	155295052	155542324
55154	1	155569961	155594758
55249	1	155619233	155668823
7818	1	155647693	155718801
54856	1	155709450	155839185
23208	1	155819260	155864990
6016	1	155857599	155891193
22889	1	155872834	155914209
339403	1	155901480	155922625
9181	1	155906431	155963396
6746	1	155968839	156000758
56893	1	155992945	156033613
28956	1	156014517	156038301
57111	1	156020966	156050295
92312	1	156031804	156061789
4000	1	156042369	156119880
64218	1	156107145	156157542
9673	1	156153728	156192587
11243	1	156172779	156219868
100527963	1	156172779	156223123
632	1	156201951	156223123
79957	1	156203112	156227908
23381	1	156209015	156262676
84283	1	156242704	156272234
112770	1	156252478	156275480
391104	1	156258415	156279428
7203	1	156268752	156318206
128229	1	156297105	156326786
57127	1	156328980	156365013
10485	1	156364048	156436441
4209	1	156423513	156480634
128239	1	156485197	156552396
164118	1	156539519	156566562
128240	1	156551554	156574091
54865	1	156554100	156581288
60484	1	156579085	156605517
63827	1	156601740	156639324
10763	1	156628555	156657189
1382	1	156659398	156685608
81875	1	156681687	156708577
51093	1	156688263	156716752
79590	1	156697094	156720923
3068	1	156701899	156732240
5546	1	156727274	156780609
9047	1	156766035	156796640
4914	1	156775542	156861642
3645	1	156800665	156838712
375033	1	156853496	156896226
149499	1	156880400	156912881
9826	1	156894632	157025512
440695	1	157051835	157079600
2117	1	157084459	157118383
83416	1	157473167	157532310
83417	1	157533539	157577870
115352	1	157636271	157680775
79368	1	157705523	157757119
115350	1	157754193	157799940
922	1	157786861	157821634
55243	1	157953063	158075846
912	1	158137828	158166217
909	1	158208119	158238059
911	1	158249563	158274564
910	1	158287740	158311321
913	1	158313486	158337343
128360	1	158358312	158379256
391107	1	158379718	158400656
391109	1	158425352	158446293
343406	1	158439668	158460675
391112	1	158506918	158527895
128366	1	158522441	158543394
128367	1	158538709	158559689
128368	1	158566229	158587170
6708	1	158570496	158666506
81448	1	158659468	158680442
391114	1	158676958	158697905
128371	1	158714606	158735637
128372	1	158725534	158746472
81442	1	158736472	158757425
4332	1	158791168	158829270
149628	1	158891337	158956849
3428	1	158969682	159034945
9447	1	159018790	159056685
57863	1	159131377	159182932
2532	1	159163803	159186290
2205	1	159243678	159288014
441911	1	159273460	159294449
26476	1	159399512	159420600
127385	1	159494868	159515797
325	1	159547616	159568661
1401	1	159672079	159694396
54935	1	159740730	159762333
343413	1	159760282	159796047
56833	1	159786440	159817282
284677	1	159794264	159835544
391123	1	159814106	159842447
25790	1	159832150	159879992
8407	1	159877897	159905332
57549	1	159886829	159925386
89886	1	159911282	159934044
93183	1	159987462	160011783
3766	1	159997257	160050051
3765	1	160041360	160069212
93185	1	160051129	160078650
477	1	160075520	160123381
480	1	160111352	160166767
844	1	160150285	160181676
8682	1	160165125	160195162
50717	1	160175505	160242350
5824	1	160236599	160264941
1314	1	160248377	160323354
23385	1	160303063	160338742
4807	1	160326861	160352638
57216	1	160360364	160408468
114836	1	160444820	160503052
8832	1	160500884	160559306
6504	1	160569891	160627081
962	1	160638536	160691641
57823	1	160698865	160734611
4063	1	160755864	160808045
51744	1	160789950	160842692
55600	1	160836330	160864960
142683	1	160904810	160934589
50848	1	160955001	161001133
100131187	1	160997418	161018887
7391	1	160999041	161025769
257106	1	161006731	161049760
81607	1	161030781	161069385
126823	1	161058151	161080138
5202	1	161060346	161097866
4817	1	161077862	161105235
9191	1	161080767	161113192
51506	1	161113534	161138646
27005	1	161119248	161145516
5498	1	161125832	161158136
8703	1	161131100	161157758
9507	1	161149538	161178845
4720	1	161157209	161194185
2207	1	161175087	161199038
336	1	161182083	161203418
84134	1	161185729	161210536
9970	1	161189456	161218432
654790	1	161218517	161265240
4359	1	161264525	161289762
6391	1	161274166	161344541
257177	1	161324521	161347673
2212	1	161465205	161499360
3310	1	161484036	161506687
2214	1	161501549	161530413
9103	1	161541129	161581010
2215	1	161582986	161611753
2213	1	161622905	161658444
84824	1	161666762	161694142
127943	1	161681598	161707933
11266	1	161709558	161736952
22926	1	161726034	161943860
25903	1	161942982	162004172
9722	1	162029581	162349813
284680	1	162333515	162357017
400793	1	162338696	162366608
117157	1	162355056	162391928
127933	1	162456964	162509419
6675	1	162521296	162580379
4921	1	162592228	162766409
51478	1	162750496	162792608
339512	1	162810766	162848605
5999	1	163028396	163056592
8490	1	163102089	163301581
83540	1	163281723	163335553
5087	1	164518597	164831067
4009	1	165161104	165335952
6258	1	165360159	165424592
440699	1	165503478	165543185
4259	1	165590110	165635373
223	1	165621449	165677900
54499	1	165683528	165748159
7371	1	165786732	165890855
149297	1	166016663	166145992
57645	1	166798681	166833709
117143	1	166815747	166855654
387597	1	166872441	166954576
84944	1	166948394	167001451
10223	1	167012082	167069868
92235	1	167053314	167108402
5451	1	167180066	167406582
919	1	167389877	167497847
8804	1	167500250	167533056
92241	1	167589474	167687933
9019	1	167681187	167771156
55811	1	167768357	167893608
25874	1	167875913	167916307
55827	1	167895797	168055081
23432	1	168038780	168116905
261726	1	168138171	168181352
375035	1	168185255	168222088
9095	1	168240278	168293664
6846	1	168500003	168523235
6375	1	168535711	168561315
1805	1	168654695	168708442
101928596	1	169063226	169084145
481	1	169065947	169111960
29922	1	169091258	169347186
8548	1	169327122	169375782
57821	1	169354108	169439907
10560	1	169423147	169465208
2153	1	169471192	169565769
6403	1	169548087	169609377
6402	1	169649806	169690843
6401	1	169681781	169713220
92342	1	169751670	169774088
55732	1	169753224	169832229
57147	1	169812215	169873100
22920	1	169880461	170053882
149281	1	170105188	170146923
92344	1	170491263	170532974
5396	1	170623313	170718541
80133	1	170894612	171043906
2328	1	171050018	171096961
2327	1	171144388	171191822
2326	1	171207610	171265113
2329	1	171273318	171321223
23215	1	171444652	171572650
4653	1	171594557	171631773
8674	1	171659296	171721379
51603	1	171740761	171776856
26052	1	171800618	172397606
92346	1	172379828	172447969
5279	1	172400597	172423230
51430	1	172491494	172590973
356	1	172618185	172646013
8995	1	173000360	173030103
7292	1	173142870	173186471
9588	1	173436486	173467946
284525	1	173459604	173582233
339416	1	173567475	173649001
730159	1	173594661	173616273
27252	1	173674063	173765960
91687	1	173758688	173804325
55157	1	173783719	173837682
84614	1	173827220	173866596
462	1	173862938	173896516
149041	1	173890352	173972210
9910	1	174118552	174974445
9293	1	174407212	174428683
27101	1	174958571	174991163
63931	1	174972094	175002591
63923	1	175026994	175127202
9674	1	175116123	175172229
7143	1	175281935	175722752
64326	1	175903967	176186386
60676	1	176422307	176824737
460	1	176816441	177144024
57795	1	177130058	177261558
89866	1	177882825	177949188
9462	1	178052864	178458649
400797	1	178453034	178478769
84066	1	178472212	178502635
55103	1	178684300	178900975
9068	1	178808670	178850215
9917	1	178984939	179055702
64222	1	179040415	179077158
27	1	179058462	179208819
6646	1	179252849	179337815
126859	1	179324855	179533870
7827	1	179509674	179555086
163589	1	179550748	179670407
148753	1	179686912	179795333
163590	1	179799102	179857867
26092	1	179841177	179899212
9857	1	179913908	180094015
5768	1	180113968	180179430
89884	1	180189433	180254188
84320	1	180247352	180482022
9213	1	180591146	180869415
57710	1	180872313	180930745
10228	1	180932164	181002074
3140	1	180992561	181041074
51278	1	181047638	181069979
777	1	181442447	181785920
127665	1	182013705	182040847
2752	1	182340839	182371341
127670	1	182357252	182379751
353299	1	182409256	182539732
6041	1	182532769	182568420
6004	1	182557758	182583548
85397	1	182603036	182663502
80896	1	182748584	182809519
1660	1	182798439	182867117
81626	1	182859000	182932553
3915	1	182982572	183124727
3918	1	183137952	183224262
23057	1	183207372	183397634
9887	1	183431506	183533328
4688	1	183514697	183570056
10092	1	183585328	183615076
23179	1	183595208	183907666
403314	1	183605410	183632448
23127	1	183888988	184016904
116461	1	184010811	184053346
81563	1	184346150	184608155
80267	1	184649625	184734041
116496	1	184750159	184953718
6045	1	185004482	185081740
81627	1	185077217	185136230
54823	1	185116155	185270913
10625	1	185255520	185296461
83872	1	185693683	186170085
10216	1	186255405	186293688
7175	1	186270784	186354883
54953	1	186334890	186400503
10896	1	186359704	186380587
5132	1	186402698	186440240
5743	1	186630944	186659559
5321	1	186788032	186968113
101929766	1	189225212	189314663
339479	1	190056792	190457534
64407	1	192117592	192164945
431704	1	192276122	192346415
5996	1	192534857	192559159
6003	1	192595268	192639441
5997	1	192768169	192791407
51377	1	192971496	193039237
6738	1	193018552	193070907
51022	1	193055595	193085659
79577	1	193081088	193233945
8707	1	193137860	193165743
343450	1	196184913	196587690
3075	1	196611008	196726634
10878	1	196733925	196773203
3078	1	196778861	196811319
10877	1	196847144	196897843
3080	1	196902888	196938356
81494	1	196936667	196988804
2165	1	196997877	197046568
259266	1	197043257	197125824
360023	1	197112814	197179672
23418	1	197160592	197457585
163486	1	197463878	197754623
388722	1	197861682	197886497
56956	1	197871635	197914606
140609	1	198116108	198301550
127124	1	198482352	198520075
5788	1	198598098	198736605
2494	1	199986730	200156552
23528	1	200364075	200389186
9928	1	200510625	200599862
83479	1	200599935	200649126
23271	1	200698686	200839832
2848	1	200832083	200853306
55765	1	200850627	200894864
23046	1	200928514	201002828
779	1	200998635	201091694
647219	1	201073081	201094500
252839	1	201093900	201150710
91156	1	201149952	201208080
5317	1	201242580	201312121
7139	1	201318136	201356836
3898	1	201339966	201378669
7135	1	201362895	201400874
23612	1	201424607	201448299
1465	1	201442658	201486387
89796	1	201498243	201806102
55705	1	201788288	201863422
149345	1	201847797	201871715
25802	1	201855584	201925716
10440	1	201914619	201949789
6051	1	201941766	201985275
1999	1	201969647	201996316
9283	1	202082029	202108634
127829	1	202092532	202123871
5778	1	202106141	202140716
59352	1	202153118	202298889
29089	1	202290785	202321094
4660	1	202307830	202567697
127833	1	202549724	202689551
10765	1	202686532	202787549
5877	1	202837410	202868385
59349	1	202850230	202907766
51094	1	202899960	202937700
51706	1	202921001	202946404
92703	1	202966520	203003976
8497	1	202985649	203057864
4656	1	203042257	203065166
134	1	203086833	203146533
4608	1	203126939	203154969
1116	1	203138059	203165978
1118	1	203175207	203208860
7832	1	203264664	203288730
2331	1	203299749	203330557
5549	1	203434883	203470480
26254	1	203453271	203488077
493	1	203585915	203723209
54900	1	203724284	203755500
9877	1	203754665	203833256
100381270	1	203756651	203779590
6635	1	203820740	203850280
9580	1	204032237	204106871
55224	1	204090190	204131307
5972	1	204113944	204145465
3814	1	204149469	204175619
127845	1	204157288	204193220
22874	1	204177979	204339057
84919	1	204359781	204390945
5287	1	204381756	204473943
4194	1	204475507	204606131
10446	1	204576298	204664597
23114	1	204787782	205001950
6900	1	205002340	205057173
388730	1	205042257	205063588
5929	1	205045270	205101150
25778	1	205101631	205190727
9911	1	205187038	205252471
81788	1	205261191	205300883
55220	1	205295193	205336218
93273	1	205340506	205401214
5129	1	205463684	205511921
148808	1	205528112	205582046
2005	1	205567071	205612971
85414	1	205616979	205659630
64710	1	205671947	205729372
8934	1	205727114	205754615
254428	1	205748221	205792887
148811	1	205787150	205829276
115019	1	205872176	205922588
729533	1	206128911	206165074
553	1	206214283	206241482
440712	1	206228872	206298236
1510	1	206307459	206342104
9641	1	206633586	206680223
83593	1	206670866	206772616
1939	1	206754974	206795904
8444	1	206798881	206833229
9261	1	206848295	206917630
3586	1	206930948	206955839
29949	1	206962215	207026326
50604	1	207028699	207052568
11009	1	207060630	207087484
9214	1	207066630	207105378
5284	1	207091867	207129814
83953	1	207121312	207153970
79098	1	207181866	207218555
5208	1	207197761	207264368
55432	1	207207194	207236325
725	1	207252210	207283338
722	1	207267583	207328317
1604	1	207484817	207544311
1380	1	207617645	207673240
1378	1	207659473	207825110
1379	1	207808458	207907036
4179	1	207915383	207978861
947	1	208049883	208094742
5362	1	208185587	208427665
642587	1	209592168	209615894
57172	1	209747045	209797284
3914	1	209778215	209835820
50486	1	209838670	209859735
3290	1	209849525	209918295
80342	1	209919393	209965668
148304	1	209945662	209967890
3664	1	209948968	209989520
27042	1	209991312	210040910
255928	1	210101519	210347636
56256	1	210396195	210430252
55733	1	210491596	210859638
3756	1	210841657	211317457
55758	1	211422708	211499727
7188	1	211489849	211558403
343035	1	211639864	211676259
7779	1	211738381	211762099
4751	1	211821598	211858972
9926	1	211906799	212058531
25896	1	212103741	212219002
51514	1	212198919	212288187
5525	1	212448879	212545205
55248	1	212527816	212598267
29937	1	212596229	212629721
467	1	212728676	212804119
149647	1	212787789	212810120
55509	1	212849759	212883327
25936	1	212889495	212975139
128387	1	212955170	213000167
149643	1	212993483	213030991
28982	1	213021597	213082705
79805	1	213113887	213174986
90806	1	213155524	213199168
26750	1	213214588	213456808
5629	1	214151278	214224853
56950	1	214444565	214520477
5784	1	214511640	214735024
1063	1	214766522	214847914
3776	1	215168885	215420436
51133	1	215730528	215805149
7399	1	215786236	216606738
2104	1	216666588	217321097
55105	1	217593834	217814426
128153	1	217794684	218050492
51018	1	218448629	218521325
7042	1	218508676	218627961
127018	1	219337192	219396207
55532	1	220077606	220111993
2058	1	220131940	220230000
10380	1	220220824	220273249
55699	1	220257455	220331383
25782	1	220311610	220455843
4139	1	220691568	220847799
79762	1	220853628	220882499
54996	1	220911325	220968157
64757	1	220950039	220997741
3142	1	221042743	221068401
11221	1	221864764	221926204
79802	1	222685602	222731444
9015	1	222720990	222773438
375056	1	222781444	222851351
64853	1	222831355	222896602
148362	1	222875906	222918529
400823	1	222900558	222936932
84976	1	222978342	223189337
7100	1	223272748	223326624
55061	1	223384161	223547564
164127	1	223556715	223578812
388743	1	223704972	223863436
824	1	223879295	223973720
7159	1	223957595	224043674
23219	1	224291789	224359749
8560	1	224360910	224391143
4931	1	224405036	224527891
29097	1	224534513	224577154
80232	1	224562845	224632001
101928291	1	224611806	224657598
149111	1	224724563	224938269
127602	1	225107356	225596996
3930	1	225579204	225626557
55740	1	225664534	225850845
6726	1	225955515	225988168
2052	1	225987797	226043264
9725	1	226023233	226080420
10637	1	226063982	226086846
29920	1	226097577	226122040
7044	1	226114298	226139083
163859	1	226160403	226197099
3020	1	226240408	226269703
64746	1	226322380	226384423
83881	1	226401325	226424756
286826	1	226408850	226507789
142	1	226538392	226605801
375057	1	226726501	226806915
3707	1	226809391	226937028
5664	1	227047885	227093804
56997	1	227074589	227185246
8476	1	227167566	227516193
339500	1	227741220	227875144
65094	1	227908890	227933284
116841	1	227912697	227978932
339501	1	227993418	228044171
7483	1	228099165	228145676
101060022	1	228146662	228169059
89780	1	228184723	228258972
100506571	1	228251610	228274258
375	1	228260361	228296913
79169	1	228278428	228303112
128308	1	228284380	228307037
2987	1	228317668	228346656
57165	1	228327415	228357527
200205	1	228343429	228379958
84033	1	228385740	228576577
101927401	1	228539180	228564500
81559	1	228571373	228604584
51127	1	228584858	228614583
8290	1	228602546	228623026
92815	1	228635065	228655560
128312	1	228635808	228656259
149603	1	228664277	228707598
100129094	1	228688060	228709699
58480	1	228770394	228892416
5867	1	229396809	229451641
10638	1	229430129	229451251
126731	1	229446752	229488688
58	1	229556992	229579858
55746	1	229567044	229654088
23456	1	229642329	229704442
27097	1	229718858	229771794
9816	1	229751981	229805946
2590	1	230192956	230427875
79605	1	230447392	230571674
22796	1	230768202	230839731
183	1	230828269	230860336
10753	1	230873089	230947749
84886	1	230962865	231015335
79573	1	231031987	231124618
64801	1	231104823	231146479
375061	1	231144704	231185995
440730	1	231288674	231367314
149373	1	231309845	231333373
128061	1	231349509	231386933
8443	1	231366919	231423719
149371	1	231458482	231483578
83932	1	231463682	231516297
54583	1	231489497	231570790
7257	1	231654399	231712270
27185	1	231752561	232187018
57568	1	232523711	232775907
54627	1	232930638	232956092
84284	1	233076277	233124548
80003	1	233109855	233441459
84451	1	233453514	233530894
3775	1	233739750	233818258
148641	1	234030679	234470262
388753	1	234498932	234529795
6894	1	234517059	234624863
359948	1	234730015	234755271
9804	1	235262656	235302256
23029	1	235284498	235334571
51742	1	235320210	235501532
9453	1	235481753	235517847
6905	1	235520728	235622280
148789	1	235600505	235677781
2786	1	235700985	235824054
1130	1	235814331	236057008
4811	1	236129130	236238481
7107	1	236295832	236425314
56605	1	236368422	236455339
128178	1	236547680	236658008
3964	1	236671514	236726281
55127	1	236702305	236777841
88	1	236839754	236937931
4548	1	236948581	237077281
645745	1	237157403	237177718
6262	1	237195510	238007288
57829	1	238031164	238064222
1131	1	239539876	240088750
56776	1	240245185	240648491
64388	1	240642873	240785462
6000	1	240928817	241530505
2271	1	241650857	241693085
8564	1	241685324	241768949
23596	1	241746452	241813701
1122	1	241782166	241809232
128025	1	241805580	241975435
9156	1	242001491	242063241
441925	1	242111069	242132364
440738	1	242148792	242174630
200150	1	242241689	242697998
9859	1	243277730	243429284
10806	1	243409307	243673393
10000	1	243641535	244024381
10472	1	244202241	244230778
200159	1	244505937	244562390
159	1	244561794	244625436
257044	1	244614673	244813664
51029	1	244806352	244882335
116228	1	244988608	245018359
3192	1	245003602	245037827
84288	1	245123171	245298530
55083	1	245308287	245876428
64754	1	245902642	246680644
64216	1	246693863	246739565
163882	1	246719639	246841884
51097	1	246877378	246941439
100130097	1	246924900	247013474
25909	1	246992400	247104726
57116	1	247098849	247181395
93474	1	247187940	247252115
79862	1	247253264	247277685
388759	1	247263462	247285719
7678	1	247275277	247345529
317705	1	247409374	247430447
84838	1	247450717	247505294
114548	1	247569247	247622410
127623	1	247604331	247625284
441932	1	247644370	247665711
148823	1	247660417	247750990
81472	1	247683434	247707141
81470	1	247741662	247762615
81469	1	247758888	247779817
25893	1	247793007	248053440
441933	1	247825420	247846343
343169	1	247865131	247886057
26188	1	247910764	247931708
284532	1	247968102	247989031
391189	1	247994230	248015198
343171	1	248048889	248069833
343172	1	248070963	248095258
284521	1	248090493	248274224
391190	1	248102160	248123098
391191	1	248118634	248139641
81466	1	248175250	248196188
26246	1	248191474	248212607
391192	1	248213984	248234922
127059	1	248298450	248319388
391194	1	248333288	248354331
127062	1	248356370	248377308
26245	1	248392231	248413166
391195	1	248426154	248447116
127064	1	248447918	248468880
391196	1	248476932	248497870
127066	1	248502077	248523015
127074	1	248514883	248535929
254879	1	248540910	248561836
26696	1	248559296	248580405
401992	1	248606099	248627073
343173	1	248626652	248647608
401993	1	248641890	248662837
391211	1	248674948	248695898
343563	1	248711845	248732792
127068	1	248727102	248748058
127069	1	248746131	248767069
127077	1	248779479	248800429
403244	1	248791588	248812559
403239	1	248803232	248824185
401994	1	248834580	248872258
646627	1	248892716	248913171
80851	1	249094645	249130154
79894	1	249122409	249153716
55657	1	249134203	249163315
267002	1	249190395	249225453
642273	2	28814	57042
26751	2	208136	274820
52	2	254869	288283
285016	2	269561	299002
101927262	2	280342	302920
100996637	2	485265	506631
129787	2	657793	687439
101060391	2	935320	957797
54221	2	936554	1381401
7173	2	1407233	1557445
7837	2	1625659	1758291
23040	2	1782885	2345147
7260	2	3182741	3391653
51112	2	3373446	3493342
55256	2	3491690	3533350
246243	2	3582675	3615957
6201	2	3612853	3638509
78989	2	3632422	3702234
55821	2	3695786	3760261
728597	2	3741188	3905001
6664	2	5822799	5851517
129607	2	6970684	7016766
91543	2	7007796	7048370
9781	2	7047523	7219011
3398	2	8812113	8834583
57498	2	8855295	8987755
129642	2	8986701	9153876
8853	2	9336894	9555812
9270	2	9535810	9573698
51692	2	9553666	9623239
285148	2	9604670	9638604
6868	2	9619392	9705917
10971	2	9714096	9781184
101926982	2	9779437	9815837
9014	2	9973571	10084545
29841	2	10081792	10152412
8462	2	10160776	10204963
192668	2	10186926	10230538
6241	2	10252695	10281546
348738	2	10271509	10361856
3241	2	10433015	10577743
4953	2	10570507	10598680
79954	2	10700892	10840113
245973	2	10851775	10935236
10130	2	10898889	10988103
3754	2	11042063	11064351
130813	2	11263179	11296916
130814	2	11285498	11329000
9475	2	11309894	11494711
1876	2	11574501	11616303
9687	2	11664242	11792914
23620	2	11788304	11820329
23175	2	11807705	11977535
28951	2	12846998	12892860
151354	2	14762810	14790170
51594	2	15297032	15711472
1653	2	15721745	15781235
4613	2	16070683	16097129
81553	2	16720727	16857134
729475	2	17681851	17711847
7447	2	17711807	17847706
79677	2	17835079	17945096
348654	2	17925152	17976632
343930	2	17987786	18008367
3790	2	18049105	18124225
57665	2	18725989	18751959
100526794	2	18725989	18780846
93034	2	18734137	18781359
130497	2	19541246	19568372
130502	2	20086514	20111747
57539	2	20100024	20199884
4148	2	20181813	20222455
9741	2	20222411	20261789
6382	2	20390558	20435194
23369	2	20438453	20560585
388	2	20636835	20659201
64342	2	20807564	20860867
151449	2	20856424	20881250
60526	2	20873788	21032890
338	2	21214301	21276945
114818	2	23598298	23941483
54454	2	23961534	24159978
165324	2	24140132	24233701
388931	2	24222953	24258698
80304	2	24242206	24280296
2281	2	24262584	24296551
51639	2	24280454	24309314
9540	2	24290303	24318085
375189	2	24327954	24356334
375190	2	24336350	24402507
653140	2	24387471	24433718
50618	2	24415733	24593647
8648	2	24704919	25003571
391356	2	25003136	25026251
79172	2	25006175	25055245
109	2	25032038	25152602
51277	2	25156505	25204963
22979	2	25254973	25392004
5443	2	25373722	25401559
1788	2	25441421	25575459
1838	2	25590067	25906516
55252	2	25952253	26111312
3797	2	26139455	26215443
10890	2	26246729	26370323
150946	2	26385960	26422532
3030	2	26403504	26477665
3032	2	26457616	26523333
165082	2	26521041	26579685
85465	2	26558954	26628759
92749	2	26614784	26689579
9381	2	26670071	26791566
339778	2	26775427	26812395
130106	2	26794073	26874211
3777	2	26905581	26964066
54978	2	26977131	27014099
1058	2	26998857	27033935
56896	2	27060969	27183219
22924	2	27183525	27260087
54867	2	27245774	27274565
60509	2	27264291	27303490
100128731	2	27283340	27304567
11117	2	27291435	27319271
3795	2	27299611	27333619
10669	2	27312159	27351995
84696	2	27336632	27363680
10113	2	27343624	27367542
339779	2	27349715	27372332
150921	2	27361835	27386402
8884	2	27412455	27445175
51374	2	27424899	27450046
790	2	27430258	27476660
7781	2	27467440	27511093
285126	2	27488289	27515214
57159	2	27495297	27540307
7349	2	27520265	27541130
4358	2	27522360	27555969
2976	2	27538716	27590243
8890	2	27577219	27603324
9784	2	27583363	27610400
130557	2	27590098	27613733
5496	2	27594066	27642550
29959	2	27641473	27675126
200634	2	27655233	27679348
26160	2	27657240	27722575
64838	2	27704750	27728126
2646	2	27709470	27756556
84226	2	27789389	27815589
84450	2	27795836	27856082
79635	2	27838408	27861898
11321	2	27841515	27883713
9913	2	27863679	27896707
22950	2	27876338	27927847
9553	2	27984584	28012608
64080	2	27994266	28123223
9577	2	28103482	28571768
2355	2	28605704	28647516
151056	2	28708938	28876654
5500	2	28964614	29035806
245711	2	29023462	29083476
55006	2	29062687	29103175
23160	2	29107533	29181080
165186	2	29194164	29285096
388939	2	29274556	29307127
79745	2	29310542	29416679
238	2	29405640	30154477
51646	2	30359750	30393399
81606	2	30444397	30492899
253558	2	30660102	30877091
92291	2	30935637	31040383
79623	2	31123331	31371592
440854	2	31385922	31466724
30845	2	31446880	31501260
7498	2	31547188	31647611
6716	2	31739656	31816040
51072	2	32082892	32246116
84661	2	32235856	32274890
6683	2	32278660	32392706
55676	2	32380910	32459181
58484	2	32439518	32500812
84272	2	32492958	32543074
57448	2	32571735	32853966
55622	2	32843087	33056118
4052	2	33162221	33634576
25780	2	33651416	33799798
25940	2	33798727	33834362
51232	2	36573370	36788278
9637	2	36769397	36835333
5212	2	36913833	37051937
6801	2	37054841	37203673
54497	2	37198153	37321485
253635	2	37301594	37336387
5610	2	37322281	37394190
391365	2	37384963	37433230
10153	2	37418772	37468740
55471	2	37448774	37486303
23683	2	37467645	37561915
25797	2	37561742	37610465
10602	2	37859025	37909678
151393	2	38142462	38304285
1545	2	38284746	38313323
64225	2	38512027	38614432
92906	2	38779120	38840178
130589	2	38883052	38971909
6432	2	38960741	38988636
79833	2	38995327	39019598
90957	2	39014871	39113021
729967	2	39093103	39119850
100271715	2	39136504	39212590
6654	2	39198690	39357686
344387	2	39395688	39481114
8491	2	39466407	39674453
130733	2	39882638	39955103
80745	2	39953200	40016416
6546	2	40329286	40749575
400950	2	42152508	42190943
91461	2	42265161	42295668
27436	2	42386490	42569688
9167	2	42567640	42606150
170850	2	42659157	42731237
57504	2	42711709	43021080
165140	2	42979639	43001401
23498	2	42984229	43029753
678	2	43439541	43463745
63892	2	43447975	43833185
130271	2	43854439	44005126
728819	2	43892292	43913461
51626	2	43991178	44065095
64240	2	44029611	44076039
64241	2	44056103	44115947
10128	2	44103363	44233144
5495	2	44385984	44481570
6519	2	44492597	44557963
9581	2	44534746	44599001
79823	2	44579043	45009731
6496	2	45159037	45183216
10736	2	45222324	45246580
55133	2	45605819	45848434
5581	2	45868454	46425129
2034	2	46514541	46623842
388946	2	46696704	46721564
90423	2	46728986	46779551
23433	2	46759867	46821827
5281	2	46798413	46854251
9419	2	46834325	46862881
9655	2	46916099	46999927
90411	2	47119009	47178994
57217	2	47158313	47313275
285051	2	47304130	47392517
805	2	47377221	47414229
4072	2	47586287	47624167
4436	2	47620206	47749716
56660	2	47737914	47807470
2956	2	48000221	48044092
80204	2	48024059	48143524
3344	2	48531783	48616434
129285	2	48657908	48752531
286749	2	48747064	49013656
11037	2	48747308	48835654
11036	2	48834937	49013645
3973	2	48903913	48992880
2492	2	49179296	49391666
9378	2	50135643	51269674
51130	2	53887117	54024146
100302652	2	53887430	54097170
494143	2	53984929	54012320
27248	2	54004068	54055956
10936	2	54070050	54097170
23198	2	54081204	54207977
98	2	54332410	54542437
388951	2	54470315	54493409
129852	2	54548006	54598714
6711	2	54673454	54908583
400954	2	54942149	55209157
57142	2	55189325	55317770
130162	2	55389683	55469699
6233	2	55449039	55472989
4528	2	55453756	55506384
55704	2	55504978	55657057
112942	2	55736740	55782216
57223	2	55764428	55854860
87178	2	55851198	55931045
2202	2	56083097	56161298
114800	2	56401258	56623309
7444	2	58263777	58397055
55120	2	58376378	58478515
53335	2	60668302	60790633
64895	2	60973365	61039221
5966	2	61098709	61181410
150962	2	61157548	61255365
5194	2	61234812	61289125
84542	2	61283005	61375169
339804	2	61362221	61401964
130872	2	61394553	61425240
9736	2	61404590	61707868
7514	2	61695069	61775440
84140	2	62041983	62091278
10575	2	62085262	62125806
150684	2	62105904	62373205
10678	2	62413262	62461866
200728	2	62717356	62743604
23301	2	62890986	63283622
5013	2	63267192	63294966
51057	2	63338518	63825867
4190	2	63805743	63844331
7360	2	64058084	64128696
51542	2	64109280	64256526
57162	2	64309786	64381605
29094	2	64671327	64698517
101927402	2	64739323	64761744
54812	2	64741439	64830139
9792	2	64848755	64988048
6509	2	65205579	65260999
23177	2	65273495	65324142
5861	2	65303988	65367435
10097	2	65444829	65508387
200734	2	65524580	65669733
4211	2	66652257	66809891
54465	2	67614442	67647540
10438	2	68259332	68300159
116143	2	68347281	68394692
56902	2	68375005	68413091
5534	2	68395979	68493392
25927	2	68501303	68557183
5341	2	68582322	68634585
554251	2	68679498	68704448
200558	2	68684691	68849361
10887	2	68860712	68893244
9938	2	68951913	69063965
27302	2	69082613	69108649
200504	2	69162364	69190102
56287	2	69191705	69218112
84168	2	69230276	69486459
2673	2	69536901	69624386
27247	2	69613245	69674760
22848	2	69675127	69911566
307	2	69937946	70063596
64395	2	70046818	70116727
11017	2	70111075	70142368
4084	2	70132173	70180077
151516	2	70177221	70199397
5093	2	70303972	70326335
54980	2	70367017	70428151
7072	2	70426576	70485886
51449	2	70475231	70518317
6637	2	70498510	70530869
84908	2	70513108	70539293
7039	2	70664412	70791147
119	2	70878334	71005375
344018	2	70994442	71027775
165530	2	71025775	71057732
50489	2	71047343	71072953
25806	2	71117720	71170576
525	2	71152998	71202561
79998	2	71195172	71222629
113419	2	71203068	71232001
55577	2	71285408	71315998
84693	2	71326806	71367394
10199	2	71347444	71387232
400961	2	71399868	71464233
27332	2	71493729	71672191
8291	2	71670347	71923895
56603	2	72346367	72384991
23233	2	72393113	73063177
6697	2	73104512	73129289
2016	2	73134604	73172020
94097	2	73159165	73308965
26056	2	73290510	73350146
344022	2	73419386	73448340
10322	2	73431366	73464355
84279	2	73445134	73470356
10574	2	73451364	73490150
150726	2	73471810	73506758
1961	2	73508057	73530829
7840	2	73602886	73847047
9027	2	73857850	73879537
51471	2	73917636	73938467
51002	2	73945744	73974765
8446	2	73979325	74017284
388960	2	74001316	74054274
10617	2	74046043	74110783
72	2	74110093	74156780
1716	2	74143953	74196088
200424	2	74202211	74345303
388962	2	74352528	74385039
55233	2	74371394	74416006
10797	2	74415690	74452425
57835	2	74431997	74580534
1639	2	74578281	74629214
388963	2	74631303	74654934
84058	2	74638863	74662882
6242	2	74642988	74679060
83444	2	74672150	74695087
23559	2	74674996	74698018
7841	2	74678184	74702537
116540	2	74689085	74709942
84865	2	74689959	74720357
64427	2	74700200	74731691
85474	2	74714644	74740443
84759	2	74722170	74745707
3196	2	74730686	74754275
165545	2	74735258	74763408
550	2	74743775	74767019
27429	2	74746532	74770683
84695	2	74749946	74791088
1796	2	74766147	74794678
130951	2	74775010	74885994
10505	2	74871355	74920981
3099	2	75049782	75130481
56655	2	75175775	75206859
6869	2	75263590	75436645
84141	2	75709444	75806848
9801	2	75863909	75899334
6936	2	75879831	75948482
80059	2	76964849	77759502
130120	2	79242812	79265630
5968	2	79302149	79325150
5967	2	79337584	79360545
5068	2	79374132	79396880
1496	2	79730060	80885993
347730	2	80505481	80541718
8802	2	84640647	84696586
1768	2	84733579	85056713
129293	2	85038774	85118369
9168	2	85122763	85143799
56888	2	85188231	85296595
83439	2	85350583	85547511
10618	2	85535141	85565419
54884	2	85559078	85591821
84173	2	85571843	85628875
822	2	85611871	85651197
284948	2	85650108	85674180
4144	2	85756101	85782403
2677	2	85761978	85798657
8673	2	85794614	85819156
10791	2	85801531	85830511
51255	2	85812391	85834831
129303	2	85815670	85839822
10713	2	85819965	85886407
388969	2	85822376	85849179
6439	2	85874440	85905864
10578	2	85911414	85935967
84913	2	85970909	86028506
8869	2	86056271	86126157
25885	2	86243451	86343278
55037	2	86323305	86379280
10989	2	86361055	86433264
51318	2	86416478	86450913
65055	2	86431116	86575206
55818	2	86658271	86729839
51652	2	86720553	86800620
100526767	2	86720553	86958245
7844	2	86820516	86861000
64795	2	86937414	87015164
925	2	87001728	87045519
926	2	87032460	87099047
400966	2	87130890	87251099
5343	2	87227587	87258969
730268	2	87990493	88057239
5342	2	88037606	88068995
729857	2	88046717	88135331
51315	2	88316724	88365315
150572	2	88357299	88422906
2168	2	88412501	88437650
55258	2	88459814	88496156
344167	2	88737726	88762053
200523	2	88814115	88839196
9451	2	88846259	88937094
22934	2	88981176	89060452
101060017	2	90402911	90424534
150483	2	95527188	95552568
4118	2	95681400	95729737
64969	2	95742952	95797754
84874	2	95803400	95835322
7549	2	95821165	95860065
150696	2	95929674	95976067
30818	2	95953072	96061825
51011	2	96058439	96092357
653192	2	96132715	96160479
129868	2	96247766	96275471
400986	2	96506914	96668068
150763	2	96677694	96711722
151	2	96768623	96792281
431705	2	96779589	96814175
1844	2	96798908	96821206
56910	2	96840597	96884573
55654	2	96905946	96941751
9391	2	96921884	96949917
23020	2	96930074	96981307
150771	2	96981062	97004091
23397	2	96991479	97052833
93082	2	97153383	97183846
10865	2	97192464	97228375
55683	2	97248892	97314116
90342	2	97298574	97380624
81562	2	97361666	97415813
26504	2	97416639	97487628
26505	2	97470950	97511121
200539	2	97478599	97519758
51239	2	97503722	97533756
54910	2	97515473	97546680
51252	2	97531619	97662337
151313	2	97739320	97770603
375248	2	97768923	97940258
57730	2	98099009	98216708
1329	2	98252521	98274657
10120	2	98262402	98290561
7535	2	98320031	98366990
23505	2	98362799	98622389
200403	2	98693595	98939410
1261	2	98952618	99025064
3631	2	99051321	99217496
493753	2	99205786	99234981
25972	2	99215032	99244978
11320	2	99225569	99357589
343990	2	99400309	99562684
80705	2	99603724	99781187
150590	2	99748185	99777950
51601	2	99761418	99789620
129531	2	99775726	99807524
51263	2	99787542	99826020
254773	2	99848709	99881570
129530	2	99890701	99931205
10190	2	99925487	99967155
9669	2	99943821	100026728
51455	2	100006938	100116480
3899	2	100152326	100769037
164832	2	100879753	100949195
9486	2	100998322	101044130
129521	2	101076944	101109742
79031	2	101169418	101203201
4862	2	101426613	101623289
6160	2	101608691	101646155
11138	2	101613690	101777858
55571	2	101859345	101896778
284996	2	101877681	101935178
200407	2	101954816	102013965
731220	2	102003823	102101165
9448	2	102304165	102521152
7850	2	102598306	102654885
3554	2	102676836	102806334
8808	2	102793433	102866462
9173	2	102917962	102978497
8809	2	102969093	103025230
8807	2	103025254	103079025
389015	2	103079173	103160433
6549	2	103226166	103337809
84804	2	103321089	103363341
130827	2	103368490	103460948
5455	2	105461969	105483471
64965	2	105644483	105726418
11250	2	105829595	105870085
9392	2	105855861	105956148
79074	2	105943714	105986514
2274	2	105967272	106065230
8440	2	106351520	106520730
84417	2	106672113	106704611
80146	2	106699759	106820795
402096	2	106951022	107001482
653489	2	107011136	107094801
84620	2	107408056	107513563
285190	2	108433388	108519000
60482	2	108592979	108640663
442038	2	108853651	108891807
6819	2	108895095	108936371
27233	2	108984413	109014296
9648	2	109055577	109135854
3987	2	109140811	109313702
5903	2	109325902	109412267
165055	2	109393208	109503047
10913	2	109500927	109615828
151011	2	110290372	110381783
65124	2	110361911	110386564
7851	2	110831447	110884143
4867	2	110870913	110972639
100288695	2	111184191	111240652
729540	2	111261379	111346309
699	2	111385275	111445684
55289	2	111480150	111885799
10018	2	111868491	111936022
101927260	2	111993803	112016256
64682	2	112515214	112651765
10461	2	112646056	112807293
84910	2	112802800	112886895
129804	2	112885962	112955793
84524	2	112963439	113022664
376940	2	113023178	113107640
727851	2	113115946	113201222
150465	2	113229743	113300223
84172	2	113288676	113344727
84269	2	113332023	113356617
6574	2	113393434	113431402
150468	2	113485444	113532254
3552	2	113521492	113552971
3553	2	113577337	113604356
27178	2	113660548	113686459
56300	2	113725596	113753249
27179	2	113753038	113776221
27177	2	113769668	113820444
26525	2	113806215	113832321
84639	2	113815547	113843427
3557	2	113858693	113901593
23550	2	113904976	113970677
7849	2	113963574	114046527
150472	2	114185268	114263781
200350	2	114246661	114268727
11159	2	114374814	114410975
80255	2	114461354	114524400
10096	2	114637511	114729131
57628	2	115189899	116613328
8886	2	118562255	118599953
54520	2	118663054	118781739
51141	2	118836033	118877604
2019	2	119589747	119615759
8685	2	119689745	119762236
165257	2	119903819	119926471
55240	2	119971384	120033228
130355	2	120049793	120134451
1622	2	120114504	120140122
140738	2	120177501	120206096
6344	2	120187419	120292028
200373	2	120292008	120424237
80775	2	120426743	120449694
101927764	2	120470782	120527323
5775	2	120507207	120752496
57669	2	120760604	120946697
79134	2	120965047	120990984
5899	2	120987646	121062287
3625	2	121093719	121119383
2736	2	121483441	121760229
29842	2	121964163	122052778
23332	2	122085352	122417052
84365	2	122474521	122504503
7247	2	122503121	122535429
129684	2	124772864	125682954
2995	2	127403426	127464251
274	2	127795599	127874903
339761	2	127931412	127987654
2071	2	128004866	128061752
10746	2	128046245	128110805
100506922	2	128125704	128156987
5624	2	128165996	128196822
55677	2	128228383	128294462
4648	2	128283378	128405303
55679	2	128385996	128449360
2840	2	128393439	128420213
84826	2	128448597	128471407
55339	2	128451808	128578761
5433	2	128593840	128625729
83607	2	128609204	128653635
79595	2	128688791	128795667
56886	2	128838754	128963251
9394	2	129013054	129086171
84084	2	130727235	130750311
728378	2	130821108	130896795
91409	2	130886856	130912707
55627	2	130898965	130950323
80097	2	130929248	130972365
112714	2	130939318	130966034
84317	2	131085814	131110383
92856	2	131090470	131114197
26469	2	131103580	131142982
653269	2	131210234	131276808
653275	2	131268667	131295565
55997	2	131339738	131367148
653781	2	131359106	131425610
344561	2	131476643	131497909
205147	2	131503077	131535707
50649	2	131584489	131814826
130074	2	131795449	131861033
55041	2	131852420	131917425
445582	2	131965924	132032944
150786	2	132108065	132131731
653784	2	132217298	132260312
113457	2	132223580	132250507
90557	2	132275248	132301239
29798	2	132469973	132534977
408029	2	132542534	132569234
101060825	2	132785056	132806320
646915	2	133054717	133086320
2863	2	133164147	133414169
116372	2	133392337	133439070
344148	2	133419361	134409118
4249	2	134867502	135222192
81615	2	135203330	135488219
130013	2	135585994	135669604
905	2	135666363	135726915
80122	2	135712076	135792301
22930	2	135799835	135938280
84083	2	135944539	136298806
23518	2	136279036	136492839
23190	2	136489189	136552633
3938	2	136535415	136604750
4175	2	136587196	136644047
1615	2	136654252	136753254
7852	2	136861919	136885725
80731	2	137629718	138445287
3176	2	138711808	138783934
339745	2	139249350	139340805
11249	2	139416727	139547811
53353	2	140978996	142899270
8942	2	143496497	143809885
55843	2	143876899	144535921
79712	2	144692502	145122578
9839	2	145131942	145287958
92	2	148592086	148698396
5000	2	148677966	148789173
55777	2	148768580	149281046
26122	2	149392560	149555136
130576	2	149884981	150081776
130574	2	150176499	150340662
27249	2	150416147	150454330
390	2	151314707	151354209
375287	2	152094728	152128389
9111	2	152116982	152156430
7130	2	152204106	152246562
55183	2	152256397	152343860
4703	2	152331853	152601001
26225	2	152647480	152695009
785	2	152679285	152965593
10254	2	152963315	153042506
114793	2	153181684	153516348
55660	2	153498107	153584628
151188	2	153564407	153627767
56475	2	154323852	154345322
114805	2	154718426	155320489
100144595	2	155282365	155323950
3760	2	155545093	155724864
4929	2	157170944	157199287
2820	2	157281965	157452915
11227	2	158104340	158177913
57471	2	158165125	158194146
9595	2	158261131	158310604
130399	2	158373279	158495399
90	2	158582958	158742374
151531	2	158723213	159002666
130940	2	159017869	159323297
8502	2	159303476	159547941
92196	2	159641829	159682506
85461	2	159815146	160099170
151525	2	160082304	160153304
29994	2	160165490	160483059
64844	2	160558980	160635084
9936	2	160615139	160665115
100526664	2	160615139	160771267
4065	2	160649866	160771267
22925	2	160778523	160929126
3694	2	160946182	161120349
5937	2	161118662	161360366
10010	2	161983438	162102687
10213	2	162154786	162278228
10716	2	162262620	162292381
57282	2	162470699	162851786
1803	2	162838751	162941052
2641	2	162989379	163018914
2191	2	163017194	163110045
64135	2	163113589	163185218
25801	2	163190583	163246525
90134	2	163217917	163705257
55137	2	164451447	164602618
2888	2	165339323	165488360
22837	2	165526695	165708678
151258	2	165744709	165822035
6328	2	165934030	166070577
6326	2	165976659	166258820
80034	2	166316157	166555917
2591	2	166594313	166660803
79809	2	166719872	166820348
6323	2	166835670	167015642
6335	2	167041695	167242497
6332	2	167250083	167353481
129446	2	167734997	168126263
8708	2	168336692	168737366
27347	2	168800530	169114105
253782	2	169302759	169641644
115677	2	169633049	169731849
57405	2	169717401	169757277
57818	2	169747750	169776510
8647	2	169769336	169897833
10170	2	169911299	169962677
4036	2	169973619	170229123
129880	2	170325967	170373165
10324	2	170356212	170392772
79675	2	170376259	170440431
9360	2	170430850	170507916
129881	2	170491935	170560931
493911	2	170540946	170568218
100526832	2	170540964	170618396
151230	2	170580356	170618396
6741	2	170645322	170678574
29081	2	170658267	170691439
130507	2	170674010	170950641
140469	2	171024655	171521674
389058	2	171561857	171584498
285141	2	171617528	171665481
2571	2	171663200	171727661
26003	2	171774948	171833645
9874	2	171837333	172097824
79828	2	172163912	172301312
80067	2	172280761	172351562
79901	2	172368757	172424643
1781	2	172533919	172616668
8604	2	172629915	172760816
8520	2	172768935	172858600
254042	2	172854804	172957158
1745	2	172940208	172964402
1746	2	172954166	172977478
3655	2	173281954	173381181
5163	2	173410101	173500351
11069	2	173590525	173927621
51776	2	173930440	174142737
83879	2	174209561	174243718
6670	2	174761187	174840430
100128905	2	174880014	174901886
29789	2	174927175	175123365
100131390	2	175189769	175215859
9541	2	175202878	175270443
79634	2	175250457	175304303
151556	2	175286299	175361816
7456	2	175414302	175557667
1134	2	175602320	175639200
1123	2	175654042	175880671
1386	2	175926978	176042934
518	2	176030986	176056490
80856	2	176780410	176877018
344191	2	176934835	176958690
3239	2	176947532	176970666
3238	2	176954530	176975488
3237	2	176961721	176986563
3236	2	176971492	176994670
3235	2	176977413	176999645
3234	2	176984422	177007423
3232	2	176991669	177053737
3233	2	177005122	177027951
3231	2	177043307	177065635
10651	2	177124123	177212753
220988	2	178066063	178098687
4780	2	178085031	178139859
8540	2	178247471	178418564
150737	2	178404880	178427524
92104	2	178469026	178493694
50940	2	178477977	178983066
129831	2	178967149	179004383
114880	2	179049208	179274160
8575	2	179286141	179325958
494513	2	179306163	179336149
51661	2	179318391	179353646
65977	2	179335199	179379783
7273	2	179380716	179682150
285025	2	179684484	179924841
91404	2	179956419	180139350
151126	2	180296709	180736232
57703	2	180799603	180882024
10477	2	181835112	181938154
3676	2	182311619	182412474
375298	2	182391399	182531834
4760	2	182530833	182555392
6744	2	182746472	182805465
151242	2	182808968	183006109
5136	2	182994762	183397572
54431	2	183570768	183654752
2487	2	183688002	183741498
10787	2	183779579	183913586
142679	2	183933287	183974736
129401	2	183972247	184036408
91752	2	185453093	185814214
401024	2	186593355	186708016
55854	2	187340885	187384088
3685	2	187444058	187555629
165215	2	187548789	187640686
151112	2	187682207	187723897
10203	2	188196690	188323021
7035	2	188318957	188429219
51454	2	189146396	189470653
116093	2	189588465	189664831
1281	2	189829099	189887472
1290	2	189886641	190054668
84128	2	190296159	190350287
30061	2	190415316	190458478
54529	2	190516125	190545557
150709	2	190529018	190635919
64172	2	190601386	190638020
94101	2	190624993	190659097
5378	2	190638710	190752355
84281	2	190734282	191078210
2660	2	190910426	190937455
26275	2	191059355	191194771
3628	2	191198196	191246391
54842	2	191263081	191377041
100131211	2	191361619	191409468
4664	2	191503621	191567492
2744	2	191735547	191840278
6772	2	191823762	191888976
6775	2	191884302	192047404
4430	2	192100107	192300115
64859	2	192532798	192563248
8436	2	192689031	192722006
23671	2	192760615	193069645
57181	2	196467798	196612426
56171	2	196592427	196943536
9262	2	196988307	197046336
57520	2	197053971	197468416
284992	2	197494278	197607530
9330	2	197617756	197674492
401027	2	197659139	197685000
80055	2	197687728	197801454
91526	2	197821741	198185521
23451	2	198246698	198309815
80219	2	198308231	198349851
3329	2	198341308	198374998
3336	2	198354721	198378187
100529241	2	198354721	198428423
25843	2	198370295	198428423
130132	2	198425524	198550774
92935	2	198560028	198583114
66037	2	198581603	198661036
5334	2	198659426	199024608
23314	2	200124223	200345989
205327	2	200765979	200802996
129450	2	200783634	200830459
79568	2	200810040	200838848
26010	2	201160604	201356986
130535	2	201343677	201384817
151246	2	201380865	201458818
316	2	201440731	201546218
9689	2	201666262	201698569
1195	2	201707732	201739467
53938	2	201725630	201764048
60491	2	201744050	201778655
4999	2	201764894	201838424
285172	2	201828441	201946392
4709	2	201926462	201960473
8837	2	201970877	202047411
843	2	202037621	202104129
841	2	202088166	202162434
130540	2	202143147	202232101
66008	2	202231930	202326319
55437	2	202306392	202369501
151254	2	202342144	202493905
65062	2	202474907	202518252
58538	2	202499597	202573467
57679	2	202554986	202655895
65061	2	202645177	202770273
8324	2	202889310	202913160
100652824	2	202927978	203071886
7341	2	203060903	203113322
51602	2	203120515	203178384
659	2	203231033	203442474
150864	2	203489901	203644480
130026	2	203627873	203746708
55759	2	203735323	203786949
79800	2	203766978	203861060
65065	2	203869597	204101101
57404	2	204093164	204180563
10152	2	204182597	204306892
65059	2	204288538	204410058
940	2	204561198	204613635
1493	2	204722511	204748683
29851	2	204791454	204836302
117583	2	205400516	206494886
8828	2	206537184	206672857
54891	2	206848445	206960906
4719	2	206977803	207034243
1933	2	207014318	207037653
2825	2	207030040	207092771
57683	2	207129523	207189162
8745	2	207298268	207495854
200726	2	207497142	207524173
391475	2	207506345	207593120
130752	2	207592487	207640268
22868	2	207620112	207670913
130749	2	207794278	207844198
8609	2	207928861	208041970
1385	2	208384616	208480284
151194	2	208463839	208500652
151195	2	208566264	208630898
7855	2	208617310	208644143
389072	2	208676012	208900284
1421	2	208976331	208999313
1420	2	208982861	209004554
1419	2	208997297	209020877
1418	2	209015464	209038366
389073	2	209020071	209064969
3417	2	209090951	209130478
200576	2	209120990	209233475
5746	2	209214569	209369231
4133	2	210278733	210608842
285175	2	210626717	210874024
6120	2	210857289	210899784
151050	2	210875435	211046068
33	2	211042632	211100215
4632	2	211144868	211189895
10314	2	211285973	211352347
1373	2	211332406	211553831
2066	2	212230442	213413879
22807	2	213854408	214026379
100130451	2	214131277	214158929
79582	2	214139103	215285225
402117	2	215266292	215450774
580	2	215580370	215684428
26154	2	215786266	216013151
471	2	216166679	216224496
2335	2	216215177	216310890
55686	2	216797314	216888346
55825	2	216893111	216956539
92691	2	216936589	216977506
7520	2	216962381	217081016
57574	2	217112585	217246750
50485	2	217267137	217357776
6168	2	217353520	217376190
3485	2	217488127	217539159
3488	2	217526828	217570272
7141	2	217714181	217734782
7145	2	218654512	218818796
285180	2	218889657	218965304
3579	2	218980013	219011976
3577	2	219017568	219041716
10109	2	219071817	219129071
151306	2	219115738	219138582
14	2	219118852	219144893
25953	2	219125115	219221516
64114	2	219128917	219167280
375307	2	219211579	219243003
6556	2	219236752	219271617
58190	2	219253061	219280664
7429	2	219273838	219324248
57695	2	219304974	219443084
9125	2	219423303	219471158
84812	2	219462488	219511909
7701	2	219492639	219534355
617	2	219514379	219538166
64320	2	219518587	219546781
27148	2	219526749	219577440
9654	2	219565558	219630139
1593	2	219636472	219690016
53632	2	219677083	219706526
7475	2	219714546	219748954
80326	2	219735255	219768651
8941	2	219814350	219836877
54738	2	219835809	219860379
1412	2	219844912	219868127
255101	2	219857568	219916273
3549	2	219909142	219935238
79840	2	219930046	220035587
151295	2	220016181	220045549
27013	2	220026619	220052885
79137	2	220032939	220060197
130617	2	220061506	220084373
10058	2	220064488	220093712
79065	2	220074102	220104387
55139	2	220084479	220111391
79411	2	220091331	220120155
8576	2	220100192	220125059
7277	2	220104433	220129330
3300	2	220134040	220161622
5798	2	220144345	220184295
389075	2	220182131	220207899
23549	2	220228180	220274730
1674	2	220273099	220301461
10290	2	220289552	220368354
100996693	2	220349098	220373004
29926	2	220353587	220381718
55515	2	220368892	220413494
79586	2	220393669	220418487
130612	2	220398385	220425317
23363	2	220405450	220446357
3623	2	220426954	220450435
114790	2	220452593	220491173
6508	2	220482292	220516702
2043	2	222272747	222447010
5077	2	223054606	223173715
151278	2	223152866	223179936
130367	2	223278771	223437342
10056	2	223426162	223530827
116255	2	223526457	223585005
2181	2	223715732	223818119
23704	2	223906648	223930355
7857	2	224451658	224477217
130340	2	224606403	224712319
57590	2	224730065	224820104
65080	2	224812121	224842431
5270	2	224829765	224914036
79843	2	225233415	225276711
8452	2	225324867	225460114
55619	2	225619807	225917330
57624	2	226254426	226528734
3667	2	227586033	227674545
84236	2	227690652	227873926
1286	2	227857427	228039275
1285	2	228019281	228189508
56947	2	228179867	228232552
79853	2	228216872	228254022
3267	2	228326853	228435938
56918	2	228464806	228508036
80704	2	228539926	228592814
6364	2	228668558	228692280
164781	2	228726325	228799131
80309	2	228834670	229056836
55022	2	229878689	230146057
92737	2	230212345	230589286
9320	2	230621098	230796763
130888	2	230777023	230887825
151473	2	230889690	230943715
3431	2	231023634	231100444
11262	2	231080445	231187930
93349	2	231181894	231278445
6672	2	231270871	231420317
51719	2	231567557	231695790
81618	2	231719546	231753963
9290	2	231762043	231799953
130560	2	231850839	231894572
257407	2	231892281	231924429
5707	2	231911578	232047541
3357	2	231962944	231999926
80210	2	232053294	232248606
93010	2	232250335	232275875
4691	2	232309459	232339208
10316	2	232377871	232405182
165100	2	232447575	232468994
5757	2	232563235	232588251
5147	2	232587147	232655974
64708	2	232636388	232683958
4880	2	232776805	232801038
129563	2	232816293	233218678
250	2	233233348	233257599
251	2	233261552	233285424
248	2	233310833	233335455
9427	2	233334537	233362532
646960	2	233375173	233400426
1144	2	233380870	233411375
1146	2	233394424	233421038
200765	2	233402779	233425226
9470	2	233404762	233458354
80303	2	233460767	233557491
26058	2	233552015	233735287
3769	2	233620512	233651275
389084	2	233723724	233751111
25791	2	233733396	233887951
4759	2	233887382	233909767
55054	2	234150217	234214320
6295	2	234206309	234265701
8527	2	234253149	234390744
55230	2	234374165	234485433
54576	2	234516291	234691946
54575	2	234535123	234691951
54600	2	234570544	234691951
54577	2	234580584	234691945
54578	2	234590321	234691951
54579	2	234611638	234691945
54657	2	234617438	234691945
54659	2	234627773	234691945
414061	2	234641396	234662661
54658	2	234658919	234691945
339766	2	234674325	234752069
55355	2	234735486	234773212
79054	2	234816043	234938166
6694	2	234949346	234995776
10123	2	235391685	235415721
23677	2	235850628	235974358
116987	2	236392733	237050444
2637	2	237064307	237086652
401036	2	237093515	237182988
79781	2	237222790	237426178
57007	2	237459424	237501001
10920	2	237983870	238017489
1293	2	238222655	238332850
79083	2	238385053	238473961
51052	2	238465217	238485818
64284	2	238472965	238509769
9208	2	238526224	238700290
375316	2	238697032	238761451
10267	2	238758187	238830756
140739	2	238865587	238961423
51540	2	238959565	239018054
339768	2	238998951	239051928
377007	2	239037310	239071547
151176	2	239050579	239087516
80895	2	239069043	239122343
55502	2	239136908	239158681
8864	2	239142679	239208678
26146	2	239219185	239319541
51665	2	239325382	239370891
100287387	2	239743187	239766320
9759	2	239959864	240333346
401040	2	240489995	240517788
101927147	2	240822058	240861838
4705	2	240886789	240974819
389090	2	240958382	240982324
643905	2	240971230	240992399
150681	2	240974494	240995489
150678	2	241055980	241085764
150677	2	241068446	241090073
2817	2	241365115	241417495
51281	2	241408839	241510472
285193	2	241489471	241513431
57140	2	241497952	241528149
11132	2	241516133	241548526
2859	2	241534825	241580676
653437	2	241605835	241632317
375318	2	241621262	241647900
547	2	241643181	241769725
189	2	241798162	241828536
79919	2	241815465	241846267
728763	2	241862287	241915525
25992	2	241928213	242048515
130916	2	242016509	242051747
23178	2	242035514	242099394
5510	2	242079012	242132439
50636	2	242117924	242174791
3069	2	242156682	242265116
101927509	2	242197191	242230114
4735	2	242244723	242303442
9855	2	242285664	242444256
10494	2	242424122	242459145
666	2	242488146	242523553
51078	2	242513820	242586753
23192	2	242566775	242623272
1841	2	242605157	242636383
84289	2	242631456	242678896
728294	2	242664030	242718231
64090	2	242706240	242753702
129807	2	242739920	242768742
5133	2	242782033	242811058
285093	2	242801886	242825482
285095	2	242826139	242854774
10752	3	228279	461100
27255	3	1124342	1455278
152330	3	2130550	3109645
3568	3	3098008	3162058
51095	3	3158600	3200919
51185	3	3181317	3231401
57633	3	3831121	3899708
6419	3	4334988	4368949
285362	3	4392829	4518966
3708	3	4525032	4899524
8553	3	5011097	5036866
55207	3	5153930	5232601
9695	3	5219359	5271650
2917	3	6892802	7793218
29995	3	8533493	8619811
51066	3	8651086	8796721
859	3	8765486	8798451
5021	3	8782094	8821300
56852	3	8908880	9015159
9901	3	9012275	9301369
25917	3	9394660	9438475
55209	3	9429384	9529838
375323	3	9530045	9605486
64419	3	9681117	9754078
151835	3	9735510	9781592
7862	3	9763413	9799699
4968	3	9781628	9839468
8536	3	9789029	9821676
10474	3	9811648	9844695
10093	3	9824082	9858789
100526693	3	9824232	9888040
26140	3	9841632	9888040
285367	3	9869533	9895702
63924	3	9898394	9931938
84522	3	9922271	9946033
132014	3	9934296	9968086
84818	3	9948758	9985305
78987	3	9965478	9997097
285368	3	9977226	10004078
55831	3	9995636	10039146
401052	3	10038102	10062779
2177	3	10058113	10153614
115795	3	10113004	10159975
55845	3	10147333	10178874
7428	3	10173319	10205354
3656	3	10196561	10295427
9797	3	10280177	10332906
51738	3	10317434	10344631
6396	3	10332613	10372872
491	3	10355707	10743131
6538	3	10847917	10990146
6529	3	11024420	11090935
3269	3	11168779	11314939
10533	3	11304010	11609139
9686	3	11587543	11772220
132001	3	11821916	11898393
101929530	3	11902358	11953081
6854	3	12172150	12243532
7079	3	12184568	12210851
5468	3	12319349	12485855
80746	3	12507748	12590672
100129480	3	12571280	12596963
23609	3	12588513	12635212
5894	3	12615100	12715700
55287	3	12765392	12811038
23066	3	12828171	12886313
6161	3	12866444	12893081
9922	3	12928542	13124652
23225	3	13347730	13471819
79885	3	13511671	13557924
2199	3	13563824	13689922
7476	3	13850082	13931618
131474	3	14143577	14176371
79188	3	14156440	14195180
7508	3	14176647	14230172
27258	3	14210228	14249869
6533	3	14434076	14540857
80852	3	14520396	14593588
51244	3	14683253	14724166
84077	3	14706606	14824543
152273	3	14842247	14986072
7182	3	14979091	15100780
64432	3	15073758	15116839
64145	3	15101580	15150662
23473	3	15237733	15304423
9467	3	15285860	15392901
131965	3	15412782	15479054
85403	3	15459064	15494120
8292	3	15481640	15573277
26061	3	15592239	15653359
686	3	15632864	15699147
23243	3	15698743	15911053
117248	3	16206086	16296033
285381	3	16288568	16316496
92106	3	16296667	16389000
23180	3	16347352	16565222
1618	3	16618299	16657006
23228	3	16964582	17142098
9779	3	17188654	17794240
339862	3	17994064	18320414
6304	3	18379133	18490265
131096	3	19179946	19587135
151651	3	19910964	19987820
5868	3	19978572	20036667
151649	3	20011453	20063765
8850	3	20071524	20205896
151648	3	20192085	20237724
79750	3	21449911	22424132
100505877	3	23226561	23256268
7325	3	23234498	23642296
7324	3	23837384	23943131
28512	3	23923552	23968537
6138	3	23948295	23975187
9975	3	23976751	24032109
7068	3	24148644	24546772
5915	3	25205638	25649423
7155	3	25629396	25716396
55768	3	25750435	25841530
54995	3	25821563	25846025
116135	3	26654300	26762267
152110	3	27247097	27420912
9497	3	27404212	27535911
8320	3	27747440	27774206
152100	3	28272838	28371264
64343	3	28353844	28400915
152098	3	28380372	28576633
100652807	3	28607222	28627981
27303	3	29312351	30061886
7048	3	30637994	30745634
339896	3	30757692	30946153
201595	3	31564130	31687556
114884	3	31692317	32033342
344787	3	32013266	32043228
23171	3	32138003	32220207
152189	3	32270171	32421817
112616	3	32423163	32506333
54918	3	32512804	32554403
51143	3	32557463	32622373
25904	3	32716637	32825367
131405	3	32849510	32943771
1233	3	32983066	33006403
2720	3	33028100	33148694
643853	3	33028219	33148689
10491	3	33145450	33199265
26032	3	33181537	33270707
25827	3	33308934	33455505
7342	3	33419828	33491897
23122	3	33527737	33769705
10015	3	33830063	33921199
10777	3	35670666	35845988
6769	3	36411842	36599499
85443	3	36743913	36791352
9881	3	36858308	36996548
9852	3	37017357	37044795
4292	3	37024841	37102337
9209	3	37084117	37227992
2803	3	37274682	37418370
339883	3	37416477	37486988
3680	3	37483813	37871281
10217	3	37893669	38035960
50853	3	38022217	38058676
5333	3	38038987	38081154
9940	3	38070497	38174228
30	3	38154201	38188733
4615	3	38169969	38194513
9943	3	38197022	38306979
9390	3	38297298	38330161
9389	3	38313785	38370064
9942	3	38378251	38466467
93	3	38485790	38544633
9941	3	38527763	38593721
6331	3	38579553	38701164
6336	3	38728837	38845501
11280	3	38877260	39005136
57599	3	39083477	39148155
64689	3	39128090	39159854
199223	3	39139152	39190394
64651	3	39173342	39206093
165904	3	39214706	39244112
1524	3	39294985	39333226
1237	3	39361197	39385171
54977	3	39414815	39448819
3921	3	39438204	39464033
4336	3	39499064	39580988
25924	3	39840405	40311812
10289	3	40341173	40363915
956	3	40418647	40480110
9045	3	40488783	40513863
285267	3	40508604	40541728
253639	3	40537450	40569712
285268	3	40556376	40591043
1499	3	41226401	41291939
54986	3	41278090	42066080
22906	3	42045294	42277382
885	3	42289315	42317662
131375	3	42428575	42462125
7433	3	42520791	42589065
9117	3	42579459	42652572
51188	3	42613332	42646490
4820	3	42632147	42700233
92999	3	42685176	42719072
131377	3	42717011	42743938
57467	3	42724155	42754319
152206	3	42739764	42824745
25994	3	42814400	42856027
1238	3	42840964	42918775
1582	3	42903684	42927633
389114	3	42937402	42970825
100506243	3	42967834	42994284
729085	3	43010759	43109207
84892	3	43110721	43157575
54861	3	43318004	43402635
55129	3	43397818	43673560
51099	3	43722375	43774217
375337	3	44273378	44383590
285343	3	44369574	44460940
353274	3	44471262	44529162
285346	3	44529924	44562222
55888	3	44586667	44634975
285349	3	44616456	44651186
10168	3	44656511	44699963
7584	3	44680108	44712283
101928592	3	44714574	44736283
91392	3	44744135	44775323
115560	3	44761098	44788575
57456	3	44780236	44813173
56992	3	44793209	44904748
131616	3	44893408	44917156
7047	3	44906098	44966093
51304	3	44946753	45027674
23016	3	45007741	45064160
7123	3	45057759	45087563
64866	3	45113766	45197914
25907	3	45255956	45277814
23395	3	45420053	45600334
8994	3	45626323	45732755
22908	3	45720754	45796901
54716	3	45786941	45848039
54585	3	45854808	45967216
10803	3	45917996	45954667
79443	3	45949391	46047316
10663	3	45974973	45999845
2829	3	46052291	46078979
1230	3	46233200	46259832
1232	3	46273872	46318197
729230	3	46385235	46412413
1234	3	46401633	46427697
9034	3	46438721	46464488
4057	3	46467496	46516598
83597	3	46529485	46552439
79442	3	46546875	46631589
6997	3	46606045	46633953
100132146	3	46643925	46678033
259173	3	46700485	46745194
259236	3	46732823	46762413
29122	3	46743606	46769373
100287362	3	46751073	46787921
377047	3	46773581	46800143
729756	3	46842688	46864048
339906	3	46861894	46885585
4634	3	46889357	46914973
5745	3	46909236	46955289
151903	3	46953220	47033500
23218	3	47011173	47061194
29072	3	47047898	47215467
64147	3	47259516	47334337
23276	3	47314116	47398306
25930	3	47412383	47464931
22937	3	47445184	47527603
54859	3	47527130	47565199
10675	3	47593728	47631730
6599	3	47617378	47833405
22907	3	47834399	47901686
4134	3	47882180	48140769
993	3	48188668	48240153
820	3	48254837	48276981
51385	3	48272596	48322480
10201	3	48325485	48353719
646424	3	48338336	48379831
285231	3	48403709	48446190
5364	3	48435261	48481460
79714	3	48463580	48491529
51372	3	48471686	48495537
84126	3	48478114	48519044
11277	3	48496919	48519044
51246	3	48499197	48552259
5210	3	48545117	48608607
90226	3	48589151	48611201
1294	3	48591506	48642593
7384	3	48626432	48657391
440955	3	48648275	48669189
65010	3	48653156	48682926
1951	3	48663896	48710348
51517	3	48690419	48733366
51447	3	48715436	48764711
5576	3	48774017	48895270
788	3	48884356	48946426
646450	3	48945221	48966818
10425	3	48946265	49032974
54681	3	49017304	49054582
11180	3	49034637	49063386
55152	3	49042832	49068504
25915	3	49047908	49070928
3615	3	49051758	49076875
54870	3	49057140	49141504
5859	3	49123365	49152562
10869	3	49135479	49168371
3913	3	49148547	49180599
64925	3	49189968	49213785
200942	3	49198987	49223919
646498	3	49205069	49239291
339834	3	49225861	49305636
375341	3	49296030	49324864
7375	3	49304577	49387536
2876	3	49384609	49405791
387	3	49386569	49459526
6988	3	49439639	49463909
275	3	49444211	49470111
84276	3	49449766	49476777
1605	3	49496136	49583051
8927	3	49581922	49718982
327	3	49701427	49730936
4485	3	49711380	49736196
63891	3	49716950	49768962
386724	3	49744267	49767238
29925	3	49748909	49771407
9807	3	49751728	49833973
389118	3	49818165	49847254
389119	3	49830687	49852463
7318	3	49832638	49861391
10293	3	49856028	49903992
79012	3	49885414	49917655
4486	3	49914435	49951311
84315	3	49936302	49977445
10180	3	49967474	50124685
10181	3	50116341	50166397
6405	3	50182562	50236508
2779	3	50219043	50245129
10991	3	50232692	50268406
2771	3	50254120	50306786
7869	3	50295040	50324573
132228	3	50306458	50335545
7866	3	50315163	50340648
8372	3	50320259	50346899
24142	3	50323833	50346852
3373	3	50327320	50359812
8692	3	50345221	50370281
11334	3	50352341	50375668
11186	3	50357217	50388367
51364	3	50368537	50393459
10641	3	50374918	50398486
11068	3	50378265	50401500
11070	3	50382180	50406939
9254	3	50390230	50550892
51161	3	50585456	50618458
51409	3	50596583	50632422
1154	3	50633885	50659262
7867	3	50639293	50696728
1795	3	50702672	51431629
7873	3	51412692	51436828
29890	3	51418699	51445339
9730	3	51423298	51544018
23132	3	51565596	51707634
51368	3	51695191	51748339
2912	3	51731081	51762629
440956	3	51802577	51823256
401067	3	51850899	51874874
389123	3	51885645	51907440
389124	3	51897737	51919600
132141	3	51918892	51947386
9136	3	51957442	51985957
10039	3	51966297	51992883
118442	3	51979330	52001520
57060	3	51981470	52011482
84836	3	51992526	52018646
25864	3	51997700	52025216
95	3	52007300	52033218
6159	3	52017644	52039958
1849	3	52072935	52100461
25886	3	52099249	52198720
211	3	52222099	52258343
54106	3	52245096	52270179
11344	3	52252626	52283183
132160	3	52269782	52294615
80335	3	52278438	52322659
132158	3	52311836	52339272
25981	3	52340335	52444513
8314	3	52425020	52454121
51533	3	52434577	52467657
56920	3	52457268	52489112
7134	3	52475107	52498057
11188	3	52479524	52537088
23166	3	52519354	52568512
64943	3	52548385	52579093
440957	3	52560002	52584586
55193	3	52569368	52729866
26354	3	52709936	52738513
55830	3	52718500	52750099
28972	3	52729792	52752198
6787	3	52734796	52814965
3697	3	52801602	52836084
3699	3	52818784	52853025
3700	3	52837006	52874717
389125	3	52857131	52879235
100526772	3	52857131	52941597
375346	3	52860772	52941597
51460	3	52923221	53090089
91869	3	53112499	53174480
5580	3	53185223	53236733
7086	3	53248723	53300130
55802	3	53307443	53391654
776	3	53519076	53857179
55349	3	53840324	53890420
55540	3	53870577	53909827
93973	3	53888959	53926229
58515	3	53909226	53935989
55799	3	54146620	55118584
57408	3	54942264	55011115
7474	3	55489743	55531670
26059	3	55532336	56512391
285331	3	56581184	56665864
23272	3	56644160	56727270
50650	3	56751446	57123336
353324	3	57084469	57119460
54756	3	57114010	57214345
8820	3	57221866	57271656
26060	3	57251765	57317499
142686	3	57292379	57336753
201625	3	57317727	57540071
201626	3	57531882	57650704
378	3	57547090	57593215
201627	3	57601181	57688816
7871	3	57731948	57925597
2317	3	57984127	58167982
1776	3	58168353	58206730
57406	3	58213233	58290463
11102	3	58281972	58315920
54899	3	58308617	58421815
5162	3	58403357	58429579
200845	3	58467823	58498087
8309	3	58480863	58532929
11170	3	58539841	58623337
131177	3	58609670	58662575
200844	3	58710199	59045804
2272	3	59725036	61247133
5793	3	61537243	62290573
57415	3	62294648	62331888
55079	3	62345347	62369190
8618	3	62374021	62871064
132204	3	63253914	63612597
132203	3	63628344	63660893
80145	3	63809546	63859597
6314	3	63839785	63999240
9861	3	63986225	64019686
166336	3	64069526	64263859
56999	3	64491330	64683676
9223	3	65329200	66034511
26018	3	66419221	66561446
84541	3	67038727	67071634
8801	3	67400884	67715038
407738	3	68030734	68604772
151647	3	68770915	68991761
285203	3	69014363	69073112
7110	3	69058978	69111484
9039	3	69093881	69139524
10550	3	69124090	69165239
56203	3	69146039	69181746
23150	3	69209146	69445430
4286	3	69778586	70027488
27086	3	70993865	71643140
317649	3	71718440	71813924
2850	3	71793201	71814328
60675	3	71810806	71844357
23429	3	72413744	72505774
55164	3	72788426	72907631
727936	3	72927385	73034525
151987	3	73035985	73128349
55096	3	73100810	73122488
23024	3	73421582	73684072
5067	3	74301719	74673587
100288801	3	75703487	75726368
100131827	3	75775868	75844709
6092	3	75945845	77709115
6091	3	78636388	79827059
2632	3	81528850	81820950
253559	3	84998133	86133579
389136	3	86977123	87050412
25978	3	87266413	87314698
5449	3	87298783	87335737
3355	3	87831929	88053964
8545	3	88091100	88209016
55279	3	88098394	88203814
285237	3	88188875	88217115
100506944	3	88377565	88526299
2042	3	89146674	89541284
5627	3	93581881	93702934
200894	3	93688983	93784522
415117	3	93723078	93757460
200895	3	93766766	93792233
63899	3	93771855	93855630
285220	3	96523425	97477786
84100	3	97473365	97530086
131544	3	97530537	97673830
84864	3	97650661	97701295
200959	3	97695527	97764148
81050	3	97796017	97816946
26341	3	97841542	97862483
403273	3	97858230	97879162
403274	3	97877544	97898485
79295	3	97973129	97994106
79310	3	97991732	98012676
403278	3	98062698	98083663
403277	3	98099510	98120475
26339	3	98178421	98199372
402135	3	98206525	98227475
56650	3	98209628	98251910
2838	3	98240743	98261994
1371	3	98286677	98322470
10402	3	98441080	98524689
131566	3	98504814	98630566
1295	3	99347440	99528061
84319	3	99526678	99907476
11259	3	99541988	99843349
55773	3	99969661	100054096
56954	3	100043483	100085844
9868	3	100072303	100130242
348801	3	100110037	100185170
55076	3	100201463	100306297
84873	3	100318433	100424323
10342	3	100418128	100477811
25890	3	100458179	100722336
50939	3	100931390	101049419
57337	3	101033049	101242085
54931	3	101270680	101295290
57092	3	101282997	101323281
27107	3	101358283	101405988
6152	3	101389934	101415564
79598	3	101433436	101499404
91775	3	101488029	101557075
64332	3	101536834	101589869
131368	3	101918816	102208685
214	3	105075557	105305757
868	3	105364306	105599354
84692	3	107086188	107107481
56987	3	107231783	107540176
961	3	107751941	107819935
55081	3	107869659	107951417
11148	3	108005353	108107132
22989	3	108089216	108258169
57650	3	108258716	108318491
9666	3	108298337	108423693
84666	3	108464486	108486130
50852	3	108531631	108583714
9626	3	108616491	108682742
27136	3	108666814	108846993
151871	3	109002635	109045364
55211	3	109034988	109066419
25945	3	110780606	110923017
10225	3	111250926	111394843
79413	3	111301747	111324182
257068	3	111383523	111575294
90102	3	111441327	111705364
55347	3	111687723	111722215
29114	3	111707586	111742735
344805	3	111748465	111810116
79669	3	111795175	111847073
257144	3	111829688	111862453
285335	3	111849752	112023105
4345	3	112041194	112091659
151888	3	112172813	112228438
64422	3	112241354	112290810
55032	3	112270857	112313286
151887	3	112313407	112369977
344807	3	112524556	112574797
131450	3	112631532	112703950
29083	3	112699323	112730221
25871	3	112711291	112748555
91653	3	112919850	113016306
55779	3	112995777	113170986
152185	3	113151565	113244034
54847	3	113241218	113358422
205717	3	113357232	113425493
80218	3	113425307	113475120
523	3	113455866	113540905
54762	3	113547671	113676021
254887	3	113656748	113715706
57577	3	113672984	113785460
79691	3	113765582	113817269
1814	3	113837499	113928254
7634	3	113943370	113966425
201633	3	114002833	114039135
26137	3	114023348	114876132
2596	3	115332151	115450334
4045	3	115511210	116174385
152404	3	118609477	118874915
152405	3	118854997	118889674
7348	3	118882425	118934000
8702	3	118920589	118969754
57514	3	119003220	119148323
55254	3	119137807	119192529
56983	3	119177785	119223555
51300	3	119207324	119253128
941	3	119233140	119288481
141	3	119288280	119318792
51365	3	119306695	119358658
64091	3	119350899	119389437
10063	3	119378372	119406243
89876	3	119411869	119495949
8856	3	119489331	119562295
2932	3	119530800	119823264
165829	3	119874328	120013921
116064	3	120033576	120078186
11167	3	120103061	120179918
4710	3	120305128	120331258
3081	3	120337015	120411418
285282	3	120395528	120471384
2960	3	120451558	120512216
9515	3	120617050	121153608
10721	3	121140273	121274853
503582	3	121271269	121319469
51725	3	121302170	121359139
3059	3	121340246	121389791
2804	3	121372046	121478662
9657	3	121478608	121563926
55840	3	121544030	121615373
6565	3	121603171	121673034
286676	3	121696170	121751127
942	3	121764209	121849990
846	3	121892530	122015350
1475	3	122034011	122070816
131076	3	122068436	122112074
26355	3	122093023	122138961
54554	3	122120700	122144882
3836	3	122130748	122243786
83666	3	122236757	122293523
151636	3	122273085	122304050
165631	3	122286435	122367894
54625	3	122389672	122459687
79663	3	122448844	122522666
84925	3	122503901	122609986
54437	3	122618040	122757452
10954	3	122775856	122890953
26984	3	122910774	123002983
111	3	122991143	123177924
201562	3	123203363	123313924
4638	3	123321143	123613149
64770	3	123606152	123690255
54763	3	123677862	123721017
8997	3	123803558	124450036
7372	3	124439213	124478120
3693	3	124470795	124616500
56667	3	124614289	124663595
57493	3	124674554	124784802
84561	3	124791480	124941609
7707	3	124934513	125104198
8723	3	125155488	125249058
114885	3	125237702	125324381
200810	3	125637459	125719383
152015	3	125677987	125712297
54946	3	125715200	125830398
10840	3	125812404	125910029
28999	3	126051478	126086236
348807	3	126103751	126165399
79364	3	126146444	126204773
131669	3	126190008	126246616
166012	3	126233131	126272134
152065	3	126235842	126287808
645840	3	126280622	126337398
114112	3	126315895	126385056
84303	3	126413063	126689263
5361	3	126697437	126766235
285311	3	126901974	126927028
131601	3	127281907	127319602
4171	3	127307200	127351279
50512	3	127338002	127401653
80325	3	127381781	127409769
11343	3	127397905	127552093
166348	3	127624075	127716514
29927	3	127760402	127800526
8607	3	127789800	127882752
60678	3	127862302	128137489
165721	3	128171275	128196091
2624	3	128188265	128222030
6184	3	128328813	128379719
7879	3	128434975	128543641
28976	3	128588333	128641957
100132731	3	128619002	128674843
57501	3	128679779	128729915
79825	3	128710131	128769585
2815	3	128765459	128791254
339122	3	128796412	128850993
100534599	3	128796412	128890073
57461	3	128836259	128890409
7555	3	128876658	128912810
22820	3	128958453	129006616
56941	3	128987680	129035029
8971	3	129023614	129045120
90288	3	129110164	129157494
8930	3	129139787	129169022
55764	3	129148671	129249350
6010	3	129237482	129264187
132243	3	129252057	129280310
23129	3	129264056	129335582
23023	3	129356635	129622419
7200	3	129683236	129706781
644974	3	129790674	129827233
256076	3	130054359	130213690
131873	3	130226198	130405890
30849	3	130387778	130475696
27032	3	130559327	130745556
28990	3	130722721	130755698
79858	3	130735694	131079309
131870	3	131090515	131117674
11222	3	131171045	131231860
131034	3	131242413	131769152
55	3	132026211	132097146
23317	3	132126361	132267876
84129	3	132266982	132388975
51554	3	132306081	132331488
79876	3	132363290	132407467
27031	3	132389453	132451303
66000	3	132747171	133126619
8419	3	133108790	133204056
55573	3	133282434	133319118
11073	3	133309449	133390762
7018	3	133454977	133507850
58477	3	133492877	133550336
51560	3	133533079	133624691
80111	3	133636989	133658656
6578	3	133641540	133758920
6259	3	133865978	133979586
51421	3	134064187	134104321
25847	3	134186546	134214865
80254	3	134194575	134303855
339855	3	134308765	134380522
2047	3	134504099	134989309
5523	3	135674515	135876752
55167	3	135857760	135925522
5096	3	135959167	136066737
10274	3	136045077	136481245
80723	3	136527861	136584734
4690	3	136571050	136680446
53833	3	136666707	136739927
8403	3	137473134	137495176
51208	3	137707658	137762494
199221	3	137770827	137844451
51146	3	137832560	137861229
51163	3	137869830	137903791
25852	3	137896115	138027231
347736	3	137970279	138059018
22808	3	138056490	138134377
83850	3	138143415	138207910
80321	3	138203186	138323187
55179	3	138317542	138362218
5291	3	138361540	138563780
668	3	138653066	138675982
401089	3	138656076	138682830
729627	3	138712804	138735110
389151	3	138727873	138749768
389152	3	138750944	138773734
56945	3	139052861	139085888
9276	3	139066433	139118522
5948	3	139161726	139209662
5947	3	139226276	139268671
349565	3	139269022	139406885
64084	3	139644027	140296919
287015	3	140386866	140429992
55186	3	140650662	140708785
92369	3	140760743	140877453
92370	3	140940682	141023486
253461	3	141033055	141178634
5922	3	141195891	141344186
646730	3	141371934	141436234
9616	3	141447051	141475645
131890	3	141487043	141545892
483	3	141585424	141655382
7029	3	141653270	141878386
256356	3	141866369	141954449
54464	3	142015449	142176904
545	3	142158077	142307668
5357	3	142305229	142442506
7220	3	142433266	142536730
26577	3	142526702	142618045
344838	3	142670073	142692818
23350	3	142710366	142789567
9435	3	142828618	142852856
285195	3	142974063	143577373
205428	3	143680640	143721210
5352	3	145777225	145889282
57088	3	145900122	145978966
57047	3	146099150	146223778
5359	3	146222967	146272628
389158	3	146284342	146334003
84107	3	147093835	147134596
7545	3	147117181	147144506
185	3	148405658	148470790
1360	3	148498917	148587979
1359	3	148573043	148624874
2992	3	148699195	148755456
6596	3	148737904	148814341
84343	3	148837371	148901305
1356	3	148870197	148949832
116441	3	149026285	149061548
4071	3	149076805	149105647
7104	3	149182368	149231181
25937	3	149225022	149431060
51122	3	149446257	149480287
389161	3	149468887	149520610
11342	3	149520475	149689926
5217	3	149672691	149698741
653659	3	149689448	149711153
9819	3	150116101	150187906
27230	3	150249780	150274428
83939	3	150254465	150313803
51714	3	150311066	150358234
131831	3	150367672	150431786
6478	3	150448910	150491263
7401	3	150633950	150700786
116931	3	150793452	151164465
29909	3	150905537	150930997
9934	3	150919905	151006996
53836	3	151001874	151044636
53829	3	151034096	151057337
64805	3	151044631	151112600
285313	3	151143778	151189272
344752	3	151441704	151485556
13	3	151521769	151556276
56670	3	151581431	151609876
4154	3	151952120	152193569
645843	3	152047487	152068779
5028	3	152542736	152565845
5912	3	152870001	152898413
152118	3	153192284	153230486
26084	3	153828792	153985616
170506	3	153983452	154052286
344758	3	154045461	154157504
4311	3	154787436	154911518
23007	3	155187670	155472878
285315	3	155470401	155534076
9197	3	155534300	155582248
8833	3	155578325	155667150
7881	3	155828337	156266927
6747	3	156247929	156282973
25976	3	156382205	156434559
389170	3	156533069	156773918
57018	3	156854291	156888482
79674	3	156967531	157231415
5806	3	157144580	157171417
152078	3	157251133	157405531
6474	3	157803800	157833952
51319	3	157813690	158272624
4291	3	158278953	158334249
85476	3	158352286	158420361
56925	3	158374203	158400482
5918	3	158404892	158460642
100287290	3	158448178	158487966
64747	3	158509051	158557508
654502	3	158777041	158994096
100505385	3	158777041	159625155
29970	3	158981036	159625155
3592	3	159696623	159723806
401097	3	159933423	159956000
57560	3	159964774	160128028
10051	3	160107078	160162755
286827	3	160143291	160177626
3840	3	160202783	160293376
80117	3	160384948	160406236
151742	3	160463996	160798817
8706	3	160791671	160833160
51068	3	160929050	160980082
165679	3	161052580	161100662
131149	3	161137389	161231740
6476	3	164686686	164806283
22865	3	164892010	164924469
590	3	165480692	165565260
79740	3	166948075	167108193
5276	3	167149577	167206732
151790	3	167186289	167381747
11235	3	167391692	167462693
5274	3	167443432	167553357
27333	3	167716457	167823712
2122	3	168791287	169391563
84517	3	169474709	169497683
55892	3	169480619	169517504
151827	3	169501216	169540574
344657	3	169520658	169565561
79782	3	169547029	169597723
344658	3	169619360	169666963
7095	3	169674580	169726161
26996	3	169745735	169813184
80012	3	169795368	169909537
5584	3	169930220	170033770
6498	3	170065473	170124637
5010	3	170126653	170162479
57709	3	170167342	170313863
200916	3	170572664	170598045
56648	3	170596204	170636426
6514	3	170704137	170754768
23043	3	170770292	171188197
5337	3	171308195	171538284
389177	3	171551139	171587108
64778	3	171747418	172128493
2693	3	172151081	172176246
8743	3	172213298	172251297
57552	3	172338435	172439207
1894	3	172458425	172549264
83893	3	172597147	172869058
22871	3	173105570	174014434
254827	3	174567095	175533428
79718	3	176728542	176925048
10242	3	178244086	178572217
64393	3	178725011	178800067
5290	3	178856311	178962500
27094	3	178947537	178994838
51193	3	179031551	179063325
55669	3	179055480	179121014
59345	3	179103876	179179371
86	3	179270708	179316193
57129	3	179296253	179332434
4711	3	179312575	179352288
8975	3	179360933	179517189
51555	3	179502746	179764841
151613	3	180309918	180346120
339829	3	180321360	180407300
8087	3	180620096	180710541
131118	3	180691497	180717562
6657	3	181419712	181442224
23200	3	182501291	182649423
54165	3	182650153	182713731
56922	3	182723006	182827373
27074	3	182830003	182890667
23101	3	182885831	183156031
84002	3	182961032	183001179
89857	3	183195319	183283499
54800	3	183343398	183412307
55689	3	183405587	183540413
79929	3	183523664	183553393
55486	3	183533522	183612693
10057	3	183627722	183745803
200909	3	183739332	183767157
170572	3	183760835	183788461
285242	3	183804852	183834783
8893	3	183842810	183873099
1857	3	183863099	183901314
1173	3	183882634	183911879
55324	3	183893863	183921795
90113	3	183938317	183970117
10195	3	183950117	183977313
9718	3	183957445	184020819
94032	3	183967003	183989251
5708	3	184006886	184036842
1981	3	184022283	184063146
131408	3	184043717	184074063
1181	3	184053973	184089439
5437	3	184069502	184096383
7066	3	184079773	184107368
8646	3	184087861	184117617
2049	3	184269587	184310196
64110	3	184418155	184439836
23355	3	184519925	184780402
285382	3	184785838	184880802
1962	3	184898412	184981886
9175	3	184990729	185216882
90407	3	185197389	185226845
200879	3	185215570	185280369
59343	3	185290284	185358889
10644	3	185351527	185552827
6434	3	185622356	185665924
2119	3	185754106	185836901
1608	3	185842896	186090023
1427	3	186246232	186273049
55171	3	186253856	186298332
51726	3	186278467	186313589
197	3	186320850	186349107
26998	3	186343758	186380797
3273	3	186373747	186406023
3827	3	186425098	186472199
1974	3	186491361	186517686
5984	3	186497681	186534484
9370	3	186550463	186586252
6480	3	186638315	186806341
116832	3	186828741	186867263
132112	3	186905274	186929253
5648	3	186923873	187019810
64108	3	187076168	187099372
6750	3	187376694	187398201
344892	3	187406047	187430345
604	3	187429165	187473513
4026	3	187861097	188618460
285386	3	188807910	189051271
8626	3	189338942	189625068
55214	3	189664517	189850226
9076	3	190013490	190050235
10686	3	190095661	190139932
131920	3	190136444	190177665
3556	3	190221840	190388856
647309	3	190560526	190620190
344901	3	190907039	190993404
257313	3	190974944	191058325
152137	3	191036874	191126459
152138	3	191168952	191189245
2257	3	191847033	192455388
151963	3	192504604	192645950
57110	3	192938030	193035102
344905	3	192982831	193106514
84239	3	193109866	193282810
4976	3	193300933	193425600
3280	3	193843931	193866401
1370	3	194050494	194082063
131578	3	194065976	194100472
2814	3	194105550	194129995
79572	3	194113403	194198968
93109	3	194298402	194364150
55341	3	194351517	194403206
131583	3	194396622	194419766
152002	3	194779008	195001895
23527	3	194985465	195173817
5504	3	195231221	195280224
347	3	195285573	195321076
200958	3	195406293	195477004
4585	3	195463636	195549148
10188	3	195580235	195645880
7037	3	195766155	195819032
131540	3	195914323	195948308
200931	3	195933383	195970301
5130	3	195951239	196024623
255758	3	196008090	196055165
116211	3	196040417	196075291
26043	3	196069745	196169411
165918	3	196185654	196240639
255798	3	196223750	196252237
348793	3	196271024	196305627
200933	3	196285725	196325930
375387	3	196356656	196398875
84984	3	196423144	196449131
54965	3	196429234	196472878
5062	3	196456728	196569518
205564	3	196584727	196671585
22916	3	196652273	196679464
80235	3	196663214	196705742
4241	3	196718611	196766687
1739	3	196759431	197036171
622	3	197226654	197310194
9711	3	197388259	197486568
84248	3	197466424	197521317
84859	3	197508112	197625307
84223	3	197605946	197696982
6165	3	197667023	197692722
89782	3	197677071	197780591
728262	3	197869039	197917728
152687	4	43227	98099
255403	4	114420	166491
654254	4	254464	309110
7700	4	321417	380076
170960	4	423773	502960
54872	4	482989	543320
5158	4	609363	674681
521	4	656225	678127
4636	4	659717	685822
84179	4	659992	693257
10336	4	689537	774428
10815	4	768745	829945
2580	4	833065	936174
84286	4	916175	962444
1609	4	942672	977348
10861	4	962861	997228
3425	4	970785	1008317
53834	4	994712	1030686
285498	4	1040039	1117352
10417	4	1150720	1212750
101928548	4	1183923	1205046
1487	4	1195228	1252908
10296	4	1273642	1343925
101928621	4	1307222	1329906
57654	4	1331043	1391837
285464	4	1375340	1399782
152877	4	1631608	1695988
7884	4	1684527	1724421
92305	4	1707679	1733084
10460	4	1713217	1756905
2261	4	1785039	1820599
3954	4	1803206	1867974
7468	4	1863123	1993934
7469	4	1974441	2020962
401115	4	2033720	2055697
339983	4	2051239	2080816
353497	4	2063645	2253848
79441	4	2220096	2253860
10608	4	2239160	2273739
57732	4	2261324	2430370
402160	4	2410701	2474690
6047	4	2460795	2527586
8603	4	2617159	2744302
79155	4	2733387	2768103
6452	4	2784750	2852823
118	4	2835454	2941803
10227	4	2922288	2946586
8602	4	2929663	2975233
2868	4	2955232	3052474
3064	4	3066408	3255687
345222	4	3240766	3283465
6002	4	3305874	3451640
3083	4	3433702	3461214
285489	4	3455033	3513203
4043	4	3495324	3544224
152	4	3758296	3780253
133060	4	4180530	4238621
85013	4	4227269	4259965
55646	4	4259428	4301896
166793	4	4281924	4333513
27065	4	4377983	4430785
53407	4	4410695	4553775
4487	4	4851392	4875663
54360	4	5006313	5031197
55351	4	5043527	5512728
132884	4	5534531	5721275
2121	4	5702924	5826031
1400	4	5812491	5904785
389197	4	5889318	6002175
152789	4	6016661	6212318
7466	4	6261577	6314992
5522	4	6312305	6575327
23324	4	6566902	6634188
93621	4	6631818	6654472
6286	4	6685566	6708897
114932	4	6699428	6721606
55330	4	6707842	6729387
9778	4	6774459	6895899
57533	4	6901171	7044845
257236	4	7032576	7054728
93624	4	7035156	7069679
80273	4	7051780	7079800
57537	4	7184374	7754564
768239	4	7422021	7446700
60312	4	7750440	7951653
389199	4	7930734	7952023
84448	4	7957037	8170559
54436	4	8191060	8252830
94031	4	8261487	8318838
8310	4	8358009	8452452
152992	4	8432532	8488282
27201	4	8571964	8601750
8532	4	8584387	8631488
3166	4	8837803	8883543
650293	4	8941477	8962127
100287013	4	9145022	9177220
100287144	4	9202383	9223975
100287178	4	9207131	9228723
100287205	4	9211878	9233470
100287238	4	9216622	9238214
100288520	4	9226111	9248060
100287327	4	9235605	9257197
100287364	4	9240356	9261948
100287404	4	9245104	9266696
100287441	4	9249850	9271442
100287478	4	9254598	9276190
100287513	4	9259345	9280937
728369	4	9316891	9338483
728373	4	9321637	9343229
728379	4	9326384	9347976
728386	4	9331129	9352721
728393	4	9335874	9357466
728400	4	9340619	9362211
728405	4	9345364	9366956
728419	4	9354855	9376447
100133128	4	9390867	9415291
644414	4	9436260	9462240
101928948	4	9523585	9619872
1816	4	9773258	9795633
56606	4	9817848	10051872
9948	4	10065963	10128612
85460	4	10431497	10469032
116449	4	10481838	10696386
9957	4	11389988	11441255
9364	4	13333863	13495989
579	4	13532454	13556114
259282	4	13560362	13639334
132864	4	14994298	15081777
114905	4	15331560	15457791
57545	4	15461489	15613594
26234	4	15596007	15671487
285550	4	15673352	15702070
683	4	15694573	15751121
952	4	15769921	15860706
9982	4	15927192	15950363
83888	4	15951863	15974859
8842	4	15959849	16095723
202018	4	16152128	16238161
9079	4	16493164	16910424
5860	4	17478016	17523857
645104	4	17506788	17538727
51056	4	17568927	17619590
80306	4	17606273	17636160
27146	4	17623696	17793135
54876	4	17792278	17822386
64151	4	17802436	17856488
254251	4	17834839	18033483
9353	4	20244566	20632184
133015	4	20692036	20739980
80333	4	20720234	21960424
166647	4	22378997	22527677
57733	4	22684537	22831198
10891	4	23783644	24484394
1665	4	24519087	24596184
6649	4	24787085	24812467
91050	4	24797739	24991826
55203	4	24990471	25042414
51091	4	25111627	25172204
55300	4	25225653	25290831
29063	4	25304396	25384190
29945	4	25368848	25430120
10568	4	25646853	25690735
23231	4	25739049	25874647
389203	4	25905528	25941501
3516	4	26155077	26446753
886	4	26473018	26502042
55296	4	26575546	26768232
57620	4	26849329	27037003
5099	4	30711951	31158423
116984	4	36057620	36255979
401124	4	36273237	36356407
57495	4	37236690	37461087
55286	4	37445552	37605132
768211	4	37582422	37697999
55276	4	37818282	37874559
23216	4	37879606	38150796
10744	4	37952056	37972631
51274	4	38655790	38713129
81793	4	38763860	38794611
7096	4	38787876	38816814
10333	4	38815325	38868438
92689	4	38859354	38957365
80008	4	38958052	39044041
51088	4	39036308	39137853
57728	4	39174024	39297430
5981	4	39279069	39378001
152831	4	39398473	39463153
6133	4	39445744	39470568
11019	4	39450644	39489273
7358	4	39490375	39539218
201895	4	39538917	39650481
3093	4	39689664	39794412
23244	4	39814483	39989576
55728	4	40048524	40169872
399	4	40182631	40256384
55584	4	40327346	40367234
54502	4	40415272	40642958
79730	4	40741914	40822002
323	4	40802044	41228731
7345	4	41248898	41280446
22998	4	41352802	41712061
8929	4	41736099	41760987
55161	4	41927137	41972824
285429	4	41973713	41998484
10463	4	41982516	42099551
389206	4	42102870	42164895
152573	4	42389856	42414504
10396	4	42400390	42669122
389207	4	42885283	43042675
386617	4	44165920	44460824
285525	4	44614354	44663658
60558	4	44670433	44712944
132789	4	44684190	44738651
2565	4	46027786	46136082
2555	4	46236470	46402056
170712	4	46726844	46921252
2557	4	46910917	47006424
2560	4	47023295	47442801
54951	4	47442815	47475676
57205	4	47477296	47605503
10699	4	47586015	47850395
152518	4	47839250	47926684
1259	4	47927994	48028646
152519	4	48008791	48049084
7294	4	48058410	48146273
7006	4	48127800	48281814
57606	4	48333497	48438218
201780	4	48475360	48501541
326340	4	48482269	48506406
285527	4	48489380	48792329
54940	4	48822599	48873834
132299	4	48877405	48918815
80157	4	48978264	49074096
23142	4	52690010	52793003
339977	4	52849806	52896477
6443	4	52875752	52914485
132671	4	52907578	52973461
64854	4	53447126	53535502
100288413	4	53599684	53627807
65997	4	53718495	53743002
152579	4	53728797	54242242
81608	4	54233803	54336103
84708	4	54316437	54528653
101928879	4	54431696	54452556
26511	4	54864540	54941562
170825	4	54956248	54978122
5156	4	55085264	55174412
3815	4	55514095	55616881
3791	4	55934426	56001762
79644	4	56202388	56249267
55858	4	56252080	56302342
9575	4	56284068	56423076
132954	4	56412686	56468418
10874	4	56451396	56512465
55763	4	56709802	56781244
9662	4	56804974	56909529
57482	4	57026361	57206890
132949	4	57194450	57264265
5471	4	57249528	57311802
10606	4	57266682	57337534
6731	4	57323370	57379847
132946	4	57361375	57400149
100506564	4	57386775	57479489
84525	4	57504154	57557874
6691	4	57666026	57698035
5978	4	57764042	57812010
84273	4	57819516	57853826
5431	4	57834944	57907334
3490	4	57887237	57986551
23284	4	62056949	62948168
253017	4	65132024	65285196
2044	4	66175281	66546529
1060	4	68327989	68421256
26228	4	68414415	68483059
55236	4	68471479	68576889
2798	4	68593093	68631804
9407	4	68676594	68759716
339967	4	68766019	68839232
389208	4	68908916	69005587
132724	4	69082371	69121412
91746	4	69166105	69225824
28983	4	69303167	69373322
7367	4	69392902	69444245
7366	4	69502315	69546494
7365	4	69671713	69707741
79799	4	69784177	69827509
7364	4	69945190	69988705
10720	4	70056035	70090449
54490	4	70136217	70170768
7363	4	70335883	70401732
574537	4	70444135	70515360
10941	4	70444135	70528967
27284	4	70581838	70636430
6783	4	70696930	70735870
1446	4	70786799	70822288
1447	4	70810974	70836726
6779	4	70851648	70878173
3347	4	70884130	70912255
3346	4	70906159	70934559
401137	4	71007793	71042326
54959	4	71051441	71080293
260436	4	71081788	71110969
1448	4	71098333	71127149
85438	4	71190671	71212833
26952	4	71216493	71242823
10879	4	71238795	71265961
58503	4	71253599	71285914
4589	4	71286209	71358714
401138	4	71374298	71408460
258	4	71447975	71483005
10117	4	71484461	71522536
3512	4	71511258	71542348
57050	4	71544196	71566268
22902	4	71560647	71684336
2926	4	71671499	71715627
92597	4	71758043	71863891
1633	4	71849265	71906631
8671	4	72043003	72447804
2638	4	72597410	72681237
10886	4	72887521	73023918
9508	4	73136686	73444516
285521	4	73910416	73945476
26057	4	73930502	74134858
213	4	74259972	74297129
174	4	74291933	74331492
173	4	74337462	74379718
166824	4	74427267	74496348
3576	4	74596223	74619433
6372	4	74692273	74714477
5197	4	74709013	74730198
2919	4	74725109	74747019
5196	4	74836542	74857841
5473	4	74842156	74863907
6374	4	74851359	74874446
2921	4	74892306	74914490
2920	4	74952752	74974997
441024	4	74979019	75178816
255324	4	75164187	75192520
2069	4	75220860	75264477
374	4	75300853	75330726
685	4	75661448	75729882
25849	4	75848285	75985325
25898	4	76394247	76449884
152815	4	76429654	76478610
152816	4	76471258	76501103
8999	4	76491704	76565721
9908	4	76557953	76659709
8615	4	76639829	76745366
5470	4	76771025	76833681
27163	4	76821808	76872166
55153	4	76861064	76922115
4283	4	76912623	76938641
419	4	76922333	77043955
3627	4	76932269	76954689
6373	4	76944835	76967350
53371	4	77025812	77079668
950	4	77069890	77145052
100129583	4	77125193	77214936
100631383	4	77162853	77242283
8987	4	77217179	77242283
339965	4	77224192	77343285
57619	4	77346253	77714406
345079	4	77806082	77829002
55752	4	77860895	77971307
10983	4	77958308	78008719
901	4	78068357	78101213
10563	4	78422907	78542988
246175	4	78624541	78750764
65008	4	78773805	78883944
80144	4	78968724	79475423
306	4	79462742	79541605
55589	4	79687532	79847519
152559	4	79826364	79870582
84779	4	80228272	80257171
2712	4	80317507	80339372
118429	4	80812771	81004626
56978	4	81095033	81135483
2250	4	81177742	81222171
255119	4	81246861	81894910
651	4	81942119	81988685
5593	4	81998643	82146271
153020	4	82337547	82403082
3184	4	83264467	83305149
9987	4	83333717	83361378
58478	4	83341726	83392245
441027	4	83394329	83493595
79966	4	83540690	83730010
22872	4	83729814	83822419
79725	4	83811837	83851284
132660	4	83835756	83944097
51138	4	83946239	84006971
51316	4	84001201	84045911
27235	4	84174972	84216067
10855	4	84203614	84266306
113510	4	84318496	84387162
51023	4	84367085	84392929
84142	4	84372092	84416290
84803	4	84446886	84537028
4825	4	85404436	85429387
1040	4	85494057	85582493
23001	4	85580690	85897544
83478	4	86058860	86933823
5602	4	86923452	87384283
5783	4	87505468	87746332
345274	4	87734477	87780416
132989	4	87787358	87834820
4299	4	87845758	88072206
57563	4	88071260	88171466
345275	4	88214941	88254056
51170	4	88247691	88322455
53343	4	88333728	88390606
8404	4	88384483	88460798
1834	4	88519681	88548025
1758	4	88561454	88595513
3381	4	88710702	88743601
56955	4	88732563	88777969
6696	4	88886802	88914563
5311	4	88918799	89008931
9429	4	89001416	89162569
152926	4	89168761	89215983
55008	4	89289838	89374249
51191	4	89368181	89437334
84992	4	89432129	89454952
100996939	4	89432129	89454952
8916	4	89503574	89639693
266812	4	89607066	89629023
10144	4	89637105	90042549
166815	4	90022651	90046734
285513	4	90152427	90239161
6622	4	90635250	90769447
22915	4	90806003	90885780
401145	4	91038684	92533370
2895	4	93215453	94705707
474	4	94740078	94761142
56916	4	95118759	95222443
27306	4	95209707	95274027
10611	4	95363008	95599378
658	4	95669128	96089601
8633	4	96073655	96480361
5161	4	96751239	96772625
285555	4	98470025	99074391
5910	4	99172527	99375012
10098	4	99381518	99589812
1977	4	99789607	99861786
23173	4	99906788	99993960
128	4	99982129	100019931
127	4	100034832	100075449
130	4	100113795	100150403
124	4	100187523	100222185
125	4	100217527	100252572
126	4	100247649	100283917
131	4	100323418	100366667
84103	4	100422161	100473460
93587	4	100457864	100495189
4547	4	100475240	100555154
285556	4	100547686	100585424
27071	4	100727957	100801347
8649	4	100789495	100825703
79982	4	100807405	100877883
3015	4	100859242	100881512
115265	4	101096267	101121939
51705	4	101306498	101449250
5530	4	101934587	102278655
55024	4	102701764	103005969
64116	4	103162198	103276655
4790	4	103412486	103548459
4126	4	103542643	103692151
7323	4	103705540	103800050
493856	4	103739224	103823964
150159	4	103796205	103957552
133308	4	103936647	104008480
56898	4	103988770	104031024
1062	4	104016963	104129566
6870	4	104500625	104650973
80319	4	105379463	105426058
54790	4	106057032	106210960
27068	4	106280234	106405227
54848	4	106463704	106612070
57117	4	106593784	106639881
79807	4	106619935	106778882
255743	4	106806588	106902828
93627	4	106957233	107247861
9255	4	107226767	107280382
100507096	4	107269340	107298592
27123	4	107832959	107967453
9061	4	108524822	108651419
166929	4	108735721	108846203
113612	4	108842716	108884617
3033	4	108900870	108966331
51176	4	108958701	109100112
6164	4	109531722	109561640
58505	4	109561741	109598978
64850	4	109653196	109694235
84570	4	109721877	110233799
10427	4	110344969	110471615
55013	4	110471355	110618872
839	4	110599785	110639814
81579	4	110621145	110661242
3426	4	110651848	110733381
54433	4	110726666	110755893
10692	4	110739150	110775863
345193	4	110759340	110803471
1950	4	110824040	110944118
79071	4	110960187	111130355
2028	4	111387229	111494493
5308	4	111528579	111573279
132720	4	113056553	113120237
55435	4	113142893	113201211
92610	4	113186782	113217059
80216	4	113208480	113373774
63973	4	113424672	113447328
55345	4	113450489	113568151
51574	4	113548120	113588748
287	4	113729239	114314896
817	4	114362188	114693669
79642	4	114811432	114911281
7368	4	115509611	115608202
64579	4	115738931	116045032
133022	4	117994710	118016736
9348	4	118945500	119189789
8492	4	119191193	119284053
57721	4	119596525	119643374
9871	4	119633978	119769838
171024	4	119799996	119992402
51778	4	120046939	120118944
54532	4	120123775	120226673
401152	4	120207574	120235600
2169	4	120228405	120253316
8654	4	120405550	120559981
4085	4	120970577	120998013
11107	4	121603070	121854013
79625	4	121946782	122003673
79931	4	122042563	122158624
84109	4	122239797	122312181
308	4	122579152	122628147
132332	4	122670085	122696516
5393	4	122712445	122748176
890	4	122727599	122755153
55212	4	122735484	122801652
7222	4	122790183	122882909
84162	4	123063488	123293914
132612	4	123290121	123360957
3558	4	123362625	123387650
59067	4	123523783	123552212
166379	4	123643857	123676098
2247	4	123737568	123829390
11162	4	123803799	123854159
166378	4	123834225	124250605
10252	4	124307946	124334915
57182	4	125575203	125643887
79633	4	126227003	126424087
27152	4	128544087	128647934
83447	4	128641555	128705447
22824	4	128693453	128765228
10733	4	128792016	128830379
256471	4	128828960	128897185
80167	4	128876411	128967478
55132	4	128972421	129154086
10424	4	129180392	129219984
79960	4	129720779	129806379
132320	4	129795148	130024764
132321	4	130004829	130044487
57575	4	134060470	134122732
132430	4	135107488	135132903
54510	4	138430072	138463629
23657	4	139075248	139173572
25819	4	139926913	139977093
1998	4	139968871	140108372
84709	4	140177317	140211492
4717	4	140201071	140233705
80155	4	140212621	140321935
83452	4	140364961	140407070
80854	4	140417192	140487577
4258	4	140576922	140671899
55534	4	140627545	141085233
60592	4	141168440	141313710
1047	4	141299607	141358815
152586	4	141354529	141429531
255520	4	141435312	141484924
7350	4	141471014	141499989
23158	4	141531936	141687471
57484	4	141776708	142064630
27309	4	142132049	142165851
3600	4	142547749	142665140
8821	4	142939181	143777604
84640	4	144096070	144153141
2549	4	144247680	144405718
8467	4	144424616	144488642
166752	4	144488560	144631828
2996	4	144782019	144836716
2994	4	144907257	144950498
2993	4	145020456	145071904
64399	4	145557148	145672542
10393	4	145905727	146029693
6059	4	146009156	146060676
54726	4	146044802	146111768
101927681	4	146392012	146413871
4086	4	146392951	146490328
166785	4	146530540	146591187
646603	4	146591356	146663949
152485	4	146671874	146869607
11157	4	147086835	147121213
84068	4	147165137	147453123
5458	4	147550045	147573623
83894	4	147618179	147877034
1909	4	148392069	148476106
55751	4	148528539	148566674
90826	4	148548936	148615381
79658	4	148643214	149003927
4306	4	148989915	149375850
285423	4	150341097	150746980
166614	4	150989426	151188609
987	4	151175811	151946879
10586	4	151493077	151515845
6189	4	152010725	152035804
152503	4	152031433	152256797
345062	4	152188152	152222719
729830	4	152320398	152601655
5188	4	152581808	152692175
55294	4	153232410	153466393
201799	4	153537266	153611317
201798	4	153679837	153710916
27236	4	153691091	153843064
85462	4	153847265	153910848
23321	4	154063650	154270474
84057	4	154255801	154346247
23240	4	154377498	154568760
7097	4	154595404	154637243
285533	4	154621312	154691387
6423	4	154691742	154720228
54798	4	155145527	155422930
5356	4	155446149	155481585
2244	4	155474132	155503915
2243	4	155494280	155521897
2266	4	155515286	155543902
9227	4	155655163	155684270
166863	4	155692424	155759965
4887	4	156084924	156148248
79884	4	156253810	156308122
2982	4	156577862	156668214
2983	4	156670126	156738783
51802	4	156740881	156797425
6999	4	156814845	156851558
1519	4	156835270	156885048
56034	4	157672763	157902546
2743	4	157987277	158103251
2891	4	158131736	158297227
51313	4	159035732	159104202
55314	4	159112749	159186439
59350	4	159432866	159584524
201725	4	159577827	159603407
2110	4	159583277	159639842
5481	4	159620279	159654552
57600	4	159680182	159839202
152940	4	159804684	159966333
9693	4	160015224	160291314
56884	4	162295044	163095186
92345	4	164037860	164098073
4886	4	164235116	164275984
4889	4	164255062	164283540
84076	4	164382245	164405047
55319	4	164405673	164451691
55016	4	164435450	165315093
23520	4	165108159	165128863
100506013	4	165788156	165828676
101059914	4	165840646	165861778
391712	4	165865598	165908818
152756	4	165868100	165890273
166655	4	165943151	165972896
201931	4	165987230	166044024
11275	4	166118770	166254308
6307	4	166238818	166274316
1363	4	166290097	166429482
7092	4	166784390	167036330
50859	4	167644535	168165741
11199	4	169003688	169118893
55601	4	169127442	169249958
91351	4	169267886	169411665
23022	4	169408215	169859608
84869	4	169805774	169941468
57630	4	170005407	170202249
4750	4	170304421	170543778
1182	4	170531672	170654338
54969	4	170640619	170689093
9848	4	170897748	170958371
51166	4	170971373	171022823
442117	4	172724575	173971559
51809	4	174079904	174255118
3148	4	174242527	174265595
8819	4	174282093	174308683
11341	4	174299299	174330617
9464	4	174437652	174461378
26269	4	175147809	175215415
80817	4	175194828	175265506
3248	4	175401328	175454049
8001	4	175535367	175760465
11086	4	175829509	175909331
2823	4	176544088	176933842
116966	4	176976985	177113979
132851	4	177095725	177126822
140458	4	177124824	177208722
60559	4	177231090	177263396
7424	4	177594689	177723899
55247	4	178220991	178294092
175	4	178341928	178373657
285500	4	178353692	178607453
55714	4	183055112	183734177
1635	4	183801244	183848630
80014	4	184010463	184251930
53842	4	184229220	184251927
100132463	4	184232917	184253579
55602	4	184355788	184379348
3622	4	184416220	184443422
201965	4	184550789	184590331
60684	4	184570420	184644747
56977	4	184816509	184954679
133121	4	184999859	185149114
3660	4	185298867	185405734
836	4	185538850	185580629
201973	4	185560767	185626112
79682	4	185605219	185665286
2180	4	185666749	185757215
391723	4	185930001	185951958
291	4	186054417	186081538
57587	4	186070815	186135182
83891	4	186120773	186295120
55805	4	186275032	186328297
353322	4	186307840	186331529
55325	4	186310691	186357139
441054	4	186337220	186380982
256309	4	186356336	186402913
27295	4	186411814	186466712
8470	4	186496598	186887870
7098	4	186980309	187016252
25854	4	187016054	187103817
285440	4	187102565	187144617
3818	4	187138502	187189625
2160	4	187177099	187220835
4543	4	187444809	187486537
2195	4	187498937	187657876
132625	4	188906925	188936199
205860	4	189002427	189040416
339976	4	189050598	189078649
2483	4	190851974	190894360
448831	4	190935522	190958412
153478	5	130373	200087
389257	5	181626	205468
133957	5	194875	228333
6389	5	208338	266815
10016	5	261736	325089
57491	5	294291	448406
11336	5	433305	477414
6550	5	463298	534549
55722	5	602405	665807
11076	5	649977	703510
653082	5	700470	794857
79844	5	785720	869088
65980	5	853850	902939
9319	5	882764	928164
85409	5	998941	1048927
10723	5	1040489	1122172
101928793	5	1071871	1093698
340024	5	1191710	1235232
348932	5	1215470	1256304
7015	5	1243282	1305178
81037	5	1307869	1355180
6531	5	1382905	1455543
79888	5	1451542	1535644
64979	5	1788499	1809956
4726	5	1791496	1826165
50805	5	1867541	1897293
153572	5	2736279	2761769
153571	5	2742058	2765511
79192	5	3586168	3611517
170690	5	5130443	5330412
23379	5	5412786	5500347
84246	5	6362039	6388639
134111	5	6427460	6506834
54888	5	6589352	6643473
6715	5	6623500	6679675
11044	5	6704076	6767161
108	5	7386343	7840194
134121	5	7820491	7861603
4552	5	7841299	7911237
79072	5	7849272	7879150
9037	5	9025138	9556233
50834	5	9619109	9640463
134145	5	10215619	10260145
22948	5	10240041	10276501
134147	5	10267707	10318168
10299	5	10343751	10450500
83853	5	10431974	10475138
651746	5	10554435	10667928
1611	5	10669342	10771387
1501	5	10961952	11914155
1767	5	13680437	14021841
7204	5	14133817	14520313
54491	5	14571891	14626289
90268	5	14654783	14709842
56172	5	14694909	14881887
23194	5	15490305	15949905
441061	5	16057474	16189897
90441	5	16441628	16475894
54463	5	16462922	16627167
4651	5	16652016	16946385
10409	5	17206932	17286954
1016	5	19463140	20585972
100506217	5	21471416	21495033
1010	5	21740870	22863731
56979	5	23497724	23538706
1008	5	24477209	24655085
1007	5	26870709	27048689
1004	5	31183762	31339253
29102	5	31390601	31542282
55322	5	31522373	31565165
23037	5	31629345	32121038
64083	5	32114817	32184425
54545	5	32217111	32323114
51663	5	32344456	32454844
10923	5	32575605	32614185
4883	5	32700284	32801830
6897	5	33430802	33478196
81792	5	33513640	33902319
51289	5	33926491	33949023
51151	5	33934721	33994780
23600	5	33977091	34018220
114899	5	34007963	34053371
26064	5	34646342	34842717
153657	5	34829269	34909567
5810	5	34895365	34925780
55299	5	34905820	34935787
134218	5	34919698	34969069
64902	5	34988206	35058293
5618	5	35038861	35240823
79925	5	35607900	35824713
3575	5	35846977	35889705
133690	5	35894397	35948881
133688	5	35943191	36076639
167127	5	36025119	36077023
92255	5	36093414	36162015
6502	5	36142091	36194143
133686	5	36182694	36252258
202151	5	36237950	36312011
6507	5	36596457	36698436
25836	5	36866861	37075926
65250	5	37069423	37259530
9631	5	37281735	37381228
55100	5	37369391	37762774
2668	5	37802779	37849782
100861519	5	37830540	37885901
133584	5	38248511	38475582
3977	5	38465065	38605507
9180	5	38835960	38945743
253260	5	38928022	39084505
2533	5	39095354	39280759
735	5	39274377	39374655
1601	5	39361776	39435335
5734	5	40670032	40706962
23548	5	40701678	40766072
5562	5	40749481	40808297
6167	5	40821430	40845387
84674	5	40831410	40865456
730	5	40899599	40993041
133558	5	40988122	41081444
729	5	41132248	41271588
345557	5	41297048	41520730
5019	5	41720167	41880791
285636	5	41894423	41931738
26272	5	41915352	41951672
2690	5	42413577	42731980
100129792	5	42746920	42812539
6414	5	42789982	42822024
389289	5	43029182	43050447
7690	5	43110985	43186351
167359	5	43182170	43290952
3157	5	43277572	43323614
56477	5	43366747	43422488
64417	5	43434354	43494171
375444	5	43476803	43525273
10605	5	43516369	43567521
23530	5	43592791	43715668
2255	5	44295004	44399808
10884	5	44799027	44825616
348980	5	45245052	45706220
133418	5	49682026	49747234
79668	5	49951733	50152356
3670	5	50668958	50700564
53918	5	52073774	52108451
3672	5	52074136	52259485
3673	5	52275156	52400609
4338	5	52381509	52415602
10468	5	52766183	52792964
4724	5	52846464	52989171
54622	5	53170578	53616403
8988	5	53741431	53762214
112574	5	53803589	53852416
11082	5	54263695	54291414
3003	5	54310107	54339960
3001	5	54388474	54416080
166979	5	54398799	54479005
493869	5	54445984	54473129
345643	5	54505425	54533143
10309	5	54516980	54539508
54505	5	54542073	54613521
23517	5	54593576	54731409
8611	5	54710670	54840906
153129	5	54911673	55018163
54514	5	55023845	55122975
133396	5	55137207	55228682
3572	5	55220923	55300821
79722	5	55385507	55539186
101928448	5	55799692	55840983
4214	5	56100900	56201979
133383	5	56195087	56231359
166968	5	56205429	56257957
65056	5	56459676	56570506
345651	5	56765843	56788636
10769	5	57739809	57765966
202309	5	57777262	57802185
115827	5	57867950	58165221
5144	5	58254865	59793925
55789	5	59882739	60005993
79993	5	60037616	60150101
1161	5	60159659	60250905
91942	5	60230956	60458864
643155	5	60443536	60468302
57688	5	60618100	60851999
285668	5	60923636	61012362
3796	5	61591989	61693011
27292	5	61674351	61709728
51194	5	61689522	61934416
100130733	5	61864562	61887275
3350	5	63245875	63268119
285671	5	63451671	63678704
401190	5	63791774	63919285
100132916	5	63976135	64024017
285672	5	64003975	64074496
10283	5	64054755	64324590
11174	5	64434563	64787704
64105	5	64803593	64868995
23398	5	64849063	64893376
373	5	64875507	64930187
80006	5	64910558	64971954
54557	5	64951755	65028648
57486	5	65008023	65135111
55914	5	65212382	65386851
140890	5	65430046	65489444
375449	5	65882176	66475426
4064	5	66467205	66502617
5295	5	67501584	67607649
64924	5	68379776	68436899
891	5	68452837	68484072
64946	5	68475375	68516184
92259	5	68503573	68535985
1022	5	68520622	68583257
202243	5	68566519	68638623
6880	5	68637551	68675840
5884	5	68655124	68720628
153562	5	68700939	68748701
100506658	5	68778119	68863931
728340	5	68846001	68898730
728492	5	69311078	69348935
6607	5	69335350	69383422
101929599	5	70059919	70084639
8293	5	70186490	70224357
6606	5	70210768	70258839
4671	5	70254310	70330941
2966	5	70320951	70373516
55814	5	70741442	70873649
64087	5	70873115	70964533
9607	5	71004990	71026875
4131	5	71393118	71515397
23107	5	71505236	71626084
79810	5	71606200	71666544
167465	5	71728238	71813249
3842	5	72102418	72220215
115548	5	72241808	72396349
134285	5	72400286	72437765
134288	5	72454080	72481073
2297	5	72732083	72754352
689	5	72784250	72811448
57763	5	72838025	72871521
84135	5	72851568	72888984
64283	5	72911983	73247818
8507	5	73913231	73947249
3074	5	73925547	74027113
84340	5	74007029	74073196
10412	5	74052816	74082737
26049	5	74063399	74173832
51301	5	74313246	74360743
256006	5	74354122	74542703
3156	5	74622159	74667926
10087	5	74656928	74817806
51426	5	74797657	74905646
728780	5	74897301	74977671
134359	5	74960023	75023313
22987	5	75368997	75659764
10788	5	75689131	76013957
2151	5	75901307	75929259
2149	5	76001868	76041595
2150	5	76104833	76141140
170591	5	76135826	76227056
1393	5	76238680	76275299
55109	5	76316210	76371059
84327	5	76362532	76393030
8622	5	76466082	76734081
55255	5	76717622	76798332
23440	5	76914537	76944522
6902	5	76976995	77082185
8546	5	77288150	77600579
9522	5	77646339	77786562
10184	5	77771038	77954648
411	5	78063032	78292357
29958	5	78283387	78375497
23743	5	78355547	78395897
635	5	78397604	78438113
133746	5	78521925	78633038
9456	5	78659647	78819659
167153	5	78898243	78992471
202333	5	78975659	79106049
345778	5	79262539	79297088
7060	5	79321170	79389111
256987	5	79397050	79561898
84654	5	79605790	79627661
9765	5	79693386	79785498
167555	5	79773800	79848382
340120	5	79842574	79876304
1719	5	79912045	79960800
100462981	5	79935819	79956854
4437	5	79940467	80182634
5924	5	80246491	80535981
1160	5	80518605	80572217
84240	5	80587402	80618966
134526	5	80615731	80699988
23635	5	80703179	81057072
83734	5	81257844	81561958
6228	5	81559139	81584235
92270	5	81591166	81624147
153339	5	82338665	82383272
7518	5	82363317	82659579
1462	5	82757493	82888122
1404	5	82924017	83026896
10085	5	83226414	83690685
1350	5	85903784	85926583
5921	5	86554070	86697743
902	5	86677310	86718850
153396	5	87475450	87574665
4208	5	88004058	88209922
1070	5	89679528	89715611
153364	5	89744020	89780585
10622	5	89759876	89820474
116068	5	89801443	89835401
84059	5	89844617	90470254
57561	5	90654541	90689149
7025	5	92909043	92940319
83989	5	92943431	93457404
134187	5	93066015	93087309
285600	5	93476556	93964309
84250	5	93943086	94043326
79772	5	94028280	94630279
153643	5	94717048	94796145
9652	5	94789599	94900709
153642	5	94880825	94950806
285601	5	94945980	94967284
317671	5	94972471	95002849
83890	5	94977885	95028885
22836	5	95039181	95142071
2745	5	95139553	95168577
22936	5	95210802	95307775
5122	5	95716040	95778985
831	5	95987741	96120387
51752	5	96086514	96159848
64167	5	96201644	96265420
101929747	5	96259784	96281855
4012	5	96261346	96375115
167410	5	96417574	96488520
55781	5	96486571	96529005
285704	5	98094999	98142198
1105	5	98179689	98274522
100652833	5	98847964	98870170
441098	5	99714925	99739362
345757	5	99861051	99932440
7903	5	100132639	100248989
353189	5	101559690	101642253
133482	5	101697492	101844720
5066	5	102191527	102376809
54826	5	102411704	102465842
23262	5	102445958	102549224
90355	5	102584442	102624361
83594	5	102874556	102908493
1946	5	106702590	107016596
64839	5	107184734	107728080
2241	5	108073523	108533373
9867	5	108660410	108755675
4124	5	109015156	109213429
642987	5	109745197	110072507
91137	5	110063837	110110857
85480	5	110395778	110423722
134430	5	110417870	110476200
814	5	110549947	110840584
134429	5	110821731	110858234
9315	5	111055000	111322628
64097	5	111468139	111765187
324	5	112033202	112191936
6728	5	112186885	112238776
7905	5	112202081	112268339
167227	5	112302399	112367892
4163	5	112347796	112834527
83942	5	112758251	112780728
64848	5	112839391	112940984
3781	5	113688016	113842197
55521	5	114450459	114526243
5229	5	114536527	114609123
153733	5	114592885	114642458
56929	5	114846605	114890591
353376	5	114904339	114962142
100302736	5	114904339	114971876
51014	5	114938905	114971876
1036	5	115130430	115162405
9140	5	115153893	115187548
1176	5	115167303	115259778
206338	5	115288151	115373303
644100	5	115377163	115404827
51397	5	115410727	115638978
57556	5	115769251	115920551
285605	5	118162569	118334240
1657	5	118396839	118594822
25816	5	118594418	118740294
3295	5	118778138	118888030
340069	5	118955254	118981517
51334	5	119789973	120033009
94033	5	121177650	121198528
153443	5	121287656	121374295
4015	5	121388890	121424206
133923	5	121455215	121499266
100505841	5	121485871	121528358
9627	5	121637455	121809794
6643	5	122100691	122180234
28966	5	122171149	122357317
5480	5	122349078	122382425
93166	5	122414841	122539960
153241	5	122670579	122769286
1456	5	122837793	122962739
57507	5	123962606	124094517
65983	5	125685788	125839853
501	5	125867533	125941104
51808	5	125926607	125972944
389320	5	125957414	125981974
4001	5	126102315	126182712
115123	5	126193406	126376500
401207	5	126368250	126419184
84466	5	126555206	126806914
133619	5	126843301	126900781
613212	5	126974713	127004322
6558	5	127409483	127535380
2201	5	127583601	127883735
28965	5	128290951	128379335
51015	5	128420442	128459721
171019	5	128786103	129084376
100127206	5	129073884	129110756
337876	5	129230389	129532327
3094	5	130484976	130511041
90624	5	130496641	130551119
56990	5	130589702	130740383
51735	5	130749614	130980929
96459	5	130967407	131142756
728637	5	131132683	131291391
23305	5	131275666	131357761
3562	5	131386347	131408896
1437	5	131399485	131421863
8974	5	131518299	131573556
8572	5	131583351	131619147
6583	5	131620145	131689899
6584	5	131695396	131741306
3659	5	131807301	131836465
3567	5	131867136	131902555
10111	5	131882616	131990313
3596	5	131983865	132006801
3565	5	131999678	132028370
11127	5	132018323	132083265
645121	5	132073137	132099856
23176	5	132076509	132123976
134548	5	132139033	132162489
134549	5	132147833	132176655
2661	5	132186877	132212238
27089	5	132192319	132214536
116842	5	132199358	132220582
27125	5	132201071	132309354
54819	5	132322677	132372275
3308	5	132377662	132450709
23105	5	132522152	132958223
56951	5	133281198	133314406
7416	5	133297566	133351300
101060024	5	133407530	133427801
6932	5	133440402	133493920
6500	5	133482082	133522724
5515	5	133522148	133571950
51265	5	133561817	133716805
7320	5	133696843	133737799
91368	5	133727756	133757598
23338	5	133850003	133928918
51128	5	133926839	133978533
10802	5	133974472	134073601
819	5	134064170	134097850
9879	5	134084461	134176811
134553	5	134171370	134205425
79770	5	134199427	134247323
84105	5	134230810	134308336
347732	5	134293596	134357397
5307	5	134353424	134379964
100996485	5	134358970	134690370
9555	5	134660071	134745645
140947	5	134769904	134793038
497189	5	134774558	134798089
4762	5	134859972	134881639
9547	5	134896369	134924969
153328	5	135160365	135234326
3578	5	135217935	135241516
26223	5	135256006	135287367
3950	5	135272600	135300723
7045	5	135354584	135409507
4090	5	135458536	135528422
57113	5	135538458	135711164
6695	5	136300987	136845018
26249	5	136943189	137160310
10949	5	137077073	137100039
9499	5	137193536	137233540
27039	5	137215125	137286156
51306	5	137263638	137397650
7478	5	137409581	137438337
8382	5	137440861	137485132
10902	5	137465455	137524358
10112	5	137504408	137533404
8697	5	137513337	137559032
2676	5	137578069	137620544
995	5	137610959	137684064
51307	5	137663224	137695418
51780	5	137678285	137782716
51308	5	137764690	137792658
1958	5	137791181	137815004
2107	5	137831782	137888989
3313	5	137880571	137921318
1495	5	138079075	138280723
26045	5	138195079	138221057
64374	5	138272409	138544065
9782	5	138599441	138677366
51247	5	138667519	138715409
9963	5	138692885	138730632
51237	5	138713257	138735605
389333	5	138717635	138740885
202051	5	138721514	138749820
202052	5	138735892	138790171
340061	5	138845113	138872343
7322	5	138930751	139018019
51523	5	139018301	139073467
84249	5	139165406	139234051
9542	5	139216364	139432884
5813	5	139483708	139509001
492311	5	139495521	139518391
84418	5	139544653	139633374
5201	5	139614635	139692689
1839	5	139702428	139736188
83697	5	139729787	139764722
54882	5	139771399	139929441
404734	5	139771399	139939163
8637	5	139917251	139939163
10011	5	139919652	139947678
10307	5	139927853	139954189
113829	5	139934420	139958683
929	5	140001313	140023286
55374	5	140009012	140034989
4695	5	140014948	140037370
3550	5	140017384	140052065
54853	5	140034384	140061930
373863	5	140040381	140063171
3035	5	140043490	140081681
23438	5	140061011	140088903
153527	5	140068265	140096248
56147	5	140155876	140401929
56146	5	140164444	140401929
56145	5	140170783	140401929
56144	5	140176672	140401929
56143	5	140191361	140401929
56142	5	140197650	140401929
56141	5	140203969	140401929
56140	5	140210907	140401929
9752	5	140217357	140401929
56139	5	140225634	140401929
56138	5	140237149	140401932
56137	5	140244931	140401929
56136	5	140251854	140401929
56135	5	140296302	140401929
56134	5	140335747	140401929
29930	5	140420979	140443512
56133	5	140464195	140486964
56132	5	140470234	140493406
56131	5	140491581	140515201
26167	5	140504800	140527704
56130	5	140519839	140542868
56129	5	140542243	140565957
56128	5	140547371	140570081
57717	5	140550980	140576710
56127	5	140556893	140581111
56126	5	140561952	140585213
56125	5	140568916	140592618
56124	5	140577914	140602143
56123	5	140583509	140606993
56122	5	140593078	140615860
56121	5	140615147	140637802
83884	5	140672196	140693612
6879	5	140688057	140710351
56114	5	140699388	140902546
56113	5	140708354	140902546
56112	5	140713601	140902546
56104	5	140719828	140902546
56111	5	140724768	140902546
56103	5	140729409	140902546
56110	5	140733729	140902546
56109	5	140739811	140902546
56102	5	140739962	140902546
56108	5	140752467	140902546
9708	5	140757059	140902546
8641	5	140757452	140902546
56101	5	140767695	140902546
56107	5	140772520	140902546
56100	5	140777588	140902546
56106	5	140782743	140902546
56099	5	140787214	140902548
56105	5	140790537	140902546
26025	5	140800158	140902546
5098	5	140845569	140902546
56098	5	140854741	140902546
56097	5	140858808	140902546
1729	5	140884588	141008622
8841	5	140990443	141026423
285613	5	141006517	141030918
89848	5	141008869	141040986
64411	5	141022968	141071800
5097	5	141222655	141268361
9812	5	141293350	141340027
51294	5	141313150	141348627
9604	5	141336402	141379856
10007	5	141370234	141402620
80762	5	141478324	141544008
81848	5	141679992	141714620
2246	5	141961743	142087635
23092	5	142139881	142618572
2908	5	142647496	143123322
57824	5	143181726	143210284
81555	5	143527723	143560278
57528	5	143540437	143868097
153768	5	145128582	145224899
643226	5	145229204	145309816
153769	5	145306126	145468680
153770	5	145453876	145493946
51520	5	145482589	145572294
54439	5	145573113	145678786
5459	5	145708587	145730083
10915	5	145816873	145901071
134391	5	145884417	145905676
5521	5	145959067	146471083
202374	5	146604526	146777418
1809	5	146760371	146899619
9832	5	146955002	147172411
6690	5	147194143	147228794
117156	5	147248274	147271756
389336	5	147259579	147296101
11005	5	147433535	147526925
408187	5	147538109	147565182
404203	5	147572357	147604700
153218	5	147638423	147675773
84651	5	147681990	147705482
643394	5	147705122	147729412
81545	5	147753498	147832399
3360	5	147820595	148044090
154	5	148196156	148264628
79628	5	148351713	148452737
22885	5	148511054	148650002
134265	5	148641401	148731368
134266	5	148714364	148744146
78991	5	148727570	148759221
27190	5	148743830	148770848
1452	5	148863896	148941115
389337	5	148951064	149024531
133522	5	149099815	149244585
5145	5	149227519	149334356
1836	5	149330300	149376963
81789	5	149362686	149390730
22993	5	149370169	149442706
1436	5	149422854	149502935
5159	5	149483402	149545447
1044	5	149536344	149574121
6534	5	149559520	149600635
815	5	149589054	149679403
340075	5	149665909	149692525
6949	5	149727202	149789871
972	5	149771200	149802543
6208	5	149812712	149839351
3340	5	149855365	149947773
11346	5	149970642	150048792
91977	5	150030403	150068930
55696	5	150060352	150090669
51164	5	150078309	150148657
85027	5	150147508	150186298
345611	5	150216085	150238231
91975	5	150263954	150294545
2878	5	150389999	150418554
10318	5	150399504	150477221
309	5	150470267	150547443
26112	5	150550613	150613654
2760	5	150622613	150660083
285641	5	150645926	150693334
153201	5	150684539	150737151
206358	5	150806553	150881940
2196	5	150873653	150958505
6678	5	151030657	151076615
475	5	151112383	151148210
100652758	5	151139354	151161069
10146	5	151141476	151194915
2741	5	151192074	151314397
56923	5	151761102	151794840
2890	5	152860084	153203429
10827	5	153359723	153428497
4238	5	153408519	153447014
55568	5	153560295	153810544
79685	5	153815517	153850613
9421	5	153844532	153867824
23367	5	154052224	154207167
10826	5	154186594	154240213
9337	5	154227755	154266352
25929	5	154256976	154327776
29093	5	154310633	154358971
285643	5	154383260	154407685
6444	5	155452147	156204799
91937	5	156336293	156400266
26762	5	156445989	156496130
84868	5	156502843	156546248
9443	5	156555451	156579921
153745	5	156579343	156603279
3702	5	156597907	156692109
26999	5	156683091	156832606
408263	5	156758607	156782729
8728	5	156812071	157012831
348938	5	156877027	156911730
11063	5	157041804	157109138
100190949	5	157088561	157117162
54974	5	157148323	157176982
134353	5	157160755	157193746
9685	5	157202751	157296183
1879	5	158112916	158536788
153830	5	158574417	158647061
134510	5	158680089	158723048
3593	5	158731791	158767481
147	5	159333740	159410017
7265	5	159426156	159502550
114825	5	159492889	159556452
2172	5	159604374	159675729
79616	5	159668666	159749602
114898	5	159764761	159807657
63920	5	159810155	159837060
10569	5	159818648	159856168
9232	5	159838865	159865747
23120	5	159980127	160289219
2561	5	160705426	160985130
2559	5	161102658	161139598
2554	5	161264197	161336965
2566	5	161484648	161592545
900	5	162854573	162882022
134492	5	162870586	162897143
3161	5	162877517	162928951
27430	5	162920070	162956359
57451	5	166396083	167701162
23286	5	167709065	167909308
5917	5	167903463	167956311
79646	5	167972628	168016614
6586	5	168078738	168738133
54908	5	169000638	169041782
1794	5	169054251	169520386
100131897	5	169280719	169417744
2299	5	169522917	169546729
133874	5	169649916	169683235
3937	5	169665088	169734822
30820	5	169770491	170173636
3779	5	169795165	169826681
2568	5	170200723	170251051
64901	5	170278880	170737454
30012	5	170726288	170749138
4869	5	170804652	170847888
8817	5	170836667	170894630
644994	5	171202819	171228129
23291	5	171278553	171443877
6793	5	171459074	171625346
285588	5	171611176	171640458
92181	5	171626648	171720795
285590	5	171742185	171891527
54492	5	172058266	172128543
101928093	5	172172656	172199558
1843	5	172185093	172208203
57222	5	172251223	172389688
51121	5	172375917	172406774
8992	5	172400763	172471900
153222	5	172473355	172576291
662	5	172561445	172601390
1482	5	172649107	172672315
8614	5	172731726	172766506
91272	5	173024148	173053706
80315	5	173305331	173397313
133491	5	173406162	173443143
51617	5	173462607	173546182
4488	5	174141575	174167902
1812	5	174857675	174881163
94081	5	174895514	174966745
3274	5	175074847	175146239
10814	5	175213542	175321024
84321	5	175376534	175405318
202134	5	175480712	175551801
375484	5	175655370	175782992
57179	5	175763065	175798809
285598	5	175782477	175810934
51491	5	175800940	175825763
192286	5	175805784	175826751
1212	5	175809456	175853570
23197	5	175865356	175947075
22838	5	175943700	175975026
54825	5	175959512	176032769
114787	5	176012803	176054339
6620	5	176037210	176067557
253314	5	176047683	176083642
26262	5	176064388	176096059
90249	5	176227560	176317899
3101	5	176297870	176336333
51720	5	176322006	176443795
23567	5	176439681	176518189
2264	5	176503906	176535143
101928726	5	176522822	176558835
64324	5	176550026	176737214
53917	5	176718199	176740744
27166	5	176720763	176743960
83463	5	176722501	176751096
10960	5	176748563	176788885
10636	5	176774704	176809599
6569	5	176801432	176835849
345456	5	176817108	176837637
2161	5	176819139	176846577
2870	5	176843687	176879850
80758	5	176863796	176893287
1627	5	176873613	176910694
9260	5	176900395	176934606
79930	5	176918905	176947490
51428	5	176928578	176953967
54540	5	176936790	176991548
54732	5	177009213	177033108
11285	5	177017119	177047348
285596	5	177140365	177217505
5626	5	177409236	177433243
23138	5	177530556	177563107
64777	5	177548002	177585567
55651	5	177566464	177590961
3182	5	177621508	177648184
85007	5	177625475	177669823
91522	5	177654617	178027573
57396	5	178019664	178064093
6940	5	178128522	178167703
117608	5	178276954	178321424
80108	5	178312899	178370213
285676	5	178358194	178403218
2916	5	178395328	178432124
345462	5	178440776	178471388
30832	5	178477607	178520022
9509	5	178527852	178782431
80230	5	178967562	179047027
3187	5	179031179	179060722
285679	5	179058545	179082083
646019	5	179095559	179117975
821	5	179115019	179168642
9794	5	179149833	179218035
4056	5	179209263	179233616
11282	5	179214597	179243952
8878	5	179223388	179275078
51149	5	179253927	179295867
23061	5	179279071	179344879
55819	5	179372067	179509118
255426	5	179517795	179646130
5601	5	179650594	179729071
9945	5	179717698	179790341
57472	5	179911412	180015358
92304	5	180007105	180028487
2324	5	180018506	180086624
134083	5	180156123	180177058
4245	5	180207541	180247939
643836	5	180262435	180298334
79908	5	180316077	180387906
10917	5	180405845	180443727
153579	5	180457203	180498523
26693	5	180541339	180566557
285659	5	180571943	180592890
81786	5	180610924	180642293
90933	5	180640263	180672808
10399	5	180653928	180681209
84851	5	180673373	180698161
26683	5	180784288	180805226
56940	6	282101	361355
3662	6	381739	421443
55770	6	475138	703141
135458	6	645939	666964
101927353	6	899946	921055
94234	6	1302675	1324993
2295	6	1380069	1405832
2296	6	1600681	1624132
2762	6	1614035	2255868
340156	6	2653863	2775615
56897	6	2755575	2795979
1992	6	2822566	2852283
5272	6	2877499	2913546
5269	6	2938393	2982399
4835	6	2990067	3029997
8737	6	3054201	3125421
670	6	3108926	3163833
7280	6	3143900	3167783
347733	6	3214495	3237968
389362	6	3249162	3278300
63027	6	3259207	3466954
221749	6	3712836	3762246
26240	6	3839632	3861551
8899	6	4011563	4075217
222826	6	4058593	4089457
404220	6	4069440	4141000
10455	6	4105927	4145831
9425	6	4696393	4965778
10799	6	4985280	5014292
57128	6	5037395	5271172
648791	6	5075720	5097455
10667	6	5251251	5781816
51299	6	5988232	6017838
2162	6	6134311	6330924
9450	6	6578934	6665216
6239	6	7097830	7262213
6745	6	7271283	7323541
285782	6	7316887	7399976
83732	6	7380062	7428270
1832	6	7531808	7596946
154007	6	7580432	7622200
654	6	7717011	7891972
81567	6	7871483	7921047
63915	6	8003800	8074647
9521	6	8063593	8112828
51000	6	8403301	8445794
266553	6	9687863	10221841
7020	6	10383419	10429797
2651	6	10511542	10639601
347744	6	10661651	10705030
55003	6	10685180	10720015
51522	6	10713148	10751577
81853	6	10737995	10780389
4117	6	10752956	10848788
9247	6	10863456	10892098
221711	6	10877064	10984542
54898	6	10970992	11054624
221710	6	11084266	11148971
405754	6	11092722	11122071
4739	6	11173531	11392581
100113407	6	11528460	11593757
84830	6	11701505	11789861
3096	6	12002724	12222270
1906	6	12280529	12307427
221692	6	12706888	13300476
100130357	6	13269527	13307314
51256	6	13295183	13338787
54438	6	13353587	13497869
23408	6	13564506	13625390
51406	6	13602531	13643089
10048	6	13611730	13721796
63933	6	13776781	13824794
221687	6	13914677	13990240
9308	6	14107487	14147149
3720	6	15236206	15532273
84062	6	15513032	15673289
29116	6	16119277	16158479
2766	6	16228811	16305780
6310	6	16289343	16771721
101928433	6	16752102	16775225
401236	6	17092489	17141603
221662	6	17271739	17304102
10486	6	17383447	17568023
51439	6	17590518	17621950
9972	6	17605266	17717065
63971	6	17749414	17997864
378884	6	18110718	18132851
7172	6	18118542	18165374
221656	6	18145619	18234085
7913	6	18214400	18274799
255488	6	18267602	18479105
3400	6	19827579	19852431
154141	6	20089915	20222695
1871	6	20392137	20503945
54901	6	20524688	21242635
6659	6	21583972	21608850
5617	6	22277473	22313082
154150	6	22559678	22580750
140767	6	24116414	24157757
51473	6	24161983	24393520
353219	6	24347131	24368512
57380	6	24393141	24435816
2822	6	24416060	24505433
7915	6	24485197	24547435
9856	6	24534332	24656383
51567	6	24640205	24677115
55856	6	24657263	24715297
81688	6	24695089	24731064
51053	6	24765159	24796327
101928603	6	24787563	24809540
9750	6	24794512	24946275
55604	6	25269656	25630758
10590	6	25642429	25712011
221613	6	25716291	25736790
255626	6	25717137	25737573
10050	6	25744927	25791403
6568	6	25773125	25842287
10786	6	25835328	25884471
10246	6	25902982	25940954
10475	6	25952917	25997557
3024	6	26007260	26028040
8350	6	26010718	26031186
8359	6	26011907	26032278
8366	6	26017124	26037480
8358	6	26021817	26042288
8335	6	26023320	26043796
3018	6	26033455	26053885
8352	6	26035639	26056097
3006	6	26045968	26066699
3077	6	26077422	26106438
8364	6	26094176	26114565
3010	6	26097640	26118364
8347	6	26103389	26134266
8334	6	26114370	26149337
3008	6	26146559	26167343
3017	6	26147419	26181577
8344	6	26174024	26194458
8360	6	26178938	26199304
8351	6	26186982	26209521
3013	6	26189012	26209521
8343	6	26189787	26210216
8367	6	26194873	26215249
8339	6	26206428	26226872
3012	6	26207148	26227711
8353	6	26214427	26237706
3007	6	26224440	26245216
8361	6	26230654	26251021
8369	6	26236839	26257205
8968	6	26240370	26260835
8345	6	26241848	26271783
8355	6	26261146	26281612
8346	6	26263204	26283640
8365	6	26271278	26295844
11118	6	26355387	26388548
10385	6	26373111	26405102
11119	6	26392465	26425444
10384	6	26430700	26463643
11120	6	26448132	26486849
696	6	26490577	26520653
10473	6	26528572	26557165
29777	6	26587171	26610278
79692	6	26624611	26669980
8970	6	27083912	27110743
8969	6	27090817	27111314
85236	6	27096072	27124637
8294	6	27096924	27118258
85235	6	27104861	27125341
10279	6	27205480	27234399
94026	6	27266842	27290011
346157	6	27346524	27381683
7738	6	27408521	27450897
8340	6	27765257	27785709
8329	6	27765977	27786445
8357	6	27767842	27788314
8331	6	27772080	27792518
8342	6	27772822	27793267
8363	6	27781903	27802258
8362	6	27788952	27809305
8341	6	27795544	27831533
8330	6	27795658	27816117
8332	6	27823107	27843576
3009	6	27824570	27845359
8354	6	27829623	27850099
8368	6	27830926	27851289
8356	6	27848093	27868570
8336	6	27850477	27870963
8348	6	27851203	27936100
81697	6	27868963	27890174
26212	6	27915019	27935960
7718	6	28038482	28067341
80345	6	28082334	28107864
7745	6	28099688	28137250
7746	6	28183029	28211265
387032	6	28202404	28237030
222698	6	28217075	28238736
7741	6	28224788	28256001
84547	6	28239314	28280326
64288	6	28282514	28331972
80317	6	28307691	28346954
9753	6	28336598	28377544
222696	6	28389373	28421279
257202	6	28461073	28493570
2880	6	28483789	28512728
114821	6	28529407	28565112
5987	6	28860779	28901768
282890	6	28952562	28983037
26692	6	29001990	29022952
442184	6	29043985	29065090
442186	6	29069587	29090661
26707	6	29131311	29152351
442191	6	29264467	29285432
81696	6	29313007	29334054
81797	6	29331200	29353068
26529	6	29354416	29375448
26531	6	29383281	29434848
442194	6	29397716	29418754
26716	6	29414947	29442099
116511	6	29444543	29465679
10537	6	29513389	29537702
7932	6	29543818	29566745
2550	6	29560005	29610962
4340	6	29614758	29650149
346171	6	29630169	29654931
3134	6	29681117	29705073
554223	6	29749683	29775584
3135	6	29784756	29808899
3105	6	29900247	29923661
30834	6	30019017	30042686
6992	6	30024932	30048110
80352	6	30028043	30053628
11074	6	30060674	30090867
135644	6	30093885	30126512
10107	6	30109722	30138711
89870	6	30120968	30150473
7726	6	30142232	30191271
56658	6	30284227	30321506
202658	6	30287088	30324635
79897	6	30302897	30324635
3133	6	30447183	30471982
2794	6	30499154	30535371
80742	6	30514486	30542473
23	6	30529170	30569309
5514	6	30558177	30595084
28973	6	30575275	30604174
79969	6	30584613	30624598
221545	6	30604816	30630987
8449	6	30610896	30650830
170954	6	30634166	30665672
11270	6	30645824	30669197
9656	6	30657584	30695458
203068	6	30678012	30703199
10211	6	30685506	30720687
8870	6	30700976	30722327
780	6	30840694	30877933
2968	6	30865957	30891883
57176	6	30871982	30904236
389376	6	30889127	30909952
135656	6	30898777	30931998
394263	6	30941485	30967675
100507679	6	30963729	31013179
29113	6	31069000	31090332
170679	6	31072608	31117869
1041	6	31072865	31098252
170680	6	31095311	31117127
54535	6	31100216	31136015
6941	6	31116303	31144183
5460	6	31122114	31148451
3107	6	31226526	31249913
3106	6	31311649	31334989
100507436	6	31357561	31393090
4277	6	31452054	31488901
401250	6	31486739	31508008
7919	6	31487996	31520252
534	6	31502228	31524625
4795	6	31504628	31536606
4049	6	31529876	31552101
7124	6	31533344	31556113
4050	6	31538335	31560202
7940	6	31543956	31566686
259197	6	31546660	31570762
199	6	31572969	31594798
7916	6	31578450	31615554
7917	6	31596805	31630953
55937	6	31610187	31635987
57827	6	31616075	31638549
7918	6	31619006	31644060
1460	6	31622995	31647844
58496	6	31628728	31650227
80741	6	31634461	31658150
7920	6	31644726	31681137
259215	6	31664625	31688372
58530	6	31673048	31695698
80740	6	31676425	31699511
80739	6	31681121	31704487
23564	6	31684817	31708039
1192	6	31688358	31715095
4439	6	31697725	31740455
401251	6	31720773	31742627
80737	6	31723178	31755108
7407	6	31735295	31773712
57819	6	31755169	31784761
3305	6	31767396	31800093
3303	6	31772952	31795719
3304	6	31779964	31808032
50854	6	31792693	31817541
4758	6	31816829	31840709
80736	6	31820969	31856823
10919	6	31837536	31875464
717	6	31855562	31923449
221527	6	31857394	31879769
629	6	31903721	31929861
7936	6	31909864	31936864
6499	6	31916581	31947532
1797	6	31927588	31950032
8859	6	31928952	31959223
720	6	31939834	31980457
721	6	31972572	32013195
1589	6	31996093	32019447
7148	6	31998932	32087151
1388	6	32073045	32106017
63943	6	32086484	32108067
80863	6	32106140	32129720
9374	6	32111229	32141458
80864	6	32122382	32146062
10554	6	32125983	32155888
6048	6	32136162	32158570
177	6	32138745	32162099
5089	6	32142510	32167963
63940	6	32148543	32173300
4855	6	32152620	32201844
10665	6	32250475	32349705
56244	6	32352513	32384900
101929163	6	32361234	32383967
3122	6	32397619	32422823
3127	6	32475151	32508006
3123	6	32536546	32567613
3117	6	32595169	32622152
3119	6	32617241	32644466
3118	6	32699156	32724664
3120	6	32713837	32741330
3112	6	32770540	32794825
6891	6	32779610	32816547
5696	6	32798494	32822712
6890	6	32802986	32831748
5698	6	32811927	32837628
3109	6	32892406	32918847
3108	6	32906391	32930900
6046	6	32926437	32959282
3111	6	32961959	32987389
3113	6	33022346	33058555
3115	6	33033703	33067473
1302	6	33120469	33170245
6257	6	33151362	33178630
7922	6	33158603	33182214
7923	6	33162414	33184608
6015	6	33166286	33190499
6293	6	33208049	33249723
6222	6	33229852	33254281
8705	6	33234917	33256602
9277	6	33236682	33267304
10471	6	33247374	33268711
5863	6	33249431	33277386
6892	6	33257471	33292164
9278	6	33272182	33295719
1616	6	33276335	33300793
3833	6	33349301	33387701
5252	6	33368773	33394230
51596	6	33374319	33396111
8831	6	33377847	33431466
221504	6	33412356	33435321
578	6	33530323	33558072
3710	6	33577951	33674351
84300	6	33654538	33689528
117283	6	33679415	33724762
221496	6	33728990	33766906
4295	6	33752449	33781793
2914	6	33979623	34133399
3159	6	34194577	34224008
221491	6	34204157	34226904
11165	6	34244971	34370457
100529239	6	34244971	34403902
6204	6	34375231	34403902
29993	6	34423838	34513000
25803	6	34495579	34534110
64771	6	34545065	34674625
6631	6	34714871	34751634
54887	6	34749794	34855291
6882	6	34835555	34865908
23294	6	34847038	35095802
6954	6	35075848	35119187
222663	6	35171824	35230856
7629	6	35216691	35273762
50619	6	35255595	35299548
5467	6	35300335	35405968
2178	6	35410116	35444918
4736	6	35426178	35448558
7005	6	35431374	35474884
7287	6	35455651	35490715
2289	6	35531362	35706360
221481	6	35691567	35726690
389383	6	35734343	35757329
340204	6	35738831	35765841
1208	6	35752759	35775121
222662	6	35763071	35801852
6732	6	35790811	35898957
116369	6	35901291	36002413
1432	6	35985412	36089013
5603	6	36088261	36122301
27154	6	36154408	36210567
285848	6	36200945	36286372
389384	6	36273534	36314662
51513	6	36311998	36365577
222659	6	36348328	36420666
222658	6	36400544	36468918
11329	6	36451666	36525256
6428	6	36552090	36582244
1026	6	36634237	36665116
401258	6	36655628	36710960
57699	6	36698549	36817220
51645	6	36812605	36852800
221477	6	36843640	36906740
221476	6	36906039	36942613
23787	6	36925911	36964327
221472	6	36963423	37006845
5292	6	37127922	37153204
221468	6	37169954	37235931
55633	6	37215528	37310746
9025	6	37311748	37372514
23070	6	37390907	37460637
154467	6	37440696	37477700
266727	6	37590284	37675766
60685	6	37777272	38171637
114781	6	38126227	38618202
2739	6	38633701	38680952
1769	6	38673117	39008574
2740	6	39006557	39066657
55776	6	39061840	39092865
8645	6	39146747	39207251
89822	6	39256777	39292237
83795	6	39272474	39300330
221458	6	39292876	39703181
23500	6	39750159	39882653
4337	6	39862034	39912290
57497	6	40349373	40565126
222643	6	40984640	41016938
222642	6	41000237	41022076
10930	6	41010940	41042630
221443	6	41024526	41050207
4800	6	41030707	41080146
340205	6	41106998	41132087
54209	6	41116244	41140924
79865	6	41147552	41178925
285852	6	41186062	41216120
54210	6	41232999	41264457
9436	6	41293528	41328625
116113	6	41504164	41580122
4188	6	41596194	41631984
7942	6	41641716	41713997
5225	6	41694449	41725139
10817	6	41727914	41757643
29964	6	41738500	41765110
100188893	6	41745181	41767634
25862	6	41747634	41873099
9477	6	41863092	41898877
705	6	41878965	41910784
896	6	41892671	42026610
129685	6	42008251	42065093
647024	6	42058857	42120715
2978	6	42113144	42157794
2979	6	42141022	42172694
55173	6	42164539	42195633
55809	6	42182669	42429943
23304	6	42521748	42671243
5961	6	42654333	42700692
6903	6	42702234	42723884
23506	6	42739790	42846296
285855	6	42837354	42867627
441150	6	42848003	42868554
171558	6	42873545	42903583
10695	6	42886860	42921666
27232	6	42918500	42941618
5190	6	42921611	42956981
4201	6	42938082	42991947
5528	6	42942218	42990083
116138	6	42971841	42999036
88745	6	42979385	43007337
9820	6	42995355	43031683
51069	6	43011767	43038259
89953	6	43017372	43052833
5754	6	43034006	43139458
6722	6	43128920	43159244
23113	6	43139913	43202325
10591	6	43183367	43207211
84630	6	43201222	43265997
10864	6	43255737	43283276
401262	6	43263211	43287005
24149	6	43293808	43347181
89845	6	43385282	43428163
65989	6	43408090	43433786
93643	6	43435261	43484294
221424	6	43464703	43488081
25844	6	43469565	43494728
9533	6	43474777	43507114
57510	6	43480068	43553812
5429	6	43533878	43598260
54676	6	43578218	43606977
9587	6	43587279	43618689
221421	6	43602767	43648935
55168	6	43628934	43665549
7422	6	43727946	43764224
221416	6	43958337	43983695
64928	6	44071372	44105191
55362	6	44084599	44133256
11131	6	44116548	44162139
2030	6	44177242	44211888
3326	6	44203903	44231625
347734	6	44211838	44235283
4794	6	44215903	44243525
441151	6	44228480	44257182
202500	6	44237248	44275458
57505	6	44256463	44291094
221409	6	44300383	44354904
988	6	44345251	44428161
8464	6	44784467	45355788
860	6	45286054	45528819
53405	6	45856188	46058085
22875	6	46087701	46124436
59084	6	46116922	46148737
10231	6	46178467	46469804
51302	6	46507317	46630567
9481	6	46610652	46655927
221400	6	46645612	46682056
7941	6	46662053	46713430
100287718	6	46704654	46736955
4224	6	46751094	46817519
221395	6	46810242	46932681
266977	6	46957116	47020082
27242	6	47189263	47287683
23607	6	47435482	47604999
222611	6	47614223	47675533
221393	6	47656289	47699757
221391	6	47739775	47804117
442213	6	47835157	48046425
4594	6	49388073	49441041
55166	6	49421054	49470820
389396	6	49457671	49505777
135398	6	49508113	49533166
6005	6	49562888	49614587
7180	6	49650071	49691911
10321	6	49685089	49722168
5232	6	49743364	49765053
167	6	49791970	49854809
403339	6	49903814	49927157
245928	6	49918005	49941818
245927	6	49926390	49947338
245913	6	49966851	49999694
245915	6	50001288	50026364
83741	6	50671257	50750746
7021	6	50776439	50825326
5314	6	51470145	51962423
3605	6	52041185	52065436
112744	6	52091484	52119298
4172	6	52118812	52159679
85315	6	52216926	52282575
114327	6	52274994	52370583
9697	6	52352200	52451862
28978	6	52525884	52561386
2939	6	52604885	52638361
2938	6	52646178	52678664
221357	6	52686540	52720893
2940	6	52751437	52784496
2941	6	52832746	52870178
22858	6	52856097	52936676
26268	6	52912586	52975671
8521	6	52981759	53023624
60481	6	53122196	53223977
2729	6	53352139	53419927
401265	6	53502699	53540506
55227	6	53649295	53799490
90523	6	53873714	54141078
27283	6	54163203	54264950
222584	6	54701569	54819897
3062	6	55029071	55157538
389400	6	55182267	55277291
54511	6	55289171	55454012
653	6	55608451	55750388
81578	6	55911388	56122544
667	6	56312785	56829426
221336	6	56809773	56902450
57691	6	56901343	56930023
26036	6	56944808	57045103
9532	6	57027104	57060013
51715	6	57041790	57097112
100463487	6	62274008	62294534
202559	6	62379865	63006100
51557	6	63975856	64039882
7803	6	64271917	64303493
23469	6	64335707	64434407
346007	6	64419876	66427118
441155	6	66001311	66025506
577	6	69335210	70109403
55788	6	70375641	70517049
1310	6	70566448	70932157
1297	6	70915743	71022786
57579	6	71113107	71280877
135154	6	71266625	71308606
60682	6	71367474	71581718
135152	6	71556914	71677101
79627	6	71988477	72023267
22999	6	72586406	73122845
56479	6	73321571	73918574
100129128	6	73923267	73945175
80759	6	73941037	74029938
340168	6	74052785	74073999
154288	6	74062400	74083898
441161	6	74068278	74089515
55510	6	74094285	74137289
115004	6	74124856	74172043
25821	6	74161454	74221179
1915	6	74215473	74240755
26503	6	74293102	74373737
135228	6	74395508	74548041
1303	6	75784042	75925623
1347	6	75937391	75963644
55754	6	75952638	76004632
27145	6	75994607	76213516
26054	6	76301596	76437997
4646	6	76448893	76639254
3617	6	76621062	76792335
3351	6	78161948	78183120
101928601	6	78350302	78644476
134728	6	79567261	79724545
55023	6	79634136	79798011
9324	6	79900962	79954455
167691	6	80184708	80257147
83699	6	80331000	80423369
89758	6	80503304	80590137
6785	6	80614529	80667315
7272	6	80704322	80762244
594	6	80806344	81065987
55603	6	82356829	82472607
25998	6	82869956	82967448
7162	6	83062923	83087134
90025	6	83592186	83785545
23033	6	83767385	83891069
5238	6	83864592	83913655
112611	6	83893032	83918654
4199	6	83910108	84150938
167681	6	84212194	84245423
9892	6	84252604	84429127
134701	6	84552985	84577234
51167	6	84559370	84680146
112609	6	84722746	84810606
22832	6	84823960	84947386
9096	6	85432214	85483954
4907	6	86149302	86215509
57231	6	86205214	86313850
10492	6	86307502	86363568
3354	6	87637024	87736397
1081	6	87785216	87814865
101928870	6	87851525	87875307
23036	6	87855269	87983926
375519	6	87982696	88048996
57150	6	88022306	88062043
206412	6	88044571	88085381
154313	6	88107690	88184191
10559	6	88172637	88232057
57038	6	88213656	88309735
23595	6	88289785	88387172
55122	6	88374578	88421985
81833	6	88747507	88786550
1268	6	88839583	88886063
8732	6	89309988	89683440
10957	6	89780429	89804879
135295	6	89795678	89837800
135293	6	89840047	89885288
2569	6	89877223	89951007
2570	6	89956840	90035018
51465	6	90026344	90072619
58528	6	90064335	90131995
22881	6	90132897	90353553
57226	6	90331943	90358474
23195	6	90342494	90539442
9994	6	90529619	90594155
84694	6	90594188	90615819
60468	6	90626247	91016627
6885	6	91213292	91307020
2045	6	93939738	94139302
79694	6	96015373	96067333
10690	6	96453845	96673488
23376	6	96959702	97013152
9457	6	97000406	97077806
81491	6	97231998	97295353
29078	6	97327187	97355767
114792	6	97362496	97598630
253714	6	97580037	97741126
5454	6	99272580	99296666
26235	6	99311601	99405882
84553	6	99710793	99807594
51805	6	99807279	99852082
25957	6	99836534	99883263
85015	6	99870182	99973565
100130890	6	99958870	99991061
892	6	99980263	100026849
59336	6	100044650	100073454
84539	6	100357786	100452114
6492	6	100822891	100922805
10973	6	100946325	101339243
2898	6	101831584	102527958
57531	6	105165968	105317794
389421	6	105374874	105541207
11149	6	105534697	105595049
64208	6	105595775	105637858
5550	6	105715442	105860999
639	6	106524195	106567814
9474	6	106622351	106783695
202	6	106798683	107028335
84816	6	107008903	107087373
55278	6	107067441	107126292
51250	6	107339407	107382546
57673	6	107376385	107446371
57107	6	107463761	107790779
55084	6	107801317	107992513
256380	6	108013361	108155521
11231	6	108178960	108289482
28962	6	108352613	108405941
7101	6	108477215	108520013
8724	6	108522712	108592478
246269	6	108606098	108856751
2309	6	108871026	109015972
84071	6	109159617	109305352
27244	6	109297640	109425708
285753	6	109406329	109495115
389422	6	109495723	109561438
100996634	6	109547817	109602217
8763	6	109677717	109713762
285755	6	109701418	109772374
6610	6	109751849	109775125
64780	6	109755265	109797171
9841	6	109773719	109814440
221264	6	109804059	110022415
9896	6	110002424	110156634
2830	6	110289459	110311923
8936	6	110411022	110511219
51362	6	110491624	110563423
728464	6	110556666	110689475
8528	6	110699545	110746839
85413	6	110735890	110807844
23097	6	110921181	111146590
262	6	111125823	111226916
112495	6	111269763	111299091
84154	6	111293274	111357299
117247	6	111398728	111554608
91749	6	111570482	111600263
5980	6	111610234	111814421
10758	6	111866581	111937477
2534	6	111971535	112204655
8838	6	112365278	112400889
51175	6	112381860	112418751
619208	6	112398674	112433993
3910	6	112419134	112585924
442247	6	112658532	112682498
4082	6	114168527	114194652
3066	6	114247320	114302359
222537	6	114366750	114673540
2444	6	116252691	116407360
221294	6	116411999	116576853
1300	6	116430085	116457296
23270	6	116561127	116585261
7259	6	116586022	116611280
29940	6	116591231	116772422
441168	6	116772533	116794948
100128327	6	116807646	116876773
254228	6	116822808	116849709
221301	6	116840176	116890031
51389	6	116882583	116924438
345895	6	116927642	116964148
221302	6	116946781	116999973
3841	6	116992367	117073030
221303	6	117063360	117096886
222545	6	117103248	117160256
222546	6	117188376	117263326
245806	6	117576721	117604728
6098	6	117599530	117757018
285761	6	117793803	117901021
57120	6	117871432	117933705
116150	6	117986617	118041890
222553	6	118218689	118648839
387119	6	118771935	119041238
5350	6	118859442	118891587
254394	6	119124612	119266327
25842	6	119205241	119240336
79632	6	119270992	119480552
4121	6	119488366	119681774
221322	6	121390627	121665646
2697	6	121746745	121780873
3298	6	122710696	122764264
57515	6	122754493	122803051
5570	6	122783062	123057518
2173	6	123090646	123115219
10924	6	123099601	123140865
134829	6	123307582	123395063
10345	6	123527484	123968428
154215	6	124114991	125156786
154214	6	125273680	125423779
7164	6	125464876	125594644
51020	6	125586496	125633287
23493	6	126056211	126092415
135112	6	126092307	126263176
135114	6	126267861	126311390
60487	6	126297576	126370422
387103	6	126650660	126680548
84870	6	127429844	127530626
81847	6	127577827	127619707
55862	6	127599857	127675214
9729	6	127749551	127790535
387104	6	127749551	127851938
352999	6	127888319	127922963
387357	6	128019339	128249776
5796	6	128279924	128851870
3908	6	129194286	129847711
93663	6	129887290	130041370
253582	6	130142389	130192416
84456	6	130329728	130472594
154075	6	130455447	130696570
114801	6	130677426	130774569
100507203	6	131138545	131168275
2037	6	131150487	131394462
9465	6	131446826	131614675
383	6	131884344	131915472
9439	6	131885106	131959379
5169	6	131948375	132078550
79541	6	132011609	132032541
643854	6	132019581	132042157
5167	6	132119156	132226295
1490	6	132259316	132282518
26002	6	132607194	132732664
8417	6	132768663	132844337
134860	6	132849427	132870475
83551	6	132863832	132884860
319100	6	132881461	132902498
9038	6	132899731	132920877
9287	6	132928289	132955414
134864	6	132956123	132977142
8876	6	132991997	133045194
55350	6	133033926	133065904
8875	6	133055009	133094598
116843	6	133080507	133129747
6206	6	133125708	133152007
2070	6	133551512	133863258
6943	6	134200259	134226675
9519	6	134263308	134318638
154091	6	134298719	134383789
6446	6	134480384	134649196
64577	6	135228528	135281260
10767	6	135271516	135386036
4602	6	135492453	135550311
54806	6	135594670	135828903
27115	6	136162834	136526709
113115	6	136542168	136581449
9774	6	136568001	136621783
9053	6	136653419	136881957
4217	6	136868184	137123656
5191	6	137133702	137245072
340146	6	137233402	137256777
53832	6	137311108	137376317
116379	6	137454957	137504785
3459	6	137508621	137550981
167826	6	137803336	137825531
7128	6	138178325	138214451
64065	6	138399642	138438660
57221	6	138473053	138675800
59351	6	138527123	138549627
23593	6	138715336	138744582
57224	6	138733180	138903726
100507462	6	139036348	139104816
25901	6	139084657	139124456
345930	6	139107248	139235207
85021	6	139215620	139319419
58527	6	139339819	139374439
51696	6	139446249	139511946
167838	6	139551198	139655148
10370	6	139683392	139705787
4829	6	142386745	142419936
51534	6	142458372	142552085
57211	6	142613056	142777403
3097	6	143062604	143277495
51390	6	143371979	143671441
134637	6	143733969	143781841
8504	6	143761918	143821753
2519	6	143805949	143843020
9749	6	143919317	144162322
84946	6	144154508	144194943
153918	6	144175573	144269483
5325	6	144251437	144395736
83443	6	144406018	144426754
8676	6	144451770	144523076
7402	6	144596434	145184170
7957	6	145936440	146067128
84085	6	146109271	146145929
257218	6	146195943	146295421
2911	6	146276032	146768782
10981	6	146854828	146886086
79747	6	146910136	147146598
134957	6	147515494	147721612
389432	6	147819807	148068677
23328	6	148653729	148883185
10090	6	149058063	149408126
23118	6	149629436	149742747
387082	6	149711284	149732182
340152	6	149758766	149816148
85313	6	149815631	149877238
116254	6	149877528	149922067
11104	6	149906009	149980154
9113	6	149969289	150049392
348995	6	150035457	150077688
5110	6	150060831	150142557
84918	6	150129894	150196398
135250	6	150194511	150227195
353091	6	150228014	150254269
80328	6	150245901	150280371
80329	6	150275110	150304846
154064	6	150331266	150356668
79465	6	150373341	150400940
81706	6	150454188	150581528
389434	6	150679987	150735765
57480	6	150910999	151174801
25902	6	151176815	151433023
9590	6	151551134	151689694
57621	6	151675250	151722677
55005	6	151715897	151783316
79624	6	151763422	151801236
80129	6	151805175	151952328
2099	6	152001631	152434409
23345	6	152432819	152968534
80177	6	153009030	153055717
7432	6	153061932	153090900
26271	6	153281658	153314740
54516	6	153298400	153333925
26575	6	153322026	153462389
4988	6	154321631	154578001
26034	6	154465618	154687900
154043	6	154716433	154841753
101928868	6	154821889	154853434
22828	6	155044512	155292708
26230	6	155306488	155588857
51106	6	155564495	155645631
49861	6	155575147	155607682
50508	6	155706502	155787037
57492	6	157088980	157541913
729515	6	157700054	157755253
79683	6	157792557	158108293
51429	6	158127078	158376109
8871	6	158392888	158530208
84947	6	158520536	158599312
404672	6	158579379	158630376
56995	6	158643268	158942860
57583	6	158947468	159066467
6993	6	159047506	159075804
94120	6	159055931	159195908
7430	6	159176773	159250456
100130967	6	159280887	159341385
83861	6	159388077	159431424
117289	6	159445500	159476184
84624	6	159580429	159703140
6648	6	160090148	160124353
9589	6	160137712	160187351
39	6	160172989	160210087
6950	6	160189530	160222135
29074	6	160201492	160229461
154197	6	160211281	160251736
4142	6	160310218	160339339
3482	6	160380131	160537583
6580	6	160532821	160590147
6582	6	160627794	160689963
6581	6	160759405	160883613
4018	6	160942506	161107478
5340	6	161113225	161185086
4216	6	161402816	161548417
56895	6	161541057	161705107
5071	6	161758590	163158834
135138	6	163138164	163746524
9444	6	163825675	164009628
168090	6	165683153	165733111
10846	6	165730776	166085588
6862	6	166561144	166592157
285800	6	166708788	166732011
113402	6	166723516	166765991
51660	6	166768407	166806501
6196	6	166812854	167285948
8635	6	167332992	167380077
11116	6	167402805	167468064
1235	6	167515295	167564168
2853	6	167560360	167581319
401285	6	167574081	167606396
54346	6	167694803	167739502
83887	6	167728574	167766177
6953	6	167776577	167807998
4301	6	168217602	168382703
100128124	6	168366604	168387619
3834	6	168408553	168455769
79981	6	168446425	168492237
168002	6	168683510	168730459
64094	6	168831831	169078674
7058	6	169605875	169664137
253769	6	169847303	170112159
387263	6	170092238	170116402
55274	6	170094001	170134106
6991	6	170130215	170161638
55780	6	170141718	170191680
28514	6	170581288	170609815
84498	6	170605812	170726155
5689	6	170834204	170872417
6908	6	170853384	170891958
5134	6	170874660	170903780
101929692	6	171020548	171053614
56975	7	182969	310740
100288524	7	320136	344388
5154	7	526895	569481
5575	7	578834	777313
54919	7	756338	836116
23353	7	845194	924557
51608	7	906191	946073
11033	7	927537	1005208
90639	7	994486	1025235
54905	7	1010100	1039276
84310	7	1026623	1187911
115330	7	1074218	1108905
2852	7	1116443	1143451
90637	7	1182543	1209855
340260	7	1262654	1286613
79778	7	1463995	1509138
26173	7	1499913	1554018
7975	7	1560368	1592679
202915	7	1571871	1606066
84262	7	1596968	1619668
392617	7	1738798	1797590
8379	7	1845428	2282583
29960	7	2263830	2291840
4521	7	2271857	2300780
29886	7	2281405	2364099
8662	7	2384474	2430380
55501	7	2433195	2484242
402635	7	2504772	2526489
3955	7	2542163	2578811
221927	7	2567444	2605392
23288	7	2588617	2664368
80727	7	2661603	2714436
155185	7	2709163	2765069
2768	7	2757739	2893963
84433	7	2935709	3093579
221935	7	3331080	4318632
221937	7	4711930	4821074
9907	7	4805262	4844026
55698	7	4828736	4933335
56903	7	4887369	4911625
221938	7	4921876	5008844
57786	7	5075452	5119119
100533952	7	5075452	5122854
26100	7	5219835	5283486
222962	7	5312561	5353704
84629	7	5336421	5473177
80028	7	5505428	5563423
60	7	5556779	5580232
6624	7	5622436	5656287
54476	7	5649672	5831361
654231	7	5910429	5935994
51622	7	5928341	5975605
222967	7	5955777	6020322
5395	7	6002870	6058737
7965	7	6038882	6073465
27102	7	6051878	6108860
100310846	7	6061007	6086183
84132	7	6134550	6211195
9265	7	6191407	6322242
84792	7	6359040	6398590
5879	7	6404126	6453598
221955	7	6438747	6497837
11014	7	6490712	6533849
392862	7	6526409	6601067
55146	7	6607065	6638610
79034	7	6619681	6658357
54753	7	6645398	6673921
100131017	7	6666953	6707910
7559	7	6718064	6756566
728194	7	6783732	6848396
221960	7	6828566	6875926
56913	7	7212178	7298282
340267	7	7388244	7585460
54468	7	7596522	7657112
6119	7	7666347	7768238
729852	7	7670342	7928854
113263	7	7998374	8138710
3382	7	8142814	8312242
30010	7	8463585	8802593
4697	7	10961580	10989813
9678	7	11003495	11219250
221981	7	11400062	11881824
54664	7	12240848	12286890
221806	7	12360509	12453852
85477	7	12599989	12703228
10124	7	12716452	12740559
2115	7	13920854	14041050
1607	7	14174674	14953281
392636	7	15229943	15611640
4223	7	15640837	15736308
729920	7	16117152	16470947
25928	7	16491106	16515562
100506049	7	16556505	16631114
57037	7	16629401	16695442
28969	7	16675759	16756148
27075	7	16783351	16834161
10551	7	16821437	16854738
155465	7	16889030	16931613
196	7	17328276	17395775
23161	7	17820385	17990141
221823	7	18056397	18077486
9734	7	18116572	19049135
7291	7	19029315	19167295
222894	7	19170618	19195044
221830	7	19725085	19758660
256130	7	19748938	19822404
346389	7	20164278	20267013
3696	7	20360345	20465382
340273	7	20645245	20806637
221833	7	20811894	20836508
6671	7	21457689	21564440
8701	7	21572833	21951451
55536	7	21930517	21995542
9771	7	22147908	22406751
256227	7	22449063	22549901
3569	7	22756766	22781621
54543	7	22842251	22872471
84668	7	22970878	23063814
55975	7	23135353	23225040
11097	7	23211446	23250630
10457	7	23276305	23324729
115416	7	23328940	23359180
10643	7	23339828	23519995
29896	7	23534399	23581656
90693	7	23626998	23694327
340277	7	23709231	23752269
56164	7	23739786	23882132
4852	7	24313807	24341484
51678	7	24603007	24743322
1687	7	24727974	24807639
26031	7	24826159	25029818
54205	7	25148270	25174980
136895	7	25154819	25229966
64111	7	25254189	25278105
646588	7	25684948	25712806
9603	7	26181847	26236757
3181	7	26219547	26250413
11335	7	26230831	26263227
29887	7	26321515	26423949
285941	7	26667490	26696924
8935	7	26687397	27044862
3198	7	27122612	27145625
3199	7	27129973	27152394
3200	7	27135803	27189805
3201	7	27158126	27180399
3202	7	27170671	27202309
3203	7	27175202	27197393
3204	7	27183335	27206296
3205	7	27192057	27215149
3206	7	27200210	27229880
3207	7	27210776	27234835
3209	7	27226499	27249725
2128	7	27272164	27297438
11112	7	27555059	27712620
8887	7	27768992	27879386
221895	7	27860192	28230437
9586	7	28328940	28875511
9865	7	28982974	29008029
54504	7	29025247	29235213
1124	7	29223991	29563944
222171	7	29593039	29616911
101928208	7	29750114	29792218
644150	7	29836170	29966682
9805	7	29949719	30039905
55033	7	30040199	30076417
84725	7	30057977	30167961
222166	7	30164552	30212381
223082	7	30313923	30417308
10392	7	30454143	30528426
101928268	7	30489667	30519718
79017	7	30526237	30554457
2617	7	30624181	30683649
1395	7	30681559	30749719
11185	7	30781689	30816152
84182	7	30801033	30942408
358	7	30941415	30975131
2692	7	30993636	31029146
117	7	31082076	31161093
63974	7	31367075	31390538
223075	7	31543685	31708334
10842	7	31716631	31758069
5137	7	31781666	32349016
23658	7	32514945	32544870
23080	7	32525101	32638327
25948	7	32897778	32941468
11328	7	32987005	33056543
51251	7	33043725	33112409
6100	7	33124409	33159002
27241	7	33159144	33655680
55025	7	33755567	33778068
168667	7	33934523	34205484
387129	7	34687897	34927944
23333	7	34958491	35087653
57057	7	35232042	35303711
64224	7	35662269	35744772
989	7	35830596	35956715
80820	7	36182836	36351152
23366	7	36353759	36439734
54443	7	36419415	36503400
313	7	36542549	36774154
9844	7	36882511	37498895
353345	7	37560212	37791888
51314	7	37877930	37950003
6424	7	37935534	37966525
54749	7	37950163	38001543
83930	7	38207808	38280272
6965	7	38269625	38417656
445347	7	38289243	38367285
273	7	38413297	38681167
27072	7	38753543	38958800
11281	7	39007609	39514390
57002	7	39595984	39661681
5898	7	39653152	39757723
8621	7	39979959	40146733
136647	7	40162342	40184251
79783	7	40164575	40910366
3624	7	41718601	41752706
2737	7	41990547	42287469
79020	7	42938223	42961689
5683	7	42946460	42981805
64983	7	42961804	42987456
23072	7	43142198	43613213
9263	7	43612692	43676978
55744	7	43638052	43779140
644	7	43788272	43856941
64951	7	43896157	43919145
100534592	7	43896157	43956231
55665	7	43905485	43975996
51619	7	43956035	44005735
285955	7	44028552	44059723
28988	7	44074239	44111315
5224	7	44092326	44115186
27434	7	44101846	44132129
165	7	44133960	44164164
5425	7	44144279	44173267
58498	7	44168463	44190974
2645	7	44173870	44239022
10652	7	44230577	44263893
816	7	44246749	44375230
23386	7	44411965	44540474
29881	7	44542134	44590914
54606	7	44595016	44624542
222068	7	44607493	44631881
4967	7	44636104	44758669
83637	7	44778168	44819480
5478	7	44826241	44852716
94239	7	44856488	44897725
101929301	7	44900545	44921757
5814	7	44905892	44934960
64005	7	44992260	45028704
83605	7	45029345	45126069
23148	7	45110036	45138493
9238	7	45129699	45161346
10268	7	45187367	45233849
107	7	45604125	45772715
101929008	7	45808810	45832386
3484	7	45917959	45943267
3486	7	45941844	45970871
64759	7	47304752	47631742
401335	7	47684842	47711246
168507	7	47804250	47998071
80099	7	47824889	47869445
3364	7	47992885	48029222
256979	7	48016745	48078724
136288	7	48065108	48110894
7378	7	48118355	48158330
154664	7	48201057	48697091
375567	7	49803257	49971546
11055	7	49967023	50142860
100130988	7	50125682	50208852
63979	7	50501827	50528088
1644	7	50516134	50643154
2887	7	50647760	50871159
23242	7	51073909	51394515
101928675	7	51443716	51465203
285877	7	53093349	53114618
222008	7	54600019	54646948
23480	7	54809940	54836939
1956	7	55076678	55289262
55915	7	55423141	55511435
81552	7	55528303	55650200
101060341	7	55803825	55825854
346288	7	55851237	55940482
349075	7	55945148	56018519
51373	7	56009611	56033034
2631	7	56022270	56077875
5723	7	56068056	56129297
908	7	56109378	56141682
25870	7	56121700	56158365
5260	7	56137616	56170780
51142	7	56159266	56184187
389493	7	56172374	56194090
731631	7	56423866	56445929
101928468	7	56871130	56891929
101928587	7	56884553	56905132
100287294	7	56981848	57022060
90827	7	57177321	57217571
441234	7	57499883	57543265
402269	7	63082986	63155929
100996414	7	63205188	63225875
100996365	7	63207201	63227780
442319	7	63495765	63554444
730291	7	63657581	63690668
168417	7	63678852	63737309
728927	7	63757815	63820017
340252	7	63970255	64033505
51427	7	64116461	64181960
7697	7	64244766	64324178
441239	7	64338648	64360984
10793	7	64353620	64401955
51351	7	64424830	64461414
2086	7	64440733	64477124
168374	7	64828752	64876049
101929322	7	64980495	65030238
154807	7	65328257	65434545
2990	7	65415671	65457301
435	7	65530776	65568330
27297	7	65569805	65629555
8460	7	65660259	65835438
154881	7	66083868	66123964
27342	7	66137151	66286451
55069	7	66376203	66433538
51119	7	66442690	66470588
55253	7	66451792	66714507
26053	7	69053905	70267885
64409	7	70587523	71188586
83698	7	71234476	71922136
441250	7	72013729	72308813
9883	7	72339906	72431979
378108	7	72420016	72449997
55695	7	72706513	72732864
135892	7	72716532	72752085
8468	7	72732155	72782646
8326	7	72838109	72860450
9031	7	72844728	72946628
9275	7	72940683	72982065
26608	7	72973274	73003013
51085	7	72997524	73048903
155382	7	73072174	73096440
84277	7	73085248	73107781
114049	7	73087898	73122551
6804	7	73103535	73144032
83451	7	73140424	73163190
1365	7	73173327	73194600
1364	7	73235193	73257015
155368	7	73238920	73266855
135886	7	73265489	73290223
2006	7	73432119	73494237
3984	7	73488107	73546855
7458	7	73578706	73621429
7462	7	73614087	73654164
5982	7	73635832	73678788
7461	7	73693805	73830273
9569	7	73858120	74026931
2969	7	74061991	74185022
653361	7	74178309	74213720
84163	7	74200483	74277872
81554	7	74431223	74499717
389524	7	74498187	74575623
442590	7	74685028	75143628
729438	7	74797605	74877341
375593	7	75011234	75044896
100101267	7	75036060	75125565
3092	7	75152619	75378290
10344	7	75388842	75429064
6369	7	75430766	75462674
57414	7	75498317	75528244
5447	7	75534420	75626173
83862	7	75606155	75633992
51657	7	75615610	75687321
4191	7	75667182	75706826
101927160	7	75690726	75711711
222183	7	75821211	75926609
3315	7	75921875	75943614
7532	7	75946108	75998342
136853	7	76008646	76049012
7784	7	76016841	76081388
113878	7	76080972	76145312
80761	7	76129650	76167200
100505767	7	76152874	76699911
22932	7	76229303	76266620
57639	7	76741934	76934534
10875	7	76812688	76839150
54103	7	76930068	77055719
5782	7	77156773	77279388
222194	7	77315743	77419120
85025	7	77413045	77437747
57157	7	77418109	77596821
9863	7	77636374	79093121
2770	7	79754140	79858725
346562	7	80077987	80151242
948	7	80221504	80318593
10512	7	80361854	80561695
3082	7	81321444	81409452
781	7	81565760	82083031
27445	7	82373321	82802197
9723	7	82983222	83288479
10371	7	83577659	84132040
223117	7	84614508	84826171
2913	7	86263230	86504193
222223	7	86496222	86699014
101927420	7	86770739	86791643
9988	7	86771677	86835648
79161	7	86815477	86859889
54677	7	86964951	87039112
5244	7	87021361	87115019
5243	7	87123179	87352639
154661	7	87247729	87471613
55972	7	87452885	87515692
10926	7	87495544	87548856
53616	7	87553566	87842204
6717	7	87824430	87866308
79689	7	87895744	87946228
219578	7	88378753	88976346
219557	7	88413420	88435031
26872	7	89773689	89804141
261729	7	89831000	89876992
79846	7	89864488	89950377
85865	7	89965341	90030769
9069	7	90022648	90055268
5218	7	90215681	90849905
8321	7	90883783	90908132
7978	7	91492021	91520016
10142	7	91560181	91749987
1595	7	91731463	91774059
401387	7	91764169	91818900
889	7	91818283	91885414
54467	7	91865530	92040698
57798	7	92066762	92099381
30816	7	92087694	92117229
5189	7	92106337	92167845
84060	7	92148079	92177319
257415	7	92180072	92229706
1021	7	92224235	92475941
54809	7	92718826	92757336
219285	7	92749368	92787689
253012	7	92807899	92865783
55610	7	92851653	93000435
799	7	93043799	93214042
7980	7	93504709	93530303
2792	7	93525820	93550485
2791	7	93541016	93565826
10282	7	93582082	93643693
1278	7	94013873	94070544
64921	7	94128838	94196331
8910	7	94204536	94295521
23089	7	94275637	94309007
55607	7	94526949	94935727
5444	7	94917669	94963884
5446	7	94979181	95035702
5445	7	95024174	95074636
51666	7	95105213	95179543
5166	7	95202809	95235925
1780	7	95391818	95749634
10165	7	95739532	95961459
401388	7	96100938	96142835
7979	7	96308079	96349203
1750	7	96625290	96650352
1749	7	96639702	96664143
57001	7	96735905	96821075
6863	7	97351271	97379784
440	7	97471429	97511854
4951	7	97604012	97629416
22853	7	97726197	97848945
168620	7	97830759	97854769
25851	7	97834755	97891563
25798	7	97900972	97962972
55971	7	97910962	98040427
4885	7	98236597	98269181
222865	7	98434111	98477673
8295	7	98466113	98620866
57154	7	98615058	98751743
402569	7	98761197	98815089
10552	7	98913496	98973885
10095	7	98962298	99014226
11333	7	98982296	99016305
8896	7	98996243	99027239
26024	7	99004362	99055811
100526740	7	99004362	99073824
10898	7	99026563	99064996
9551	7	99045784	99073824
285989	7	99060476	99095408
84124	7	99074142	99107925
23660	7	99092273	99141445
221786	7	99133923	99166115
79027	7	99146034	99184076
100289187	7	99185702	99218456
221785	7	99204571	99285204
1577	7	99235813	99287636
100861540	7	99272302	99342819
1551	7	99292660	99342853
1576	7	99344583	99391811
64816	7	99415636	99473727
81392	7	99463685	99484656
89122	7	99478030	99527223
349149	7	99510892	99541833
563	7	99554350	99583735
7586	7	99603204	99652803
7589	7	99637390	99672663
7551	7	99651470	99690171
10980	7	99676583	99699823
4176	7	99680351	99709563
9179	7	99689130	99714803
6878	7	99694693	99727481
245812	7	99707265	99733131
255374	7	99714317	99736121
389541	7	99736530	99761833
55262	7	99742043	99766338
79690	7	99746865	99776373
221914	7	99757229	99784990
10734	7	99765186	99822010
352954	7	99788276	99879855
79037	7	99806147	99829113
441272	7	99895325	99929819
29990	7	99945626	99975454
29992	7	99961068	100007722
55063	7	99988449	100037037
56257	7	100016321	100041749
221908	7	100022900	100044468
402573	7	100044238	100072063
81628	7	100054142	100086902
222950	7	100071550	100102425
3268	7	100126834	100175843
100316904	7	100159851	100181487
4034	7	100161634	100193806
101927655	7	100161654	100182705
26261	7	100173840	100208740
5118	7	100189882	100215798
64598	7	100199725	100223003
7036	7	100208039	100250332
51412	7	100230720	100264084
2783	7	100261363	100286792
64599	7	100267130	100296870
10248	7	100293676	100315123
2056	7	100308423	100331323
7455	7	100321249	100405419
2050	7	100390187	100435143
56996	7	100440337	100474634
7205	7	100454950	100481076
51593	7	100462701	100496285
402682	7	100476344	100497339
43	7	100477615	100503754
4584	7	100537086	100621617
10071	7	100602904	100672230
140453	7	100653364	100712140
81844	7	100718786	100743909
5054	7	100760370	100792547
1174	7	100787685	100814557
7425	7	100795790	100820862
375607	7	100803774	100833557
346606	7	100829010	100854302
8985	7	100839258	100871011
10467	7	100850985	100877471
24146	7	100865373	100892101
51024	7	100872893	100899009
64792	7	100946648	100975093
136227	7	100996101	101212304
93408	7	101246605	101282576
1523	7	101449184	101937250
10603	7	101918405	101972178
729597	7	101976192	102007468
100289561	7	101994266	102046780
79706	7	102026804	102077129
80228	7	102063977	102107268
54784	7	102086667	102115321
222229	7	102095335	102123615
5439	7	102103547	102129446
100271927	7	102113586	102168224
548644	7	102168365	102223107
441273	7	102181679	102212757
10156	7	102210093	102267205
246721	7	102267195	102322176
100134938	7	102267472	102293238
100310812	7	102280772	102312531
222234	7	102379399	102459672
222235	7	102443308	102725288
10234	7	102543344	102595558
58160	7	102603884	102629114
83787	7	102705174	102750210
222236	7	102730023	102801081
9512	7	102927873	102980349
27000	7	102942921	102995320
5701	7	102974852	103019842
375611	7	102983177	103096624
5649	7	103102231	103639963
5001	7	103756788	103858495
375612	7	103959104	104559005
55904	7	104644637	104764532
6733	7	104744048	105049614
54517	7	105086948	105172689
60561	7	105162532	105218131
222255	7	105234932	105527046
222256	7	105507251	105686877
6856	7	105720814	105763093
10135	7	105878731	105936373
168455	7	106287211	106311634
5294	7	106495723	106557592
5577	7	106675178	106812256
26959	7	106799406	106852974
10466	7	106832189	107214959
2845	7	107100502	107126125
11062	7	107194402	107228968
55973	7	107210422	107273762
5172	7	107291080	107368254
79872	7	107373942	107412112
1811	7	107395912	107453678
1738	7	107521586	107571643
3912	7	107554244	107653804
22798	7	107653996	107780801
4897	7	107778071	108106841
50640	7	108100866	108178605
168451	7	108192671	108220189
4189	7	108200189	108225294
154907	7	108514038	108534637
83943	7	110293106	111212588
54674	7	110721062	110775510
9732	7	111356164	111856462
11179	7	111836643	111993989
3475	7	112053199	112127258
286006	7	112110908	112140943
64418	7	112395364	112440768
154743	7	112449202	112589932
54329	7	112710468	112737833
5506	7	113506882	113569082
93986	7	113716365	114343827
29969	7	114552169	114669971
22797	7	115565202	115809950
26136	7	115840547	115908840
858	7	116129655	116158595
857	7	116154839	116211239
4233	7	116302406	116448440
830	7	116492533	116569315
7982	7	116583381	116880077
7472	7	116906685	116973343
136991	7	116993276	117077577
1080	7	117110017	117318719
83992	7	117340702	117523561
51691	7	117814086	117854093
56311	7	117854493	117892785
3751	7	119903689	120400387
23554	7	120417374	120508420
54556	7	120580817	120625711
79974	7	120618751	120947498
51384	7	120955421	120991158
10447	7	120978905	121046422
5803	7	121503159	121712090
10157	7	121703598	121794344
389549	7	121931373	121961173
93664	7	121948478	122536813
168433	7	122327766	122349208
378925	7	122331720	122353021
50833	7	122624759	122645754
6561	7	122743588	122850025
154865	7	123081993	123184718
4698	7	123171083	123207958
142685	7	123231882	123287951
442721	7	123285861	123314147
8976	7	123311981	123399125
23553	7	123475220	123527532
6677	7	123555286	123621464
730130	7	123660970	123683523
2861	7	124375655	124416079
154872	7	124407346	124440864
25913	7	124452440	124580037
2918	7	126068652	126902428
168850	7	127000097	127042778
79571	7	127210682	127235654
381	7	127218406	127241759
29999	7	127223689	127251851
5078	7	127240346	127265982
27044	7	127282043	127742659
64101	7	127657124	127681002
3952	7	127871241	127907682
55131	7	127940429	127993962
401399	7	127980379	128011739
3614	7	128022331	128060045
29923	7	128085884	128108472
55798	7	128106783	128152978
101928451	7	128146940	128281752
346653	7	128301743	128338949
84691	7	128339115	128381797
813	7	128369346	128423477
611	7	128402543	128425844
64753	7	128421464	128472187
2318	7	128460436	128509328
9296	7	128492857	128515903
100130705	7	128496464	128522101
375616	7	128506919	128560773
3663	7	128567976	128600089
23534	7	128584234	128705227
340348	7	128774712	128819534
6608	7	128818713	128863386
23382	7	128854855	129080052
57464	7	129064274	129138240
100287482	7	129132320	129162773
4899	7	129241555	129406922
7328	7	129460572	129602800
51530	7	129648126	129701233
23008	7	129700349	129785560
84928	7	129794555	129855338
136263	7	129829317	129866684
1358	7	129896703	129939638
51200	7	129922974	129974020
93979	7	129974630	130018571
1357	7	130010290	130037949
95681	7	130023612	130091051
4232	7	130116016	130156138
26958	7	130136079	130363598
114960	7	130343486	130382268
136259	7	130407382	130428860
4289	7	130784855	131191398
5420	7	131175021	131251376
91584	7	131798091	132343447
54927	7	132459623	132776839
60412	7	132927823	133760514
136332	7	133802105	133958933
84912	7	133964089	134011827
231	7	134117107	134153888
57016	7	134202344	134236166
441282	7	134223849	134274615
669	7	134321531	134374568
800	7	134454164	134665480
340351	7	134661259	134830530
55281	7	134822766	134860967
78996	7	134840532	134865578
29062	7	134858590	134906316
346673	7	134906731	134953244
4850	7	135036547	135204875
23165	7	135232662	135343501
647087	7	135337221	135371160
26266	7	135355979	135422943
389558	7	135403096	135443616
136319	7	135601503	135672204
767558	7	135601503	135672204
1129	7	136543399	136713720
5764	7	136902088	137038606
9162	7	137064385	137541609
64764	7	137549725	137696847
100130880	7	137628094	137652712
6718	7	137751178	137813050
8805	7	138135079	138280333
136306	7	138269030	138395969
50617	7	138381039	138494305
155006	7	138472664	138500769
57670	7	138506126	138676064
92092	7	138700452	138730775
56829	7	138718266	138804466
79989	7	138808490	138884550
254048	7	138905978	139002982
51631	7	139015105	139118203
154791	7	139015196	139041065
100996928	7	139015878	139118203
346689	7	139128088	139178457
154790	7	139198674	139239731
6916	7	139468047	139730125
64761	7	139713544	139774086
80853	7	139774546	139886741
84255	7	140023552	140114024
401409	7	140093843	140136653
23608	7	140142840	140189369
27147	7	140208220	140351285
90956	7	140362730	140405745
4708	7	140386481	140416446
673	7	140405749	140634564
51650	7	140695961	140724781
100507421	7	140764032	141190180
55750	7	141241078	141364209
57189	7	141346528	141411953
494551	7	141398153	141441071
6742	7	141428121	141460288
50831	7	141453897	141474997
50832	7	141468289	141489188
54429	7	141477129	141501338
136242	7	141526078	141551332
130075	7	141608676	141629620
23601	7	141617157	141656783
5726	7	141662431	141683573
8972	7	141685676	141816547
93432	7	141801549	141853783
136541	7	141941958	141967878
6957	7	141988851	142520972
100463482	7	142364131	142385525
5644	7	142447319	142470927
2051	7	142542776	142578847
55503	7	142558956	142593490
56302	7	142595648	142640820
135927	7	142626603	142647957
3792	7	142628201	142669503
135924	7	142713287	142734219
346517	7	142739438	142760379
5304	7	142819174	142846834
259285	7	142870512	142891528
259286	7	142909172	142930143
373156	7	142950506	142976222
135932	7	142972040	142995141
835	7	142975308	143014789
1180	7	143003219	143059097
9715	7	143040493	143089397
100507507	7	143066248	143088295
7791	7	143068338	143098204
2041	7	143078205	143115985
338398	7	143130546	143151502
259287	7	143164966	143185889
441294	7	143258894	143281480
101928422	7	143308043	143343779
285966	7	143308045	143437173
340307	7	143442182	143464843
9747	7	143538461	143609278
135948	7	143622326	143643279
26211	7	143647020	143668108
135946	7	143691090	143712025
393046	7	143737495	143758430
392138	7	143761313	143782245
346525	7	143782201	143803133
442361	7	143796676	143817632
135941	7	143816206	143837138
100128553	7	143870548	143893173
445328	7	143873176	143902791
402317	7	143918876	143946126
401427	7	143945789	143966721
100142659	7	143953767	143976877
346528	7	143999039	144027558
7984	7	144042489	144087725
135935	7	144084333	144117320
27010	7	144139034	144543488
26047	7	145803453	148128090
202865	7	148277657	148322952
8454	7	148385631	148508202
2146	7	148494464	148591441
9601	7	148690154	148735782
136051	7	148756733	148797869
155054	7	148789853	148833438
57541	7	148813508	148890134
8427	7	148882560	148933339
7988	7	148926741	148962700
100289678	7	148949262	148992085
27153	7	149118454	149168053
155061	7	149159884	149204928
84626	7	149402061	149441664
168544	7	149451452	149480295
23145	7	149463131	149541054
643641	7	149525464	149574568
155066	7	149560053	149587787
653857	7	149934301	150030758
65999	7	150010296	150045245
113763	7	150016938	150039810
5919	7	150021033	150048773
29803	7	150055361	150081133
285971	7	150066406	150105719
155038	7	150137748	150186483
168537	7	150201945	150228161
55303	7	150254458	150281043
474344	7	150312463	150339736
26157	7	150372690	150400729
170575	7	150403645	150431368
100527949	7	150403645	150450737
55340	7	150424436	150450737
28959	7	150478375	150508448
55365	7	150487854	150512208
26	7	150514336	150568379
3757	7	150632044	150685402
4846	7	150678144	150721687
285973	7	150699297	150731586
11194	7	150715510	150754869
9311	7	150735379	150759843
1020	7	150740899	150765052
6522	7	150745299	150783614
10922	7	150763708	150787970
83590	7	150768172	150790620
116988	7	150772918	150851523
2636	7	150835676	150874867
136371	7	150862785	150894919
392843	7	150877960	150902611
10061	7	150894923	150934460
54480	7	150919575	150945913
6604	7	150926059	150984231
51667	7	151028785	151085547
349136	7	151067536	151117775
155051	7	151117056	151147256
6009	7	151153098	151227010
51422	7	151243200	151584316
168391	7	151643464	151727019
63917	7	151712774	151829427
58508	7	151822010	152143090
7516	7	152333583	152383250
57180	7	152446834	152562464
101929087	7	152831290	152851673
22976	7	154725400	154804682
3361	7	154852034	154889102
3638	7	155079486	155111945
2020	7	155240824	155267526
285888	7	155283953	155336539
155435	7	155427188	155584179
6469	7	155585558	155614967
389602	7	155745332	155768233
140545	7	156422971	156480377
64327	7	156460537	156695902
64434	7	156732417	156775876
3110	7	156787547	156813347
9690	7	156921655	157072066
10049	7	157119692	157220133
5799	7	157321750	158390482
54892	7	158414002	158507520
57488	7	158513688	158632729
55112	7	158639269	158748883
7434	7	158810866	158947649
101927506	8	3762	25339
441308	8	106086	127024
169270	8	172200	207339
26260	8	346808	429876
157695	8	429790	505781
157697	8	596733	691226
9228	8	867021	1666642
2055	8	1693944	1744736
9639	8	1762149	1916807
101928058	8	1910830	1932833
9920	8	1911949	1965109
9172	8	1983082	2103380
64478	8	2782875	4862328
79648	8	6254113	6511140
285	8	6347172	6430784
55326	8	6555878	6629024
389610	8	6656038	6703166
1672	8	6718097	6745529
1671	8	6772216	6793598
1669	8	6783345	6805786
1667	8	6825171	6847614
728358	8	6844288	6866724
1668	8	6863391	6885816
1670	8	6902829	6924259
401447	8	7179909	7201501
645402	8	7184637	7206229
100131980	8	7205498	7230490
100289462	8	7262385	7284354
55894	8	7276410	7297682
10407	8	7295276	7331192
503618	8	7317830	7342604
503841	8	7330026	7353909
504180	8	7335243	7357073
503614	8	7343368	7376833
100131608	8	7384937	7409839
101929400	8	7527827	7554677
100133251	8	7626246	7651164
245910	8	7659242	7683238
245908	8	7669530	7691360
245909	8	7672694	7696575
140596	8	7683993	7708764
653423	8	7695209	7731319
414325	8	7728726	7750105
1673	8	7742199	7764237
100132396	8	7773859	7819935
392188	8	7819183	7840775
645836	8	7823915	7845507
157285	8	8165258	8253941
137075	8	8549666	8571617
9258	8	8630864	8761131
90459	8	8850314	8900849
79660	8	8983764	9019152
8658	8	9402756	9649856
4482	8	9901830	10296401
203074	8	10373030	10421676
94137	8	10453859	10522617
203076	8	10520147	10568103
83595	8	10571278	10598084
54984	8	10612473	10707394
286046	8	10743654	11068875
66036	8	11132000	11195655
83650	8	11178495	11199695
83648	8	11268972	11334276
640	8	11341521	11432108
2626	8	11524433	11627510
101929490	8	11527185	11565493
252969	8	11617172	11654854
2222	8	11643467	11706818
1508	8	11690033	11735646
613210	8	11821446	11842108
613209	8	11829830	11852099
613211	8	11841489	11863760
100133267	8	11911898	11939256
728957	8	11936847	11983025
392197	8	11979926	12001518
377630	8	11984677	12006269
85002	8	12029613	12061624
245940	8	12158471	12185825
653333	8	12273064	12303909
101928998	8	12357146	12386921
91694	8	12569406	12622992
57604	8	12793183	12897286
10395	8	12930870	13383167
157773	8	13414352	13435797
137868	8	13937373	15105792
7991	8	15387596	15634158
4481	8	15955387	16060300
26281	8	16840334	16869674
286097	8	16874747	16990148
51201	8	17003836	17090241
29883	8	17076737	17114387
137492	8	17094401	17165533
9108	8	17144306	17281040
6542	8	17344597	17438077
5157	8	17423942	17510642
57509	8	17491303	17668729
2267	8	17711894	17777874
5108	8	17770364	17897457
427	8	17903925	17952507
9	8	18017971	18091198
10	8	18238755	18268723
23362	8	18374813	18881196
63898	8	19161081	19263729
55790	8	19251672	19550261
55174	8	19664876	19719589
4023	8	19786582	19834770
6570	8	19992366	20050717
526	8	20044704	20089207
11178	8	20093676	20171492
2675	8	21539530	21682392
9046	8	21756384	21781290
23039	8	21767180	21874096
10361	8	21871621	21904408
8822	8	21890264	21916320
2039	8	21896660	21950036
64760	8	21936695	21972405
79873	8	21954383	21976932
55806	8	21961932	21998566
80346	8	21985533	22009448
203190	8	21994343	22024344
6440	8	22004853	22031992
649	8	22012653	22079839
9796	8	22067216	22099851
661	8	22092619	22118680
55124	8	22122810	22225560
23516	8	22214762	22301642
5533	8	22288483	22408657
10174	8	22392228	22443008
64236	8	22425805	22465538
541565	8	22447114	22471663
101929211	8	22450648	22472925
57805	8	22452145	22487984
55909	8	22467931	22536661
1960	8	22535172	22560815
157310	8	22560765	22795491
23221	8	22834930	22887710
8795	8	22867646	22936700
8794	8	22950327	22984950
8793	8	22983101	23031543
8797	8	23038970	23092680
91782	8	23091150	23129512
203069	8	23135442	23163792
4017	8	23144410	23271722
9583	8	23274687	23325244
51312	8	23376363	23442976
4824	8	23526206	23550450
137814	8	23549964	23574111
6781	8	23689434	23722320
10863	8	24141553	24222726
27299	8	24231798	24273526
8756	8	24288509	24380273
4741	8	24760712	24786607
4747	8	24798468	24824383
80005	8	25032287	25283227
2796	8	25266774	25292556
54793	8	25275363	25325984
157313	8	25306275	25375425
64641	8	25689246	25912640
5520	8	26139007	26240196
665	8	26229894	26280644
10687	8	26352196	26381608
1808	8	26361709	26525693
148	8	26595667	26737003
81551	8	27083814	27126382
23087	8	27132404	27178834
2185	8	27158999	27326908
1135	8	27307278	27346813
2053	8	27338519	27412439
1191	8	27444434	27482328
51435	8	27481100	27544286
55246	8	27580833	27640170
157570	8	27622057	27680141
55872	8	27657138	27705612
286133	8	27717399	27860369
389643	8	27869481	27951431
55140	8	27940584	28058670
5368	8	28164562	28210872
55893	8	28193102	28253983
157574	8	28275925	28357835
7976	8	28341722	28441785
2137	8	28548990	28621207
55756	8	28615175	28757698
79618	8	28737911	28932456
23303	8	28914795	29130610
1846	8	29180579	29218267
51669	8	29910609	29950649
23484	8	29942922	30005222
619373	8	29979187	30012200
10671	8	30003813	30051155
11030	8	30232017	30439778
2961	8	30426031	30525738
100507341	8	30486117	30513473
2936	8	30525578	30595486
7993	8	30591690	30634522
5516	8	30633126	30680352
56154	8	30678939	30780512
29942	8	30843320	30901231
7486	8	30880778	31041277
3084	8	31486820	32632558
84750	8	33218057	33340664
84549	8	33332685	33368778
80185	8	33346027	33380703
79845	8	33395272	33434646
78986	8	33438848	33467546
137970	8	35082975	35664068
157855	8	36631842	36803643
80139	8	37543301	37566396
11160	8	37583743	37625319
11212	8	37609680	37647286
25960	8	37644401	37711504
55290	8	37691398	37717431
80223	8	37706465	37767015
137362	8	37781799	37807664
155	8	37810513	37834184
1978	8	37878020	37927883
9070	8	37952483	38007598
6770	8	37990218	38018783
27257	8	38010839	38044248
9530	8	38024106	38080819
23259	8	38078861	38130351
84513	8	38109035	38136841
54904	8	38117217	38249872
137994	8	38230041	38277045
2260	8	38258656	38336352
389649	8	38358352	38396180
6867	8	38575704	38720546
59339	8	38748753	38841431
203100	8	38821668	38856181
83877	8	38836327	38864335
8754	8	38844505	38972780
203102	8	38955050	39152436
8749	8	39432087	39597583
2515	8	39591254	39705808
3620	8	39761328	39796309
169355	8	39782474	39883910
56892	8	40000987	40022827
79698	8	40378109	40765345
6422	8	41109476	41176990
51125	8	41338081	41378499
84296	8	41376725	41412565
137964	8	41425702	41492520
157848	8	41493829	41518011
286	8	41500744	41764280
7994	8	41776997	41919506
10947	8	42000464	42038701
5327	8	42022236	42075242
3551	8	42118820	42200171
5423	8	42185973	42239331
27121	8	42221586	42244674
7419	8	42239279	42273455
6575	8	42263980	42407356
114926	8	42386298	42418140
1142	8	42542562	42602209
8973	8	42597763	42633929
55145	8	42681817	42708474
81790	8	42694780	42761866
84376	8	42742033	42895682
2339	8	42901442	42950931
84197	8	42938649	42988323
138050	8	42985592	43067970
340441	8	43137585	43228328
23514	8	48163489	48658563
1052	8	48639476	48660726
5591	8	48675669	48882743
4173	8	48862763	48900720
7336	8	48910966	48987268
79645	8	49617474	49657870
6591	8	49820236	49843999
492307	8	49956895	49998642
54212	8	50812349	51716171
137902	8	52222137	52732005
115294	8	52720140	52821735
9705	8	53013392	53332439
389658	8	53436597	53488021
9821	8	53525018	53637026
2831	8	53842468	53863454
4986	8	54128276	54174257
51606	8	54618103	54766099
8601	8	54754368	54881863
6917	8	54869116	54945008
10434	8	54948927	55024577
29088	8	55037781	55071074
64321	8	55360495	55383456
100129098	8	55368154	55392986
6101	8	55518627	55692524
114786	8	56005017	56448714
137695	8	56641317	56695955
96764	8	56675791	56748007
4067	8	56782386	56935006
6224	8	56970739	56997140
4342	8	57015501	57036541
5324	8	57063463	57133859
79145	8	57114315	57141178
195814	8	57202570	57243335
5179	8	57343513	57369282
54928	8	57860488	57916430
90362	8	58897068	59072277
137886	8	59313823	59374060
1581	8	59392737	59422720
6386	8	59455566	59505419
8439	8	59486063	59582404
9760	8	59707977	60041767
767	8	61091423	61203954
5862	8	61419469	61546203
55636	8	61581321	61790587
157807	8	62190514	62424204
444	8	62403115	62637199
286183	8	63151501	63922211
8836	8	63917638	63961610
7274	8	63962047	64008612
253943	8	64071112	64135346
27319	8	65482795	65506191
9420	8	65498529	65721348
55156	8	66504691	66556452
9650	8	66546888	66632798
5150	8	66616569	66763969
85479	8	66923791	67022755
84675	8	67029131	67097720
1392	8	67078612	67100846
23212	8	67331263	67352968
137872	8	67334693	67394260
254778	8	67395491	67440759
4603	8	67464410	67535484
80124	8	67532488	67589452
56260	8	67569787	67607797
100533105	8	67569787	67784257
23678	8	67614653	67784257
157777	8	67772984	67844283
100129654	8	67848736	67884825
286187	8	67866280	67950804
10987	8	67945314	67984562
79848	8	67966588	68118849
10565	8	68075746	68265912
57094	8	68324405	68668620
80243	8	68854244	69153897
116328	8	69232957	69741258
23213	8	70368859	70583147
81796	8	70574110	70757299
63978	8	70953886	70993562
10499	8	71011997	71326062
23471	8	71475453	71530694
51110	8	71539501	71591447
389668	8	71571600	71658177
2138	8	72099668	72469888
9242	8	72743777	72766731
8989	8	72923486	72997819
9312	8	73439626	73860584
7013	8	73911097	73969987
157869	8	73966778	74015507
100130301	8	74143623	74184150
6129	8	74192874	74215869
157506	8	74196837	74247520
27067	8	74322604	74669943
55284	8	74682332	74801145
6921	8	74847373	74894522
54968	8	74878377	74905018
23643	8	74893564	74951314
56704	8	75136935	75243721
54332	8	75252618	75289345
51050	8	75726772	75777264
83690	8	75886708	75956793
3174	8	76442203	76489069
79776	8	77583515	77789521
5828	8	77882494	77923280
5569	8	79418336	79527502
51101	8	79568282	79642000
3574	8	79635007	79727758
11075	8	80513049	80588410
23462	8	80666245	80690098
28957	8	80820952	80952516
7163	8	80937103	81093836
65986	8	81387854	81448500
619279	8	81530686	81797016
55824	8	81870045	82034303
2171	8	82182718	82207012
5375	8	82342561	82369719
646480	8	82360618	82383758
2167	8	82380732	82405473
646486	8	82427216	82456056
3612	8	82559151	82609029
347051	8	82595891	82617207
79752	8	82603566	82643539
92421	8	82634688	82681750
64089	8	82701816	82764539
138046	8	85085453	85844079
85444	8	86009323	86068315
1875	8	86079619	86136753
401466	8	86116288	86142643
377677	8	86147716	86206302
759	8	86230458	86300342
761	8	86341056	86371269
760	8	86366131	86403721
101929601	8	86737543	86759570
101929627	8	86746718	86768745
100288562	8	86792554	86814581
85481	8	87050691	87091851
245972	8	87101139	87176454
157724	8	87216288	87252609
11059	8	87344965	87490181
51115	8	87469627	87536567
8895	8	87516656	87583726
54714	8	87576163	87765903
168975	8	87868676	88404955
138009	8	88872971	88896296
4325	8	89039460	89349717
8767	8	90759335	90813292
734	8	90904096	90950096
4683	8	90935564	91006952
1666	8	91003580	91074232
793	8	91060836	91105107
169200	8	91624223	91668133
64168	8	91793921	91981630
100127983	8	91960706	92007485
55529	8	91996499	92063203
51633	8	92072424	92109323
100130742	8	92104847	92241473
115111	8	92251508	92420378
862	8	92957195	93125454
286144	8	93885758	93988372
389676	8	94136324	94189079
137392	8	94702480	94751481
389677	8	94732798	94763268
91147	8	94757072	94841462
54704	8	94919083	94948296
1015	8	95129394	95239531
2669	8	95251481	95284547
25788	8	95374188	95497343
100861412	8	95429940	95459180
25962	8	95490005	95575746
54845	8	95643364	95729694
286148	8	95722103	95816076
55656	8	95825518	95902721
9134	8	95882452	95919672
94241	8	95928200	95971615
137682	8	96027209	96125685
79666	8	96135949	96178913
157657	8	96247141	96291707
392255	8	97144558	97183020
7381	8	97228904	97257862
51001	8	97241645	97283796
9791	8	97264167	97356774
6383	8	97495579	97634037
10404	8	97647455	98165731
85453	8	98275714	98300192
92140	8	98646375	98752488
55353	8	98777809	98874830
4147	8	98871284	99058948
6156	8	99043938	99067818
203111	8	99066750	99115838
10247	8	99104567	99139418
10940	8	99119521	99182069
79815	8	99192054	99317444
3788	8	99429250	99453025
6788	8	99456859	99964799
116039	8	99946631	99974338
157680	8	100015299	100900447
1345	8	100880223	100916242
26166	8	100963164	101128344
286151	8	101135588	101168099
5440	8	101152839	101176230
6674	8	101160263	101264132
25897	8	101259285	101358446
157567	8	101511980	101582014
169166	8	101575110	101671893
26986	8	101705144	101744969
7534	8	101920804	101975717
51123	8	102199266	102228292
79977	8	102494668	102691954
83988	8	102688770	103147135
50484	8	103206729	103261346
51366	8	103254501	103434947
4956	8	103553848	103583245
7071	8	103651005	103678130
101927245	8	103658635	103708156
51582	8	103828536	103886905
528	8	104023248	104095285
79870	8	104142921	104252533
8323	8	104300661	104355094
115908	8	104373743	104405233
81034	8	104400866	104437563
25879	8	104416942	104465681
9699	8	104502426	105276656
81501	8	105342024	105378917
1807	8	105381652	105489281
29967	8	105491459	105611252
23414	8	106320917	106826767
55074	8	107272406	107774922
137735	8	107761711	107792472
284	8	108251710	108520254
340419	8	108901544	109105913
3646	8	109203972	109270959
9694	8	109445853	109509136
157753	8	109781165	109809770
7201	8	110089653	110141813
84955	8	110243148	110356486
56943	8	110336552	110368189
93035	8	110364706	110553500
9166	8	110541929	110588225
55638	8	110576405	110714020
27012	8	110969233	110997963
114788	8	113225157	114459242
7227	8	116410724	116723299
8667	8	117647055	117778258
84294	8	117768742	117802449
5885	8	117848173	117897105
441376	8	117940464	117966239
169026	8	117952512	118198953
90390	8	118522532	118562510
2131	8	118801602	119134058
401474	8	119191694	119644184
4982	8	119925796	119974383
10584	8	119954527	120129207
114569	8	120210610	120267913
4856	8	120418552	120446678
5168	8	120559317	120695644
6873	8	120733014	120855074
79075	8	120836181	120878170
64798	8	120875900	121073157
7373	8	121127347	121394273
28998	8	121398083	121467647
27085	8	121447638	121545875
6641	8	121537985	121835599
3037	8	122614356	122663675
22882	8	123782510	123996755
79139	8	124015404	124064663
93594	8	124074920	124174393
84985	8	124184752	124232318
84933	8	124222196	124263656
100533106	8	124228429	124296727
11244	8	124250690	124297781
29028	8	124322090	124418705
55093	8	124418965	124464261
114907	8	124500127	124563493
340359	8	124647743	124676041
312	8	124683034	124759647
157769	8	124770679	124837692
654463	8	124854227	125142412
157378	8	125313159	125394940
55039	8	125453048	125475267
11236	8	125477008	125510859
83940	8	125490735	125561329
4715	8	125541343	125590751
9788	8	125553025	125750730
137209	8	125975539	126001631
6713	8	126000720	126044525
9897	8	126026502	126114061
286053	8	126094083	126389367
10221	8	126432563	126460647
157638	8	127554683	127580717
5462	8	128417131	128439455
4609	8	128738315	128763680
56169	8	130750442	130809134
51571	8	130841839	131038897
50807	8	131054350	131465906
114	8	131782546	132063012
23167	8	132906356	133035889
729330	8	133026467	133081627
10086	8	133063733	133127512
3786	8	133123105	133503004
23639	8	133574201	133697863
137835	8	133712191	133782914
51105	8	133777604	133871052
7038	8	133869149	134157146
6503	8	134038973	134125604
8840	8	134193282	134253933
10397	8	134239414	134319835
6482	8	134457091	134594697
57623	8	135480031	135735292
10656	8	136459702	136679068
51059	8	139132266	139519065
169044	8	139590478	139936236
51305	8	140603081	140725299
83696	8	140730324	141478678
54108	8	141511397	141537252
27161	8	141531264	141655646
5747	8	141658481	142021412
22898	8	142128720	142215903
57210	8	142207273	142320241
2843	8	142356585	142387365
11156	8	142392093	142452554
389690	8	142433929	142527330
203062	8	143283441	143494543
575	8	143535377	143636369
23237	8	143682405	143705833
8629	8	143728874	143761412
8000	8	143741726	143774145
54742	8	143771529	143795588
51337	8	143798621	143828350
57152	8	143812362	143833829
137797	8	143821628	143843952
66004	8	143835756	143869640
8581	8	143856298	143878008
2765	8	143906217	143938262
1584	8	143943773	143971236
1585	8	143981975	144009259
4061	8	144089902	144113827
286122	8	144110679	144145720
101928108	8	144152062	144174895
4062	8	144229331	144252053
338328	8	144285068	144309044
286128	8	144318991	144354875
2738	8	144323524	144369101
79943	8	144361651	144392122
116447	8	144381494	144452147
114822	8	144441025	144476390
389692	8	144500230	144522602
23144	8	144509825	144634449
79792	8	144625383	144655232
642475	8	144638362	144664928
93100	8	144646955	144670881
1936	8	144651867	144689845
84948	8	144670074	144692485
65263	8	144676083	144701784
7264	8	144684788	144710358
9831	8	144708183	144745900
286075	8	144756622	144787672
100130274	8	144778864	144800279
225689	8	144788507	144814633
286077	8	144796103	144832710
23513	8	144863090	144907890
22827	8	144888514	144921556
340371	8	144905755	144934200
83481	8	144929492	144962632
5339	8	144979321	145060913
84875	8	145041320	145070635
2907	8	145054226	145077596
375686	8	145076582	145112015
392275	8	145092853	145116170
26873	8	145096167	145125584
54512	8	145123522	145145551
8733	8	145127064	145151119
1537	8	145139960	145162428
81858	8	145143536	145169140
84232	8	145149305	145172515
51236	8	145182672	145205620
727957	8	145192919	145326843
642658	8	145311517	145333045
23246	8	145476056	145525120
3297	8	145505270	145548385
8694	8	145528246	145560582
83482	8	145544228	145569943
340393	8	145566886	145589269
26233	8	145569088	145592183
79581	8	145572217	145594946
203054	8	145587704	145628457
29894	8	145608446	145644733
55630	8	145627798	145652279
51160	8	145638984	145663946
4796	8	145644163	145679871
50626	8	145665315	145701031
90990	8	145681432	145709499
8928	8	145689115	145711718
84988	8	145693365	145737504
2875	8	145719465	145742555
113655	8	145723161	145746596
9401	8	145726667	145753210
9684	8	145733349	145760562
441381	8	145737761	145762416
414919	8	145741599	145764485
80728	8	145744563	145848891
90987	8	145936294	145991285
80778	8	145988499	146022725
6132	8	146005152	146027805
340385	8	146014261	146045461
7553	8	146042855	146082893
28991	8	146065551	146088932
58500	8	146092336	146137453
7564	8	146145744	146186274
65265	8	146267823	146291416
100287171	9	4469	39739
2298	9	106231	128417
55871	9	111038	189077
157983	9	203108	225893
81704	9	204865	475259
23189	9	460294	756106
1761	9	831690	979090
58524	9	966968	1001732
10655	9	1039858	1067554
6595	9	2005342	2203624
7436	9	2611679	2664485
169522	9	2707526	2740037
9933	9	2794152	2854130
5991	9	3208297	3535992
169792	9	3814128	4310036
6505	9	4480427	4597469
55064	9	4543386	4676674
403313	9	4652294	4675274
55664	9	4669566	4716594
50808	9	4699556	4752043
10171	9	4782834	4871066
3717	9	4975245	5139948
11172	9	5153863	5195618
3641	9	5221419	5243967
6019	9	5289864	5314611
6013	9	5297637	5349873
55848	9	5347966	5448381
29126	9	5440503	5480567
80380	9	5500512	5581282
57589	9	5619031	5786557
79956	9	5774572	5843081
2315	9	5880895	5919822
158358	9	5909008	6018479
26953	9	6001019	6025640
90865	9	6205149	6267983
89882	9	6318349	6341900
115426	9	6403151	6517054
2731	9	6522464	6655692
23081	9	6710863	7185648
90871	9	7786490	7809806
5789	9	8304246	10622723
7306	9	12683385	12720285
286343	9	12764989	12833059
8777	9	13095700	13289660
4781	9	14071842	14408982
340481	9	14601069	14703480
9350	9	14709731	14732715
158326	9	14724664	14920993
158219	9	15160842	15317358
6619	9	15412694	15476747
11168	9	15454064	15521003
203238	9	15542872	15981897
100129385	9	16193933	16286311
54796	9	16399501	16880786
54875	9	17124989	17513921
6456	9	17568953	17807122
92949	9	18464079	18920948
158297	9	18917891	19043256
10670	9	19039372	19061023
54801	9	19043135	19112940
123	9	19105759	19137604
55667	9	19220763	19384137
6194	9	19366253	19390272
340485	9	19398925	19462618
25769	9	19497450	19799059
4300	9	20331663	20632514
54914	9	20648309	21005954
401494	9	20993620	21041635
3456	9	21067104	21087943
3467	9	21130631	21152144
3452	9	21155636	21176659
3441	9	21176617	21197598
3444	9	21191468	21212204
3446	9	21196180	21217142
3449	9	21206372	21227310
3451	9	21217242	21238221
3448	9	21229201	21249978
3442	9	21294613	21315312
55958	9	21321018	21345429
3443	9	21340317	21360886
3447	9	21357371	21378075
3440	9	21374254	21395396
3445	9	21399146	21420184
3439	9	21430453	21451315
338376	9	21470838	21492312
4507	9	21792635	21951040
1029	9	21957751	22004490
1030	9	21992902	22019312
63951	9	22436840	22462472
1993	9	23680097	23836342
100129669	9	24533193	24555889
286319	9	25666387	25688856
100506422	9	26056673	26128406
79886	9	26830683	26902826
9373	9	26893368	26957468
80173	9	26937037	27072931
64922	9	26983134	27015691
7010	9	27099147	27240172
54586	9	27274652	27307137
79817	9	27315207	27540223
56832	9	27514312	27536496
203228	9	27536543	27583864
158038	9	27938084	29222998
48	9	32374601	32460834
23586	9	32445300	32536322
10210	9	32530542	32562626
4712	9	32543524	32583182
138474	9	32619452	32645667
401498	9	32773497	32799199
54840	9	32962604	33011639
3301	9	33015209	33049905
55234	9	33031850	33086714
2683	9	33100636	33177356
27290	9	33230196	33258565
573	9	33242469	33274759
51510	9	33254877	33292067
4799	9	33280418	33381155
364	9	33374948	33412643
360	9	33431152	33457631
65083	9	33451351	33483941
441459	9	33514347	33612658
5646	9	33740464	33809229
54926	9	33807162	33930401
55833	9	33911691	34058947
25853	9	34076381	34136771
51271	9	34169003	34262521
347240	9	34242378	34339198
318	9	34319504	34353711
57462	9	34358907	34386894
84688	9	34369017	34407898
203259	9	34388182	34468568
27019	9	34448750	34530987
375704	9	34511040	34533037
1271	9	34541425	34600713
138716	9	34600482	34622110
11258	9	34603542	34630520
138715	9	34611455	34638011
10280	9	34624719	34647805
2592	9	34636586	34660595
3590	9	34642182	34671899
10850	9	34651893	34672689
6363	9	34679567	34701274
6366	9	34699002	34720164
259308	9	34713050	34739535
23349	9	34947484	34992541
25822	9	34979638	35008430
138724	9	35031102	35055988
7415	9	35046065	35082739
2189	9	35063833	35090043
84720	9	35077028	35106598
30968	9	35089888	35113184
80256	9	35094118	35126338
10497	9	35151976	35415334
9853	9	35480007	35571895
730112	9	35551827	35573896
7016	9	35595281	35620038
971	9	35599976	35628862
27240	9	35639295	35660947
203260	9	35648279	35671500
84904	9	35648872	35685863
768	9	35663915	35691156
7169	9	35671990	35700583
7094	9	35687334	35742392
10488	9	35722317	35747005
57704	9	35726863	35759925
9827	9	35739277	35763264
692094	9	35742987	35764274
4882	9	35779962	35819728
26206	9	35797782	35822269
84681	9	35802957	35825481
392307	9	35807014	35843372
51754	9	35819222	35864844
392309	9	35859460	35880398
646962	9	35896189	35917138
56656	9	35947105	35968151
8434	9	36026910	36134452
152007	9	36126730	36173910
881	9	36155990	36181331
1211	9	36180853	36222059
10020	9	36204438	36287053
152006	9	36326395	36497568
9833	9	36562859	36687680
5079	9	36823272	37044476
84186	9	37110161	37368146
9380	9	37412693	37446990
9925	9	37428099	37475407
64425	9	37475945	37513694
26267	9	37500889	37586250
401505	9	37578410	37602636
22844	9	37641052	37756901
158234	9	37743797	37788969
51010	9	37769711	37795089
79269	9	37790551	37877666
92014	9	37867572	37914350
6461	9	37905895	38079210
219	9	38382661	38408662
347252	9	38396525	38434444
253650	9	38533190	38630626
79937	9	39060196	39298300
647060	9	39345699	39371956
100289279	9	39644254	39665518
727830	9	40690291	40716537
26149	9	40761188	40802112
727905	9	41490679	41516925
441430	9	42358303	42421410
101928195	9	42721114	42869085
101059935	9	43019701	43095031
441425	9	43079972	43143732
389730	9	43614502	43640730
728577	9	43674885	43932476
101060026	9	44009715	44084691
100132874	9	45108954	45133080
26165	9	65493366	65519610
100132004	9	66703852	66730974
100996643	9	67278174	67332779
84210	9	67916761	67979840
644249	9	67960501	67997991
653404	9	69189480	69212204
644019	9	69194538	69272593
728747	9	69371981	69435109
101929583	9	69640064	69723193
100132154	9	69884011	69911469
653427	9	70165707	70188815
220869	9	70422004	70500171
445571	9	70846839	70924932
286380	9	70907783	70930000
5239	9	70961815	71155977
169693	9	71141496	71165783
8395	9	71310188	71634092
116224	9	71384964	71408609
5568	9	71617426	71645600
2395	9	71640479	71725094
9414	9	71704875	71880124
9413	9	71929287	72017372
320	9	72032448	72297275
375743	9	72314438	72384916
138255	9	72425731	72531148
256691	9	72648435	72851899
23137	9	72863878	72979789
687	9	72989513	73039573
80036	9	73133979	74071782
23670	9	74288282	74394373
51104	9	74467368	74536148
138241	9	74516190	74598373
138240	9	74656275	74697728
9615	9	74719511	74877140
7763	9	74956341	74990163
117531	9	75126717	75461267
216	9	75505578	75663633
301	9	75756721	75795309
6096	9	77102252	77313534
140803	9	77327411	77513010
55071	9	77551499	77577802
138199	9	77585936	77653326
54981	9	77666116	77713133
26578	9	77693398	77772114
5125	9	78495560	78987255
55312	9	78990433	79019444
2650	9	79024752	79132332
158471	9	79216292	79531136
442425	9	79624571	79645869
23230	9	79782269	80042399
9630	9	80027995	80273232
2776	9	80325189	80656219
84131	9	80840978	80896799
29968	9	80901991	80955009
7091	9	82176878	82351658
7088	9	84188598	84313596
389761	9	84533343	84559913
389762	9	84548415	84575009
389763	9	84593687	84620171
158158	9	85584500	85688043
257019	9	85847905	86163348
414328	9	86227964	86269045
29979	9	86264878	86333168
80318	9	86344336	86454431
55582	9	86441613	86546428
84267	9	86543226	86581665
3190	9	86572998	86605692
80010	9	86585321	86628989
64078	9	86880765	86993413
4915	9	87273417	87651985
23287	9	88151454	88366944
60560	9	88546009	88648350
51280	9	88619018	88725116
389766	9	88825180	88884572
81689	9	88869461	88907676
79670	9	88892648	88979402
2619	9	89549277	89572104
401535	9	89753559	89784641
1612	9	90102601	90333566
1514	9	90330974	90356384
286234	9	90487772	90513814
441452	9	90522877	90548572
23552	9	90571356	90599695
645961	9	90734220	90759900
10927	9	90992584	91103623
158046	9	91139203	91200704
286238	9	91233250	91277075
286223	9	91595778	91621057
1903	9	91596324	91630070
53358	9	91610686	91803682
1164	9	91916113	91941618
79048	9	91923394	91984561
10507	9	91965706	92122906
10912	9	92209913	92231470
54769	9	93362114	93415108
6850	9	93554012	93670842
549	9	93966097	94134215
4783	9	94161327	94196908
4920	9	94474878	94722444
10558	9	94783416	94887756
3376	9	94962489	95066038
55035	9	95049640	95097876
401541	9	95077741	95387446
4969	9	95136249	95176976
4958	9	95166527	95196836
54829	9	95208487	95254844
1842	9	95245829	95308374
64768	9	95365466	95442547
23299	9	95463645	95537083
101929748	9	95557667	95580649
83744	9	95597313	95650320
89846	9	95699601	95808518
203328	9	95810989	95857420
84270	9	95848450	95885565
4814	9	95873771	95906570
65268	9	95936437	96092854
445577	9	96070481	96118696
158293	9	96198776	96225874
23196	9	96204173	96338397
5253	9	96328909	96451869
101929519	9	96423303	96445032
56033	9	96703909	96727608
138639	9	96783076	96882138
169841	9	97011578	97075291
54754	9	97070478	97100926
728026	9	97099492	97119845
84641	9	97126833	97233202
8789	9	97311002	97366075
2203	9	97355415	97412531
84909	9	97478886	97859500
2176	9	97851336	98089991
5727	9	98195264	98289247
375748	9	98627900	98741122
158434	9	98858943	98888693
3293	9	98987588	99074662
11046	9	99065719	99155992
195828	9	99138223	99190669
22927	9	99202414	99263618
8555	9	99242807	99392112
195827	9	99393109	99427603
22869	9	99508147	99550401
158431	9	99568754	99706169
441457	9	99681286	99714572
1515	9	99781959	99811925
100499483	9	100059910	100149577
23424	9	100164302	100268407
7111	9	100253462	100377177
158427	9	100352362	100405962
4686	9	100385705	100446030
7507	9	100427191	100469691
2304	9	100605537	100628997
51531	9	100652380	100694852
55363	9	100679073	100717197
10541	9	100735479	100790860
9830	9	100788071	100891695
54187	9	100808959	100855365
7464	9	100873257	100964956
55357	9	100951280	101028003
9568	9	101040364	101481479
203286	9	101484291	101568794
79695	9	101559981	101622363
1306	9	101695995	101843074
7046	9	101857412	101926474
85365	9	101968707	101994246
10952	9	101974570	102002901
8013	9	102574137	102639173
55014	9	102658915	102746818
23071	9	102731461	102871330
27130	9	102851467	103073908
54881	9	103054357	103125856
91283	9	103179495	103224016
100526694	9	103194188	103349918
8577	9	103225520	103349918
347273	9	103330361	103360671
54886	9	103781031	104097417
570	9	104112699	104157287
54534	9	104141096	104170919
7743	9	104151136	104182942
229	9	104172842	104208062
84302	9	104225442	104259475
56254	9	104286131	104335626
116443	9	104321634	104510862
5535	9	104343897	104367283
1539	9	105747593	105790770
10592	9	106846213	106913700
138805	9	107256544	107277503
138804	9	107278534	107299490
138803	9	107288051	107309094
138802	9	107321449	107342411
138799	9	107350738	107371694
392376	9	107356952	107377908
286362	9	107369529	107390485
286365	9	107446703	107467743
25934	9	107499969	107532403
55335	9	107516022	107550045
19	9	107533283	107700527
23446	9	107996906	108210785
83856	9	108200077	108324714
2218	9	108310411	108413399
6887	9	108408562	108435393
55151	9	108446806	108548892
58499	9	109612469	109785525
5887	9	110035517	110104475
9314	9	110237133	110262047
10880	9	111606868	111628275
10881	9	111614603	111636035
8518	9	111619800	111706608
54942	9	111686673	111713238
8727	9	111694849	111785829
23731	9	111767415	111892225
23732	9	111889581	111939571
54566	9	111924254	112093021
5774	9	112127974	112270593
114299	9	112393068	112723756
445815	9	112532577	112944792
11217	9	112800878	112944792
401546	9	112951841	112980413
7295	9	112996092	113028920
255220	9	113055762	113110163
79987	9	113117528	113352160
4593	9	113420935	113576386
1902	9	113625542	113811523
26248	9	114079763	114101952
23392	9	114112973	114257025
158399	9	114277439	114350124
22949	9	114302002	114372135
548645	9	114383632	114426631
552891	9	114383632	114442526
2790	9	114413851	114442526
158401	9	114438901	114567556
7357	9	114649206	114707649
64420	9	114793061	114947577
9991	9	114969995	115105944
84263	9	115132189	115244685
158405	9	115239248	115437587
58493	9	115438786	115490387
401548	9	115501911	115647267
57864	9	115631200	115663193
169834	9	115749400	115784472
7539	9	115794144	115829043
1318	9	115903238	115936422
23307	9	115917800	115993641
1317	9	115973808	116036772
246184	9	116019288	116047869
9128	9	116027914	116066079
138065	9	116049373	116075554
114987	9	116065502	116112620
54836	9	116101812	116143513
81932	9	116125698	116149289
210	9	116138592	116173618
54107	9	116159515	116183029
257169	9	116162924	116201964
5998	9	116197009	116370023
114991	9	116628562	116828875
259	9	116812407	116850752
113220	9	116843903	116871600
85301	9	116908231	117082975
5004	9	117075303	117098759
5005	9	117082069	117105536
80709	9	117086429	117170783
25861	9	117154360	117277789
9550	9	117339994	117371152
203197	9	117363706	117418703
100505478	9	117418714	117454369
9966	9	117536915	117578408
944	9	117645623	117702875
3371	9	117771854	117890536
50514	9	117894097	118174923
5069	9	118906071	119174600
23245	9	119177504	120187317
22954	9	119350147	119473579
7099	9	120456453	120489769
1620	9	121918907	122141739
55755	9	123141147	123352448
1955	9	123353196	123486765
26190	9	123509254	123565740
5711	9	123568331	123615299
26147	9	123607929	123667168
7185	9	123654671	123701451
727	9	123704613	123822554
11064	9	123827170	123949888
51552	9	123930415	123974365
2934	9	124020380	124105122
2040	9	124091266	124142582
153090	9	124319162	124557809
158135	9	124567953	124865885
4702	9	124884745	124932098
254956	9	124912190	124972368
26468	9	124954856	125001166
92400	9	124991834	125037143
92399	9	125016882	125095743
5742	9	125122809	125167982
26740	9	125221369	125286376
347168	9	125229237	125250205
26219	9	125271420	125292361
138883	9	125278637	125299572
138882	9	125305449	125326441
138881	9	125319827	125340756
158131	9	125367017	125387961
347169	9	125380858	125401814
26737	9	125413995	125434927
26735	9	125427409	125448383
254973	9	125476269	125497204
392390	9	125502127	125523062
392391	9	125541212	125562174
392392	9	125552402	125573352
5082	9	125570376	125600935
54542	9	125596835	125677562
10773	9	125660335	125686365
57684	9	125667845	125703792
23637	9	125693288	125877147
2844	9	125785916	125811380
55342	9	125868338	126040855
286204	9	126108448	126151034
57706	9	126131933	126702423
9355	9	126763889	126805572
10783	9	127009885	127124721
5695	9	127105744	127187752
347088	9	127203423	127249379
2516	9	127233515	127279769
2649	9	127269554	127543589
169611	9	127529435	127587161
401551	9	127605627	127630170
11224	9	127610158	127634240
81873	9	127616267	127650012
2800	9	127630573	127713386
286205	9	127694887	127915838
5537	9	127898852	127962218
10244	9	127952821	128006438
3309	9	127987127	128013666
26130	9	128014073	128137290
79109	9	128189673	128479513
5090	9	128499617	128739656
89853	9	129079123	129279320
4010	9	129366722	129473311
23099	9	129557285	129610489
403341	9	129612944	129658157
9649	9	129667053	129995445
23452	9	129839628	129895044
84253	9	129976750	130165828
29988	9	130149417	130180177
7633	9	130176653	130219525
6136	9	130199953	130223711
90678	9	130203765	130275780
64855	9	130257618	130351268
6812	9	130364486	130464995
286207	9	130459263	130486303
138428	9	130466227	130497152
158248	9	130468358	130503879
27433	9	130483803	130507628
10044	9	130490596	130551048
1025	9	130538305	130563052
2356	9	130555137	130586799
2022	9	130567291	130627052
203	9	130618759	130650022
30815	9	130637600	130679010
27090	9	130660165	130689326
138429	9	130673808	130703076
8818	9	130687374	130710763
399665	9	130692861	130752812
203245	9	130813512	130839600
114789	9	130820479	130881537
80142	9	130872972	130900741
3934	9	130901732	130925734
79095	9	130912539	130936207
25792	9	130918344	130976662
1759	9	130955634	131027528
2801	9	131008108	131048286
375757	9	131027663	131061268
26995	9	131061396	131094697
51117	9	131074791	131106351
10999	9	131092839	131133749
81605	9	131123598	131164295
51148	9	131163854	131209630
4957	9	131207434	131273571
2733	9	131256971	131314580
6709	9	131304837	131405944
89891	9	131385940	131429129
6418	9	131435934	131468675
29941	9	131454802	131493199
84885	9	131473148	131496451
10444	9	131482065	131544220
54662	9	131539510	131582711
2021	9	131570779	131594955
51490	9	131571930	131602299
883	9	131585392	131654354
56262	9	131634391	131690318
254295	9	131673174	131714322
22845	9	131697809	131720012
23511	9	131699972	131779375
56904	9	131760313	131800604
84895	9	131788899	131844361
57171	9	131833383	131862717
1384	9	131847073	131883070
5524	9	131863183	131921225
389792	9	131927831	131950540
414318	9	132073295	132094882
28989	9	132361036	132407879
375759	9	132364504	132393055
140459	9	132386883	132414496
51450	9	132417920	132494953
9536	9	132490615	132525344
27348	9	132555428	132583563
1861	9	132565221	132596441
51759	9	132579564	132607572
10868	9	132587696	132654121
23048	9	132639458	132815473
57720	9	132805985	132912448
23413	9	132924857	133009583
256158	9	133213389	133319510
445	9	133310094	133386661
8939	9	133444954	133523739
59335	9	133529981	133568384
23404	9	133559158	133590452
25	9	133578266	133773062
347148	9	133758815	133779225
84929	9	133767825	133824455
10319	9	133874504	133978446
83543	9	133961863	134008539
8021	9	133990948	134120057
286336	9	134123465	134161906
84814	9	134155069	134194649
84726	9	134295477	134385584
10585	9	134368282	134409193
83549	9	134389183	134416662
2889	9	134442157	134625364
9442	9	134725497	134965274
84628	9	135027334	135128224
23064	9	135126827	135242113
7270	9	135240935	135292238
389799	9	135275430	135458734
56751	9	135447993	135475640
64794	9	135458384	135555788
9329	9	135535728	135575471
158067	9	135590958	135764198
11092	9	135744282	135775419
7248	9	135756735	135830094
8328	9	135810888	135877084
9328	9	135896062	135943890
100996574	9	135923468	135946777
1056	9	135926741	135957250
5900	9	135963107	136034607
26301	9	136018335	136049320
101928193	9	136052207	136077257
29989	9	136070666	136094714
28	9	136120563	136160630
6838	9	136187543	136213047
6837	9	136197751	136225011
6130	9	136205069	136228280
6834	9	136208660	136233361
6835	9	136213421	136238041
6836	9	136218325	136254820
169436	9	136233284	136281220
57109	9	136261182	136293292
11093	9	136269459	136334525
11094	9	136315087	136345909
11182	9	136326216	136354276
389827	9	136369708	136400068
9719	9	136387286	136450641
642968	9	136432141	136484472
1621	9	136491485	136534466
1757	9	136518682	136615077
7410	9	136617016	136867496
8019	9	136885427	136943655
11091	9	136990801	137035094
6256	9	137208316	137342431
1289	9	137523651	137746689
2220	9	137762658	137789366
2219	9	137787711	137819849
10439	9	137957089	138023030
157927	9	138225095	138248408
9858	9	138361545	138390739
138162	9	138377026	138401761
51116	9	138382477	138406519
3933	9	138403284	138428386
29991	9	138427885	138451815
5047	9	138443601	138468622
360203	9	138505502	138541386
392399	9	138545168	138572577
402381	9	138575253	138601374
57582	9	138584031	138694993
157922	9	138690333	138809060
101928552	9	138717858	138741145
10422	9	138814815	138863226
138151	9	138888383	138997131
90120	9	138996427	139020731
8022	9	139078096	139106955
169714	9	139088179	139147687
101928722	9	139134072	139158672
26086	9	139211932	139264057
728489	9	139246352	139278111
64170	9	139248408	139278133
6621	9	139260021	139304655
10807	9	139286374	139315054
23203	9	139295110	139328213
56623	9	139313067	139344305
9919	9	139324548	139389297
158055	9	139367947	139390519
4851	9	139378896	139450238
51162	9	139543308	139577130
10555	9	139557595	139591911
138311	9	139597024	139629170
414332	9	139622619	139647411
158062	9	139628469	139652980
138307	9	139638838	139662995
389812	9	139644086	139668965
85014	9	139675777	139697769
84960	9	139680033	139712364
55684	9	139692374	139745639
389813	9	139725733	139751884
29085	9	139733256	139755490
158056	9	139736819	139765251
8721	9	139746566	139770788
7186	9	139766341	139831853
54461	9	139824885	139849298
733	9	139829333	139851426
286256	9	139834032	139859957
101928638	9	139853796	139877332
5730	9	139861898	139886194
401562	9	139867445	139890210
286257	9	139876870	139898428
9022	9	139879060	139902200
20	9	139891686	139933374
401563	9	139911916	139941234
2529	9	139914626	139937292
56654	9	139923909	139951147
954	9	139932550	139958503
89958	9	139946579	139975028
91373	9	139961944	139988990
11253	9	139971379	140013639
29952	9	139994992	140019204
2902	9	140023609	140073214
389816	9	140053210	140074491
100505993	9	140055319	140076496
29882	9	140059236	140093057
8636	9	140073029	140094822
286262	9	140076069	140105163
94107	9	140088534	140110090
27158	9	140090119	140123813
727800	9	140104699	140125775
375791	9	140109086	140130765
643596	9	140112018	140134090
142680	9	140115209	140141006
10383	9	140125711	140148159
401565	9	140128037	140152222
441476	9	140135713	140157935
25920	9	140139759	140178000
54863	9	140162280	140187093
441478	9	140184083	140206703
54932	9	140191346	140327714
10811	9	140307847	140338858
377841	9	140318816	140345901
26012	9	140332022	140363808
375775	9	140344404	140455021
64975	9	140436309	140457007
92715	9	140439354	140483387
116225	9	140466531	140494937
92714	9	140490092	140519812
79813	9	140503444	140740579
774	9	140762241	141029076
100132403	9	141096439	141162460
347688	10	82828	105178
10771	10	170405	310577
22982	10	310130	745621
23185	10	842854	987645
23560	10	1024349	1073708
91734	10	1054847	1081799
3422	10	1075963	1105061
22884	10	1085423	1188237
105	10	1213253	1789670
101927824	10	3097616	3119573
5214	10	3099667	3188997
10531	10	3169919	3225033
1316	10	3808188	3837473
83592	10	4858369	4900254
1645	10	4995454	5030158
1646	10	5019967	5070225
8644	10	5080958	5159878
1109	10	5228798	5270910
114131	10	5396976	5426169
79861	10	5425061	5456793
10276	10	5444514	5511019
51806	10	5530658	5551533
810	10	5556924	5578231
79754	10	5670820	5718558
54906	10	5716801	5817742
2665	10	5797186	5865512
54522	10	5893593	5941860
84893	10	5921535	5989558
3601	10	5984334	6030150
3559	10	6042657	6114333
84991	10	6120949	6169422
5209	10	6176843	6287508
5588	10	6425558	6632254
57713	10	7190586	7463448
80760	10	7591232	7718961
3698	10	7735236	7801483
22944	10	7782925	7839990
509	10	7820093	7859764
83860	10	7850467	8067016
2625	10	8077294	8127164
10659	10	10828851	11388674
9712	10	11492509	11663679
79746	10	11774356	11816065
254427	10	11855295	11924276
26019	10	11952021	12095169
55526	10	12100916	12175227
55176	10	12161640	12221957
11164	10	12199573	12248143
8872	10	12227961	12302589
57118	10	12381583	12881735
83643	10	12928625	13151762
10133	10	13131425	13190291
55388	10	13193554	13263104
221044	10	13253771	13286331
5264	10	13309796	13352133
22929	10	13349428	13400298
222389	10	13470484	13580587
8559	10	13618939	13682868
55691	10	13675706	14382866
83641	10	14550556	14826896
441549	10	14851251	14889983
51182	10	14870159	14923740
79723	10	14910782	14956314
64421	10	14938870	15006106
644890	10	14986324	15024856
414149	10	15047071	15140783
55301	10	15075895	15125851
221060	10	15127384	15149318
10557	10	15129179	15156256
9397	10	15137771	15220703
221061	10	15243642	15423058
8516	10	15547711	15772328
80013	10	15810173	15912519
9317	10	16468942	16565744
389941	10	16545742	16574004
6251	10	16622615	16869509
8029	10	16855965	17181816
1787	10	17169828	17254093
7431	10	17259934	17289592
338596	10	17351282	17506408
9200	10	17621031	17669383
8027	10	17676124	17768823
653567	10	17784260	17852866
4360	10	18088332	18210091
221074	10	18230768	18342221
783	10	18419373	18840688
221078	10	18824264	18958180
221079	10	18938264	18980568
340895	10	19327700	20033407
84898	10	20095118	20585199
10529	10	21058900	21473116
387638	10	21404692	21445488
399726	10	21773421	21796213
387640	10	21792407	21824611
8028	10	21803540	22042559
64215	10	22035477	22302679
340900	10	22487743	22508912
23412	10	22595312	22619246
100532731	10	22595312	22630414
648	10	22600139	22630414
9576	10	22624345	22716539
5305	10	22813766	23013503
219681	10	23206954	23337452
22921	10	23374427	23420942
256297	10	23471460	23493181
256815	10	23595520	23643772
220213	10	23718198	23741310
56243	10	23973675	24846772
57584	10	24862538	25022597
56952	10	25127536	25252680
219670	10	25260908	25361208
79896	10	25295508	25325593
57512	10	25454290	25901158
53904	10	26213002	26511465
2572	10	26495236	26603491
54518	10	26717253	26866732
23590	10	26976353	27045727
10006	10	27025525	27160016
22852	10	27274054	27399427
10730	10	27389040	27453349
84930	10	27433753	27485848
91452	10	27474143	27541068
101060171	10	27545336	27590347
374308	10	27677117	27713297
22931	10	27783103	27841166
283078	10	27951803	28044778
55130	10	28091095	28297977
143098	10	28329922	28601953
51322	10	28811355	28922041
25805	10	28956424	28981868
283080	10	29125337	29180827
84569	10	29567980	29617158
6840	10	29736274	30035864
57608	10	30291729	30358488
101929256	10	30382875	30409829
55149	10	30588730	30648267
1326	10	30712950	30760762
119180	10	30890708	30928647
220929	10	31123563	31330866
6935	10	31597825	31828742
100505502	10	31641728	31663006
94134	10	32084326	32227804
3799	10	32287938	32355371
80314	10	32546644	32677726
79741	10	32725057	33181805
3688	10	33179246	33257293
8829	10	33456419	33633833
56288	10	34388488	35114253
8453	10	35287479	35389570
1390	10	35405769	35511886
219771	10	35525953	35870848
219770	10	35884338	35907863
8325	10	35917177	35940362
91074	10	37404785	37531495
100288485	10	37880366	37901859
57209	10	38055454	38157012
219749	10	38228500	38275584
7581	10	38289578	38363946
7587	10	38373264	38422280
101929373	10	42727971	42782290
7582	10	43074532	43144016
9790	10	43267954	43340385
5979	10	43562517	43635799
55454	10	43623893	43690756
221002	10	43679983	43772367
53828	10	43857092	43881783
3185	10	43871065	43914696
8187	10	44041792	44080066
220992	10	44091855	44123352
7580	10	44129307	44154326
100130539	10	44778198	44800097
6387	10	44855601	44890545
643236	10	45396764	45440642
83937	10	45445183	45501337
11067	10	45461709	45484330
220979	10	45483146	45506470
7570	10	45486273	45510777
79290	10	45788102	45821056
240	10	45859624	45951569
220972	10	45940033	46100354
93550	10	46101039	46178251
253725	10	46212648	46298412
119016	10	46311040	46368501
83849	10	46945444	46981400
9721	10	46983003	47015654
5540	10	47073534	47098320
728113	10	47147983	47184180
195977	10	47648233	47711443
118738	10	48345029	48383866
5949	10	48371487	48400991
2658	10	48403092	48426853
2662	10	48415785	48449138
26095	10	48727042	48837942
101060581	10	48891094	48934065
644054	10	49193372	49217825
143162	10	49354602	49492941
5599	10	49504682	49657403
58504	10	49644068	49874310
57705	10	49882907	50201001
474354	10	50107528	50157980
196740	10	50212333	50333559
170370	10	50329199	50352065
170371	10	50353890	50406640
118461	10	50495118	50545537
644168	10	50564161	50614062
2074	10	50652526	50757169
267004	10	50713151	50742327
101243544	10	50713151	50757584
1103	10	50807141	50883150
6572	10	50808347	50830766
282966	10	50877684	50926956
55753	10	50932687	50980425
8505	10	51016325	51381346
4477	10	51539553	51572517
8031	10	51555108	51600734
100287932	10	51582080	51633386
414189	10	51722867	51780259
387680	10	51817610	51903269
56624	10	51937000	52018370
259230	10	52055345	52393737
653308	10	52489688	52526948
29974	10	52549169	52655435
5592	10	52740911	54068110
23283	10	53445246	53469355
22943	10	54064041	54087417
4153	10	54515140	54542578
65217	10	55552531	56571051
100463289	10	57348750	57370488
11130	10	58107016	58131063
253430	10	59941278	60037694
55847	10	60018862	60060752
7321	10	60084739	60140513
7019	10	60134903	60168990
80114	10	60262774	60601194
84457	10	60926348	61017815
220965	10	60995889	61132661
220963	10	61400522	61479649
100507027	10	61486748	61523203
8030	10	61538505	61676414
288	10	61776056	62503284
983	10	62528089	62564610
9886	10	62619196	62771198
219623	10	63156401	63223208
219621	10	63412709	63536524
84159	10	63651013	63866707
219790	10	63932794	64038570
22891	10	64123916	64441771
84890	10	64554516	64578239
1959	10	64561756	64588927
29982	10	64883007	64924786
221037	10	64916983	65235880
221035	10	65271113	65394883
29119	10	67662276	69465949
347731	10	68675792	68871309
56521	10	69546427	69607937
23411	10	69634427	69688147
26091	10	69671656	69845103
84665	10	69855874	69981774
220202	10	69980352	70001870
64081	10	70032417	70106115
3189	10	70081768	70112953
55680	10	70090864	70177051
1763	10	70163821	70241878
8034	10	70232090	70297280
80312	10	70310117	70464239
55749	10	70470956	70562134
219736	10	70577294	70665209
79009	10	70651034	70716603
9188	10	70705879	70754825
26128	10	70738477	70786739
5552	10	70837828	70874567
9559	10	70873908	70942617
6832	10	70929993	70978854
80201	10	70970059	71037315
3098	10	71019740	71171638
6865	10	71153958	71186674
23555	10	71166821	71281569
50674	10	71321791	71343210
219738	10	71380003	71403355
1305	10	71551644	71728904
55506	10	71802357	71882040
84883	10	71862023	71902832
219743	10	71887737	71916496
56681	10	71899960	71940285
5464	10	71952586	72003667
64106	10	72004713	72053450
55222	10	72048726	72152406
1979	10	72153861	72198374
4838	10	72181692	72211465
27143	10	72228564	72338206
5551	10	72347104	72372531
140766	10	72422559	72532197
219793	10	72520995	72555157
8879	10	72565704	72650946
5092	10	72632037	72658541
219699	10	72962292	73072635
55315	10	73069010	73133147
64072	10	73146691	73585704
414152	10	73461458	73507581
64115	10	73497313	73543337
5660	10	73566055	73621082
9469	10	73714120	73783322
9806	10	73808792	73858790
51008	10	73845790	73986892
119504	10	73965758	74005618
54541	10	74023677	74045797
54788	10	74082588	74124907
10367	10	74117084	74395949
90550	10	74441889	74657452
170392	10	74643339	74702787
84647	10	74684519	74724590
5033	10	74756975	74866732
25961	10	74860133	74901583
11319	10	74884282	74937853
317662	10	74917877	75012435
23234	10	74992582	75017025
51021	10	74998601	75022451
118491	10	75003516	75129425
310	10	75125189	75183841
118490	10	75173337	75203319
5532	10	75186563	75265782
159195	10	75247296	75345433
58529	10	75381370	75411515
79933	10	75394639	75425832
729092	10	75424033	75474357
9632	10	75494039	75541933
170384	10	75521830	75545977
118487	10	75531808	75553406
23053	10	75535334	75571556
8509	10	75551669	75581589
818	10	75562259	75644349
414236	10	75659727	75692535
5328	10	75660862	75687259
7414	10	75747836	75889918
26985	10	75870015	75920826
132	10	75900943	76479061
23522	10	76574685	76802380
338599	10	76787230	76843383
51207	10	76844190	76878976
142891	10	76861275	76951881
7417	10	76959912	77001206
118881	10	76982760	77005802
84858	10	77147602	77171513
83938	10	77181217	78327133
3778	10	78619359	79407577
9231	10	79540549	79696348
11128	10	79724907	79799298
6229	10	79783518	79826571
57178	10	80818751	81086285
10105	10	81097220	81125090
219654	10	81132081	81215383
143244	10	81262357	81286196
729238	10	81305608	81330177
653509	10	81360651	81385199
729262	10	81450192	81482722
6441	10	81687496	81718861
80195	10	81828402	81862307
219348	10	81882258	81914784
311	10	81904880	81975433
4143	10	82021576	82059721
143241	10	82085858	82126523
84332	10	82094501	82137829
84293	10	82157585	82202753
81619	10	82204038	82292394
387694	10	82287658	82416316
10718	10	83625070	84756935
27069	10	85889185	85923311
387695	10	85923511	85955050
92211	10	85944391	85989377
340745	10	85970241	85995339
26103	10	85981276	86011217
5995	10	85994809	86028944
54462	10	86078342	86288276
2894	10	87349312	88136250
23063	10	88185013	88291541
94233	10	88404314	88436217
11155	10	88416542	88505829
657	10	88506396	88694945
79812	10	88685297	88727425
6623	10	88707504	88733017
10974	10	88718188	88740666
119385	10	88718239	88779960
643161	10	88770046	88794487
2746	10	88799959	88864776
54537	10	88844953	88961225
728118	10	88973616	89005645
9562	10	89254223	89323218
9060	10	89409476	89517462
84896	10	89501608	89611111
100144748	10	89608918	89633194
5728	10	89613195	89738532
55328	10	90023621	90353611
142910	10	90336519	90376733
8513	10	90414146	90448572
643414	10	90474301	90522513
643418	10	90509786	90548648
340654	10	90552487	90590315
118932	10	90569656	90621732
57559	10	90629597	90745343
59	10	90684831	90761147
355	10	90740288	90785542
9023	10	90955694	90977071
3988	10	90963326	91021660
3433	10	91051706	91079033
3437	10	91077602	91110725
439996	10	91127813	91154962
3434	10	91142303	91176244
24138	10	91164031	91190759
387700	10	91180051	91305497
53354	10	91329254	91415329
9585	10	91451264	91544700
3363	10	92490575	92627671
10556	10	92621709	92678312
27063	10	92661857	92691032
84333	10	92912769	93054088
143279	10	93159037	93284586
5507	10	93378197	93402858
80351	10	93548151	93635232
143282	10	93656345	93679258
9044	10	93673526	93800755
22849	10	93796452	94060875
54708	10	94040920	94123721
3416	10	94201441	94343852
3832	10	94342825	94425152
3087	10	94439681	94465408
54536	10	94580887	94829251
340665	10	94810565	94839304
1592	10	94823232	94847641
26509	10	95056186	95252190
55165	10	95246369	95298849
338557	10	95316422	95359829
5950	10	95341593	95371101
5146	10	95362345	95435430
118924	10	95417640	95472329
9211	10	95507566	95567916
159371	10	95643730	95673581
51196	10	95743746	96098149
64318	10	96082989	96132715
23232	10	96151956	96306089
3070	10	96295535	96372628
1562	10	96433251	96505947
1557	10	96512463	96622671
1559	10	96688350	96759486
1558	10	96786529	96839255
142827	10	96943957	96998686
9124	10	96987325	97060905
10580	10	97061530	97331171
5832	10	97355686	97426759
26123	10	97413153	97463900
953	10	97461536	97647023
100127889	10	97657722	97708415
387707	10	97711331	97803496
54619	10	97793159	97830627
9849	10	97879472	97933517
29760	10	97941455	98041333
1791	10	98054085	98108321
93377	10	98092973	98129092
7093	10	98114363	98283683
56889	10	98267867	98356809
118788	10	98343069	98490279
84458	10	98582017	98734198
26148	10	98731041	98755585
6585	10	98747795	98955683
84986	10	98971930	99062430
10023	10	99069022	99091672
23401	10	99082254	99104458
23223	10	99106458	99171127
5223	10	99176027	99203198
51013	10	99185666	99215808
84287	10	99195900	99227127
64210	10	99208081	99268521
80019	10	99248768	99340960
26287	10	99322256	99353641
112817	10	99334102	99382559
414157	10	99339450	99360691
118812	10	99364310	99403913
55361	10	99390443	99446187
60370	10	99427181	99457015
83742	10	99463465	99487909
118813	10	99486878	99530664
6425	10	99516508	99541756
401647	10	99599995	99641335
55118	10	99614757	99800585
27291	10	99884381	100014654
84171	10	99997443	100038007
84795	10	100133322	100184978
3257	10	100165955	100216720
60495	10	100206834	101005632
26507	10	101078856	101164087
2805	10	101146627	101200530
159296	10	101282690	101306281
81894	10	101360275	101429039
57089	10	101409263	101481002
1355	10	101445886	101502423
51076	10	101481958	101525894
1244	10	101532457	101621662
23268	10	101625334	101779676
1369	10	101792065	101851642
10613	10	101899847	101955814
1147	10	101938123	101999367
55280	10	101982055	102037437
282991	10	102023035	102056469
9033	10	102037903	102100243
6319	10	102096772	102134588
7479	10	102212812	102253399
25956	10	102236397	102289711
4714	10	102273497	102299640
55662	10	102285641	102323681
5076	10	102485316	102599698
55719	10	102662326	102734891
57715	10	102719254	102755373
84545	10	102727579	102757272
56652	10	102737293	102764159
84445	10	102746864	102777593
79955	10	102757440	102800914
81855	10	102780996	102810998
81621	10	102810999	102837888
3195	10	102881061	102907546
10660	10	102976733	102999954
8945	10	103103790	103327078
25911	10	103320399	103379410
27343	10	103328639	103358027
6468	10	103360421	103465345
2253	10	103519887	103550126
10360	10	103531082	103553170
10724	10	103534200	103588930
30819	10	103575731	103613769
79591	10	103595356	103825932
79803	10	103815124	103837795
8861	10	103856315	103890210
23082	10	103882787	103920090
9221	10	103901933	103933627
83401	10	103976143	103999346
5309	10	103979946	104011231
8729	10	103995255	104152656
4791	10	104143867	104172286
5662	10	104152374	104189691
79176	10	104168979	104192894
79004	10	104173002	104202423
79946	10	104199594	104221300
79847	10	104211149	104249546
10121	10	104228986	104272580
51684	10	104253719	104403214
81603	10	104393326	104428076
403	10	104423484	104484190
118980	10	104464298	104508947
54838	10	104493727	104586022
1586	10	104580288	104607290
119032	10	104603967	104634718
57412	10	104619183	104671656
54805	10	104668075	104848344
22978	10	104837774	104963063
729020	10	104995644	105017773
9118	10	105026919	105060108
84108	10	105052553	105120891
6877	10	105117724	105158822
84833	10	105138807	105166270
22984	10	105146387	105216052
51063	10	105196543	105222162
255022	10	105203144	105228648
119395	10	105222561	105248997
9148	10	105243735	105362309
9644	10	105343784	105625195
79991	10	105627316	105688045
9748	10	105716943	105798991
1308	10	105781046	105855638
119392	10	105870059	105896143
80217	10	105879646	106002124
9446	10	106003952	106037222
119391	10	106018174	106069176
85450	10	106059454	106108251
159686	10	106089377	106224848
22986	10	106390859	107034993
114815	10	108323421	108934466
7511	10	111614524	111693311
120	10	111755627	111905323
4601	10	111957288	112057123
10285	10	112042798	112074707
1847	10	112247625	112281302
9126	10	112317449	112374392
282996	10	112394155	112609227
27250	10	112621553	112669764
92482	10	112648488	112689124
8036	10	112669301	112783425
150	10	112826790	112850665
57678	10	113897971	113985153
6975	10	114033213	114074793
51703	10	114123916	114198138
64429	10	114180058	114217301
143187	10	114196756	114588503
6934	10	114699978	114937437
3026	10	115300590	115359361
4892	10	115338583	115433829
840	10	115428921	115500668
79949	10	115501213	115552192
9937	10	115584483	115624163
374354	10	115604391	115682265
153	10	115793806	115816667
55088	10	115870615	115944364
56165	10	115929015	116002425
340706	10	115989013	116064259
84632	10	116031248	116174515
3983	10	116180869	116454762
57700	10	116571503	116669586
142940	10	116687952	116747439
26033	10	116843124	117718496
2674	10	117806436	118043126
374355	10	118073940	118149541
119548	10	118177424	118247469
5406	10	118295428	118337367
5407	10	118340478	118378687
5408	10	118370465	118414654
143379	10	118413207	118439765
259217	10	118420703	118619693
387712	10	118598741	118652112
57698	10	118632888	118896097
11023	10	118878032	118907812
338567	10	118947000	118979810
6571	10	118990584	119048941
118987	10	119019936	119144951
2018	10	119291956	119319057
22841	10	119754427	119816297
63877	10	120055401	120111839
2834	10	120342916	120365160
143384	10	120423679	120524758
340719	10	120779228	120803854
8661	10	120784541	120850959
404636	10	120853594	120907496
119559	10	120890425	120935221
10935	10	120917215	120948377
2869	10	120957197	121225131
6001	10	121249339	121312222
7073	10	121322977	121366541
9531	10	121400859	121447331
22876	10	121475559	121598663
79892	10	121578916	121643140
11196	10	121642085	121714170
196051	10	122206466	122359367
55717	10	122600687	122679038
2263	10	123227844	123367972
11101	10	123489939	123698149
54780	10	123706603	123744743
10579	10	123738689	124024057
118663	10	124020811	124107676
59338	10	124124094	124201871
387715	10	124204179	124226868
5654	10	124211041	124284424
1755	10	124310181	124413252
399814	10	124447225	124469338
729800	10	124568332	124595964
50624	10	124581671	124615691
196792	10	124598610	124649157
118670	10	124660217	124682627
80007	10	124680419	124723919
118672	10	124729556	124759906
64376	10	124740322	124778366
36	10	124758429	124827806
340784	10	124885567	124907247
3167	10	124892006	124920188
9184	10	124903760	124934886
2849	10	125415871	125466915
119587	10	125495152	125661500
51363	10	125755669	125863200
4942	10	126075872	126117545
390010	10	126125998	126148550
64077	10	126140341	126312710
9679	10	126297861	126442930
399818	10	126424336	126490439
23172	10	126480354	126535239
54764	10	126595704	126686005
1488	10	126666418	126859624
387718	10	127255091	127381735
26098	10	127398084	127462712
118856	10	127445022	127474390
7390	10	127464091	127521837
56647	10	127502102	127552264
55760	10	127514909	127579884
92565	10	127575108	127708161
8038	10	127690960	128087127
118611	10	128103566	128223444
1793	10	128758965	129260780
642938	10	128923690	129004436
594857	10	129337613	129360935
399823	10	129525538	129549450
119467	10	129666114	129701211
5791	10	129695325	129894180
4288	10	129884923	129934468
4255	10	131255454	131575783
253738	10	131623496	131772546
10539	10	131924639	131988646
101927435	10	132092081	132142795
256536	10	132880655	133119984
55844	10	133737957	133780054
664	10	133771204	133805435
282973	10	133869367	134008482
282974	10	133986038	134155377
10570	10	133988564	134029280
80313	10	134135614	134205010
170394	10	134200702	134241363
170393	10	134248714	134271825
3632	10	134341283	134606984
84504	10	134588320	134609537
54777	10	134611896	134766089
84435	10	134874433	134955179
85442	10	134963971	135049916
8433	10	135033778	135055062
27287	10	135041408	135065433
101	10	135065920	135100489
10844	10	135082134	135135841
118472	10	135112421	135136666
50632	10	135128928	135160482
118471	10	135138362	135176187
282969	10	135158658	135181529
1892	10	135165987	135196908
196743	10	135182741	135215198
92170	10	135197621	135244174
503542	10	135224170	135248623
1571	10	135330300	135362627
93426	10	135357404	135391795
441581	10	135428603	135450299
147199	11	178101	204575
113746	11	186761	210273
51272	11	192924	217422
60626	11	197499	225113
23410	11	205030	246362
5719	11	226808	262984
171389	11	268570	295388
80162	11	278480	307511
387733	11	288200	309526
10581	11	298095	319410
8519	11	303991	325272
10410	11	309673	330914
338707	11	359795	392117
11187	11	382614	414908
59307	11	395716	427454
338440	11	407930	452011
81490	11	440280	501399
6050	11	484512	517283
101059906	11	518484	542255
3265	11	522242	545561
115399	11	526722	564916
256329	11	544850	570779
8045	11	550309	574025
57661	11	566226	622222
3665	11	602555	625999
53841	11	606565	635067
6343	11	616313	637173
1815	11	627305	650706
10522	11	634225	705740
283232	11	685591	715028
64787	11	696120	737727
6888	11	737417	775024
347862	11	757222	787501
51286	11	777110	800126
79751	11	780475	808269
101927423	11	787398	809187
55367	11	789179	819872
6181	11	798841	837592
57104	11	808901	835573
283229	11	816144	841991
977	11	822952	848840
5441	11	829721	852529
7106	11	832824	877116
66005	11	857859	925058
161	11	915809	1022245
4588	11	1002824	1046706
101927503	11	1039884	1065749
4583	11	1064875	1114417
4586	11	1132474	1172465
727897	11	1234295	1293406
54472	11	1285598	1340892
9024	11	1401129	1493919
81532	11	1480685	1517948
1850	11	1565281	1603150
101927562	11	1565746	1587687
387264	11	1595572	1616513
440021	11	1608407	1629524
387266	11	1618795	1639693
387267	11	1632188	1653368
439915	11	1641033	1662160
100505570	11	1699527	1720286
440023	11	1708425	1728985
402778	11	1743640	1781824
1509	11	1763982	1795222
90019	11	1845674	1868751
7136	11	1850233	1872910
4046	11	1864200	1923493
7140	11	1930799	1969936
6150	11	1958502	2017295
723961	11	2140342	2192439
3481	11	2140346	2189611
3630	11	2171009	2192439
7054	11	2175159	2203107
430	11	2279728	2302182
29125	11	2307507	2333143
10077	11	2313195	2349430
975	11	2387391	2428649
10078	11	2411723	2435108
29850	11	2415745	2454275
3784	11	2456221	2880340
1028	11	2894448	2917063
5003	11	2899327	2935175
5002	11	2910951	2956476
7262	11	2939503	2960650
4676	11	2955660	3023607
833	11	3012152	3088681
114879	11	3098345	3196582
386746	11	3229174	3250043
116534	11	3239041	3263616
7748	11	3369157	3410452
116969	11	3649733	3673546
417	11	3653487	3695844
57053	11	3676817	3702614
4928	11	3686240	3829022
27315	11	3808954	3857601
391	11	3838208	3872213
6786	11	3866933	4124440
6240	11	4105791	4170116
143496	11	4378493	4399616
6737	11	4396127	4424926
119774	11	4460525	4481591
390036	11	4500109	4521138
119772	11	4556421	4577374
143501	11	4582653	4609050
143502	11	4598021	4619135
390037	11	4605269	4626243
55128	11	4609902	4639489
390038	11	4650945	4672068
143503	11	4655156	4686718
81285	11	4691401	4729076
256892	11	4780209	4801147
119695	11	4814663	4835610
119694	11	4832616	4853644
119692	11	4859467	4880438
401665	11	4893049	4914113
119687	11	4918600	4939538
81282	11	4925949	4946893
79324	11	4934604	4955569
401666	11	4957389	4978330
401667	11	4966002	4986943
56547	11	4999424	5023659
119682	11	5010213	5031160
119679	11	5057756	5078691
119678	11	5069880	5090857
390054	11	5142922	5163872
23538	11	5162661	5183599
283111	11	5210965	5231930
3043	11	5236696	5258301
3045	11	5244059	5265858
3047	11	5259502	5281087
3048	11	5264421	5286011
3046	11	5279580	5301373
79339	11	5312244	5333176
79345	11	5334528	5355582
282763	11	5352113	5378140
390058	11	5362738	5383676
390059	11	5400607	5421664
390061	11	5433341	5454436
390063	11	5451772	5472783
390064	11	5464638	5485707
390066	11	5499915	5520979
50613	11	5518530	5541153
143630	11	5525623	5547956
101927763	11	5528262	5554410
390067	11	5555791	5576753
340980	11	5592107	5613114
117854	11	5607331	5644188
445372	11	5607865	5675628
53840	11	5631174	5675628
85363	11	5666740	5716339
10346	11	5700817	5742093
390072	11	5747228	5787162
387748	11	5747678	5768768
390075	11	5788864	5809897
79473	11	5799084	5820046
390077	11	5815018	5852572
390078	11	5852186	5873127
390079	11	5867979	5888932
390081	11	5895523	5916461
390083	11	5958577	5979524
390084	11	5978783	5999724
338751	11	5997122	6018215
120793	11	6013281	6034378
120796	11	6037901	6058971
196335	11	6119009	6139968
255725	11	6180585	6201556
120787	11	6210454	6231416
160298	11	6216798	6242365
84067	11	6222564	6265941
1262	11	6246724	6277066
887	11	6270841	6303363
112464	11	6330176	6351740
6609	11	6401644	6426228
322	11	6406355	6450644
3263	11	6442268	6472254
10612	11	6459843	6505689
23647	11	6485913	6512709
26515	11	6492677	6516109
144132	11	6507994	6603255
23378	11	6611144	6634884
3611	11	6614938	6642105
6881	11	6622048	6643475
1200	11	6623997	6650692
8642	11	6632556	6695320
63875	11	6691616	6714632
338755	11	6779238	6800188
144125	11	6796248	6817245
8590	11	6805756	6827139
144124	11	6856914	6877867
341276	11	6880986	6901897
283297	11	6887856	6908850
120776	11	6902805	6923731
120775	11	6932233	6953225
7762	11	6937654	7019718
7761	11	7010549	7051586
338323	11	7031700	7102757
27288	11	7100165	7122379
143425	11	7263181	7500276
283298	11	7496600	7543128
8495	11	7524996	7688537
51700	11	7676326	7705807
341277	11	7700669	7738001
120065	11	7807521	7828489
120066	11	7836584	7857519
390093	11	7939265	7960209
26496	11	7950123	7971067
338322	11	7971156	7995059
8665	11	7998867	8027718
7275	11	8030742	8137654
79608	11	8117597	8200590
4004	11	8235851	8300182
65975	11	8403417	8625836
9866	11	8623584	8714205
6157	11	8693995	8721419
6764	11	8704899	8942498
56672	11	8922701	8951626
56673	11	8931623	8964553
56676	11	8949119	8974580
56674	11	8958840	8996553
56675	11	8992123	9035596
57758	11	9031047	9123150
23258	11	9150372	9296882
440026	11	9292201	9346315
10527	11	9396169	9479674
7702	11	9472512	9560071
7465	11	9585197	9625016
23075	11	9675624	9784508
101927955	11	9716380	9737943
81846	11	9790214	10325754
133	11	10316642	10338923
272	11	10461846	10539126
100463486	11	10519434	10540723
50862	11	10523225	10572774
10894	11	10568712	10600365
10335	11	10584638	10725535
9646	11	10762749	10811295
1982	11	10808593	10840582
58486	11	10864251	10889620
374378	11	11282421	11653561
283106	11	11363489	11384904
55031	11	11852970	11990872
27122	11	11974543	12041373
9645	11	12122138	12295335
84953	11	12298447	12393687
55742	11	12387988	12566903
7003	11	12685969	12976284
644943	11	13020970	13043653
406	11	13289325	13418813
84280	11	13399555	13494838
5741	11	13503601	13527567
84188	11	13680206	13763893
10418	11	13974184	14299679
22800	11	14289466	14396052
1315	11	14469049	14531441
5682	11	14516422	14675180
5140	11	14655191	14903605
120227	11	14889551	14923874
796	11	14978214	15003879
797	11	15085143	15113888
387755	11	15123970	15278754
55553	11	15977995	16507935
10944	11	16750148	16789901
283278	11	16790509	16819037
144100	11	16799207	17045963
6207	11	17085939	17109220
5286	11	17098108	17239543
4925	11	17271884	17381510
374383	11	17363279	17408868
3767	11	17396795	17420878
6833	11	17404432	17508449
10083	11	17505442	17575963
340990	11	17558920	17677491
4654	11	17731110	17753678
3746	11	17747495	17814602
26297	11	17799595	18044709
7166	11	18032084	18072354
113174	11	18091890	18137638
117195	11	18132502	18170027
117196	11	18184384	18205827
6291	11	18242902	18268384
100528017	11	18242902	18280221
6289	11	18249780	18280221
6288	11	18277754	18316424
11234	11	18290217	18353751
2965	11	18333816	18398590
3939	11	18405936	18439765
3948	11	18423851	18482798
160287	11	18467374	18511814
7251	11	18491858	18558503
55293	11	18541156	18620293
144108	11	18617948	18666020
144110	11	18710351	18736332
283284	11	18715852	18757777
84867	11	18739475	18824268
259249	11	18945360	18966549
117194	11	19066002	19092228
54503	11	19128681	19207967
8048	11	19193577	19242118
79733	11	19235610	19273202
89797	11	19362271	20153147
120237	11	20167760	20191870
10553	11	20375231	20415329
10196	11	20399076	20540879
9152	11	20610946	20686610
4745	11	20681117	21607232
203859	11	22204199	22314913
57084	11	22349667	22411049
2188	11	22634079	22657387
2620	11	22678160	22844547
258010	11	22833598	22861382
100500938	11	22858468	22891972
338645	11	24508516	25114186
63982	11	26200458	26694836
143662	11	26570579	26603815
159963	11	26678566	26753574
387758	11	27005628	27028634
8424	11	27052252	27159354
91057	11	27350061	27394795
55366	11	27377508	27504338
55327	11	27505965	27538326
627	11	27666440	27753605
81930	11	28032163	28139746
196074	11	28119798	28365054
3739	11	30021288	30048577
2488	11	30242563	30266824
120534	11	30334649	30369165
744	11	30396040	30618260
100506627	11	30875150	31024233
341019	11	31274171	31401357
120526	11	31381377	31464382
196294	11	31443948	31541169
26610	11	31521297	31816073
5080	11	31796340	31849509
5954	11	32102477	32137272
7490	11	32398789	32467104
10480	11	32595313	32634037
493860	11	32613626	32826204
79056	11	32841309	32889669
79832	11	32904792	33011816
91614	11	33027410	33065128
55346	11	33050963	33105109
1479	11	33096130	33193037
10114	11	33264406	33388569
25758	11	33553877	33705648
100131378	11	33709654	33732286
966	11	33714556	33768025
26273	11	33752490	33806071
4005	11	33870122	33923836
4076	11	34063230	34134157
55226	11	34117111	34182581
25841	11	34162534	34389555
847	11	34450472	34503607
2001	11	34490342	34545347
26298	11	34632588	34694835
51074	11	34893842	34947939
8050	11	34927677	35027675
960	11	35150417	35263949
6506	11	35262752	35451610
25891	11	35443374	35561848
24147	11	35629735	35652421
54765	11	35674353	35840930
143458	11	35955537	36263688
29099	11	36283842	36320999
79899	11	36307725	36496754
7189	11	36495317	36541863
5896	11	36522053	36611312
5897	11	36603493	36629829
119710	11	36606043	36690841
57689	11	40125524	41491186
8539	11	43323505	43376080
55761	11	43370435	43526483
51144	11	43692108	43888169
221120	11	43892357	43951825
387763	11	43954106	43975433
390110	11	44059531	44091527
84680	11	44077729	44115791
2132	11	44107099	44276980
60529	11	44272278	44341735
3732	11	44577141	44651339
90139	11	44738731	44963978
9537	11	44897454	44982919
56981	11	45105564	45266675
101060179	11	45224027	45246295
57586	11	45251853	45317884
8534	11	45659239	45697206
55343	11	45815623	45844568
1408	11	45858669	45914799
9479	11	45897047	45938016
143678	11	45918085	45938833
9409	11	45921220	45949674
120071	11	45933172	45960647
51317	11	45940870	46152985
90993	11	46289189	46352972
8525	11	46344455	46412104
4192	11	46392334	46415387
1132	11	46395335	46423122
55626	11	46407962	46625619
283254	11	46614856	46648933
9776	11	46628826	46707569
392	11	46688625	46732215
79797	11	46712317	46737466
2147	11	46730743	46771056
9793	11	46755084	46877859
4038	11	46868268	46950173
79096	11	46948240	47195932
84364	11	47175849	47209054
29763	11	47189073	47218010
1643	11	47226493	47270769
53	11	47250853	47280457
10062	11	47259851	47300584
8567	11	47280927	47361582
4607	11	47342957	47384253
6688	11	47366409	47410127
91252	11	47418683	47448051
5702	11	47430320	47458024
5913	11	47449308	47480730
10658	11	47477489	47584792
114971	11	47576888	47605013
55709	11	47583749	47610567
4722	11	47590562	47616115
399888	11	47598230	47620746
114900	11	47601216	47625961
23788	11	47628858	47674206
79841	11	47671143	47746928
23360	11	47728055	47799012
23279	11	47789670	47880057
5795	11	47992101	48202394
119765	11	48228362	48249291
119764	11	48256656	48277567
390113	11	48275413	48296330
256148	11	48317775	48338704
256144	11	48336493	48357482
403253	11	48500345	48521274
283116	11	49043152	49069529
646754	11	49065266	49090664
2346	11	49158187	49240222
101060256	11	49871567	49906588
283092	11	49963943	49984971
283093	11	49993009	50014071
81318	11	51401378	51422448
119749	11	51505282	51526211
79097	11	55019658	55048595
81327	11	55100677	55121663
81328	11	55125360	55146394
81309	11	55311783	55332895
219428	11	55329604	55350536
219429	11	55360830	55381874
81300	11	55395834	55416772
219431	11	55408380	55429315
219432	11	55422643	55443572
390142	11	55530914	55551858
219436	11	55553032	55573976
219437	11	55568943	55589878
219438	11	55577106	55598047
26338	11	55584695	55605630
390144	11	55596228	55617214
84767	11	55640773	55669286
390148	11	55671126	55692058
10798	11	55692932	55713876
282770	11	55725034	55745939
338674	11	55751157	55772101
219447	11	55787895	55808869
120586	11	55850784	55871716
390151	11	55862519	55883457
390152	11	55879849	55900787
81168	11	55894247	55915194
219453	11	55916870	55937793
282775	11	55934094	55955032
219464	11	55989582	56010661
390154	11	56009676	56030698
390155	11	56033115	56054095
219469	11	56047603	56068538
219473	11	56075783	56096721
390157	11	56103515	56124474
219477	11	56117691	56138764
219417	11	56133100	56154029
219479	11	56174734	56195708
390162	11	56219945	56240877
219482	11	56226964	56248014
219484	11	56247911	56268846
219487	11	56299816	56320733
390167	11	56334250	56355197
390168	11	56370031	56390978
338675	11	56398965	56419915
219493	11	56421162	56442094
390174	11	56457864	56478781
283189	11	56500304	56521287
390181	11	56746389	56767318
219527	11	56939221	56969188
187	11	56991051	57014927
85456	11	57057103	57102485
6749	11	57083459	57113351
5024	11	57095841	57147549
10394	11	57134242	57158623
5553	11	57144834	57181420
29015	11	57164427	57205053
349667	11	57217926	57254384
8501	11	57242004	57293192
26519	11	57285936	57308232
219537	11	57295044	57327747
9246	11	57309128	57345803
710	11	57355027	57392326
219539	11	57402560	57427417
10978	11	57415216	57439337
25921	11	57425223	57478659
219541	11	57461182	57489804
51075	11	57469995	57518445
280636	11	57498722	57520883
643376	11	57500986	57529253
1500	11	57510756	57596652
219956	11	57781353	57959059
219952	11	57788425	57809378
219954	11	57875972	57896916
219957	11	57947906	57968990
219958	11	57960676	57981653
219959	11	57972217	57993194
219960	11	57985354	58006390
81341	11	58024264	58045732
219965	11	58115598	58136542
441608	11	58159938	58180882
390190	11	58179738	58200786
390191	11	58196593	58217646
219968	11	58264649	58285578
9404	11	58284344	58355688
80829	11	58336587	58399023
1270	11	58380146	58403206
10249	11	58466230	58509447
219970	11	58591538	58621997
92292	11	58685102	58734543
374393	11	58864658	58904888
63901	11	58900219	58932512
23220	11	58929812	58986060
219972	11	58965983	58990494
390195	11	59121932	59142867
219981	11	59179452	59200426
219982	11	59200642	59221589
219983	11	59214434	59235378
390197	11	59234903	59255838
219986	11	59261049	59281984
390199	11	59272386	59293330
5007	11	59331871	59393617
219988	11	59394189	59446513
390201	11	59470389	59491318
6809	11	59512479	59583355
54948	11	59563608	59588345
2694	11	59586746	59622974
6947	11	59610281	59644041
219990	11	59797748	59825517
932	11	59814101	59848588
2206	11	59845734	59875940
64231	11	59929080	59962139
643680	11	59958726	60020575
51338	11	60038014	60086445
245802	11	60092355	60118441
58475	11	60135949	60173427
84689	11	60153487	60195229
64232	11	60187062	60225265
931	11	60213251	60248225
54860	11	60250251	60284903
503497	11	60272886	60320194
83661	11	60457046	60493284
728588	11	60491077	60516416
219995	11	60514340	60554204
341116	11	60542821	60578778
79080	11	60599429	60628561
11251	11	60608398	60633444
22917	11	60625015	60653164
27339	11	60648019	60684061
79073	11	60671351	60700915
54972	11	60681913	60714631
51296	11	60694555	60729257
923	11	60729113	60797849
921	11	60859930	60905324
55048	11	60887728	60938916
643834	11	60960984	60990350
643847	11	60979821	61009179
5222	11	60998644	61028929
220001	11	61015758	61072788
1642	11	61056919	61110691
26007	11	61090654	61130898
220002	11	61106220	61139755
51524	11	61119473	61146977
51259	11	61149832	61176335
79869	11	61160120	61207464
54949	11	61187514	61224239
220004	11	61238585	61268400
390205	11	61266272	61288490
9066	11	61271188	61358523
747	11	61437905	61524474
745	11	61510121	61565990
746	11	61546602	61570085
2237	11	61550109	61574716
3992	11	61557097	61594529
9415	11	61573675	61644826
3995	11	61630998	61669006
5866	11	61654706	61723747
7439	11	61707356	61741935
2495	11	61721757	61745132
3619	11	61881445	61930635
10648	11	61947710	61971009
4246	11	61966140	61991411
10647	11	61999102	62022280
4250	11	62027630	62050628
404552	11	62053754	62076536
80150	11	62094774	62170887
7356	11	62176507	62200678
79026	11	62191014	62324332
1937	11	62317073	62351460
64852	11	62331431	62369109
9219	11	62350675	62379312
256364	11	62359690	62390492
6094	11	62370213	62392592
26229	11	62372768	62399647
23193	11	62382298	62424198
80789	11	62404320	62430774
79081	11	62420289	62449241
751071	11	62422725	62444923
790955	11	62429126	62451162
51035	11	62433972	62456554
221091	11	62443874	62467371
26580	11	62447734	62487091
2785	11	62465066	62486678
221092	11	62470097	62504857
283237	11	62485545	62516110
79842	11	62508435	62531656
5436	11	62519011	62544187
10629	11	62528775	62564814
374395	11	62544281	62567872
79064	11	62547787	62569486
10482	11	62549597	62582964
6811	11	62564332	62609563
54663	11	62590380	62618044
6520	11	62613484	62666355
1128	11	62666151	62699012
9356	11	62734069	62762495
9376	11	62750296	62793317
283238	11	62837412	62921693
387601	11	62920523	63015415
387775	11	63047372	63089246
114571	11	63127142	63187731
117245	11	63218876	63268680
85329	11	63263524	63294246
5920	11	63294273	63323930
54979	11	63310242	63340855
11145	11	63331934	63391941
25923	11	63381554	63449533
10313	11	63438922	63537363
65998	11	63517364	63546113
144097	11	63570846	63605190
2011	11	63596400	63688492
283248	11	63668693	63694407
79829	11	63696442	63734799
1351	11	63732079	63754015
55611	11	63743325	63775892
28992	11	63756006	63943602
23769	11	63793442	63896655
10963	11	63942206	63982020
83706	11	63964152	64001363
83707	11	63981271	64003726
84304	11	63983730	64007491
3338	11	63987594	64011753
7423	11	63992056	64016736
2286	11	63998413	64021607
26472	11	64001951	64024413
5331	11	64008995	64046924
572	11	64027300	64062176
56834	11	64041781	64066972
50801	11	64048774	64077503
25858	11	64057863	64082239
2101	11	64062990	64094215
51504	11	64074163	64095455
25824	11	64075347	64099295
283234	11	64097690	64135006
8986	11	64116625	64149687
55867	11	64313098	64349002
116085	11	64348113	64379825
9379	11	64363646	64500660
10235	11	64484383	64522928
5837	11	64503861	64538187
7536	11	64522076	64556515
5871	11	64546609	64580720
4221	11	64560986	64588766
55561	11	64581661	64622041
10938	11	64610206	64657181
23130	11	64652004	64694722
5526	11	64682143	64711950
170589	11	64691943	64713360
283129	11	64695702	64749565
116071	11	64745417	64775060
402	11	64771585	64799657
29907	11	64784880	64818044
29901	11	64798376	64822300
10004	11	64802295	64836009
113130	11	64823772	64861635
7542	11	64841694	64865874
100130348	11	64845844	64866583
738	11	64853587	64889332
7108	11	64869326	64893707
741	11	64873875	64895170
2197	11	64878099	64899672
740	11	64879655	64904841
84447	11	64884751	64912285
387778	11	64927707	64950688
823	11	64938686	64989477
440044	11	64971311	65020579
23649	11	65019432	65075088
10435	11	65072289	65099900
5977	11	65091225	65130451
220359	11	65112282	65135084
283130	11	65132663	65161172
83786	11	65144041	65190996
101927789	11	65212309	65244144
57410	11	65282537	65316182
4054	11	65296030	65335858
10534	11	65326651	65350075
23625	11	65329820	65351669
254102	11	65333509	65370121
10089	11	65350326	65373467
4296	11	65355226	65391720
399909	11	65373686	65414910
6494	11	65395578	65428391
5970	11	65411067	65440443
10524	11	65469473	65497077
84153	11	65475144	65498409
91056	11	65531369	65558062
5017	11	65544505	65574690
101927853	11	65580493	65610968
254122	11	65591305	65631578
1072	11	65612282	65635804
80198	11	65617872	65643914
30008	11	65623912	65650405
1521	11	65637284	65661212
9158	11	65641211	65666010
11007	11	65647875	65669106
8061	11	65649616	65677997
83638	11	65674281	65696531
10589	11	65676728	65699048
254187	11	65703115	65737434
9092	11	65719160	65757607
84285	11	65754016	65779637
8815	11	65759550	65781617
1474	11	65769462	65790976
117144	11	65774223	65803988
89792	11	65798236	65826651
10992	11	65809264	65846382
55690	11	65827747	66022218
64837	11	66014765	66045332
81876	11	66026056	66054963
254263	11	66035672	66061685
10897	11	66042051	66066638
256472	11	66049373	66074135
57124	11	66071958	66094515
9610	11	66089535	66114000
25855	11	66094804	66122596
11041	11	66102843	66125161
3177	11	66119992	66149961
266743	11	66178475	66204177
65003	11	66192550	66216310
246330	11	66223798	66254808
10072	11	66237484	66287130
582	11	66268077	66311084
254359	11	66278854	66323709
89	11	66304312	66340799
8722	11	66320935	66346047
55231	11	66347640	66370554
9973	11	66350630	66383490
10432	11	66374053	66407405
100526737	11	66374053	66423944
5936	11	66396088	66445856
83759	11	66422469	66455348
6712	11	66439967	66506716
79703	11	66502207	66623997
9986	11	66600883	66624003
5091	11	66605993	66735847
78999	11	66614558	66637946
254439	11	66732754	66754479
91683	11	66780190	66828334
29984	11	66814289	66849488
22992	11	66876740	67035553
156	11	67023905	67064029
338692	11	67046762	67079955
54961	11	67060919	67090078
57804	11	67108236	67131067
23529	11	67121635	67151648
5883	11	67149423	67175883
5499	11	67155652	67179376
374403	11	67161384	67187561
57571	11	67173149	67203078
6199	11	67185935	67212879
5790	11	67192981	67215153
57175	11	67195518	67221371
390212	11	67208772	67230200
57010	11	67209886	67239245
80194	11	67221819	67246748
9049	11	67240505	67268579
9600	11	67249231	67282843
10263	11	67263961	67286199
51475	11	67276418	67301085
2950	11	67341066	67364125
4723	11	67364323	67390012
254552	11	67385409	67407408
347853	11	67388774	67417031
91703	11	67400026	67428130
222	11	67419633	67458685
81622	11	67748575	67781593
221	11	67766048	67806743
4728	11	67788084	67814114
10312	11	67796462	67828366
1119	11	67810326	67898858
51111	11	67912330	67991250
53838	11	68018803	68049469
4041	11	68070077	68226743
55291	11	68218186	68392802
51083	11	68441983	68468643
9633	11	68464908	68528988
1374	11	68512088	68621878
219927	11	68648744	68681303
3508	11	68661319	68718070
116512	11	68737490	68758455
116535	11	68761862	68790850
219931	11	68806350	68868072
26579	11	69051613	69074754
595	11	69445873	69479242
220064	11	69470331	69500165
9965	11	69503006	69529106
2249	11	69577797	69600171
2248	11	69614736	69644192
55107	11	69914408	70045651
8772	11	70039269	70063508
8500	11	70106806	70240607
2017	11	70234612	70292690
22941	11	70303961	70945808
1717	11	71135457	71169477
55191	11	71154217	71222586
440050	11	71228313	71249210
57830	11	71239071	71260253
3846	11	71249466	71270653
387273	11	71266609	71287666
440051	11	71282901	71303921
55199	11	71488557	71522280
100131539	11	71515091	71542593
245911	11	71534246	71558608
100129216	11	71579499	71605607
55298	11	71629768	71718643
10068	11	71699955	71723965
4926	11	71703910	71801732
220074	11	71781377	71831828
55004	11	71795371	71824433
25906	11	71810633	71833822
2352	11	71836771	71860934
2348	11	71890602	71917367
2350	11	71917819	71942994
3636	11	71924916	71960191
401	11	71940121	71965220
81570	11	71993469	72155724
5138	11	72277184	72395497
116985	11	72386114	72473465
10809	11	72455774	72514750
89849	11	72515451	72563793
9873	11	72537788	72863727
5029	11	72918735	72963472
5031	11	72965550	73019670
9828	11	73009663	73090425
84957	11	73077405	73118519
23201	11	73101837	73319234
58473	11	73347223	73383864
5870	11	73376683	73482201
51642	11	73488917	73585656
51287	11	73573712	73597890
80227	11	73577744	73648781
374407	11	73651364	73691713
7351	11	73675716	73703889
7352	11	73701326	73730282
26005	11	73713759	73892064
51400	11	73871936	73975748
283208	11	73948532	74032699
283209	11	74031361	74119502
10008	11	74155886	74188600
387787	11	74192923	74214755
10714	11	74293575	74390386
25884	11	74397474	74452227
254225	11	74449913	74563458
143570	11	74540655	74670232
9789	11	74650292	74700076
10825	11	74689950	74728743
341152	11	74789796	74810758
11309	11	74852032	74927445
100507050	11	74941950	74964749
408	11	74961166	75072875
6188	11	75100535	75143346
283212	11	75123438	75151674
81544	11	75135683	75246991
871	11	75263101	75293849
4135	11	75287959	75389479
80168	11	75418934	75452331
84649	11	75469778	75522581
7405	11	75516212	75865282
7481	11	75887370	75931803
5612	11	76051004	76101880
100506127	11	76082307	76135663
56946	11	76145967	76273943
2615	11	76358568	76391990
25987	11	76483357	76519198
55331	11	76561917	76744850
192134	11	76735385	76763020
726	11	76767992	76847201
4975	11	76803886	76824377
4647	11	76829302	76936286
220032	11	76917603	77022699
5058	11	77023060	77195108
282679	11	77290680	77331401
1207	11	77317196	77358851
51773	11	77361047	77541915
28971	11	77522147	77593398
92105	11	77579766	77715771
65987	11	77716761	77767237
100532726	11	77716761	77801265
7069	11	77764907	77789403
4718	11	77769393	77801265
79053	11	77801988	77860699
283219	11	77872289	77910006
57558	11	77889858	77935757
9846	11	77916336	78138868
79731	11	78137007	78295909
26011	11	78354328	79162014
220382	11	82433046	82454906
5547	11	82525409	82622733
220042	11	82601017	82655701
27314	11	82674177	82792965
51585	11	82858137	82906836
338699	11	82894754	82977719
60492	11	82962498	83007445
1740	11	83156055	85348314
55863	11	85329617	85357583
84233	11	85348963	85377597
58487	11	85358608	85386182
220388	11	85384893	85407320
54843	11	85395264	85532197
220047	11	85556144	85641064
8301	11	85658214	85790923
8726	11	85945586	85999785
51501	11	86003253	86066985
60494	11	86075778	86144151
10873	11	86142150	86393678
11098	11	86501288	86532275
8322	11	86646717	86676440
65084	11	86738886	87049876
23682	11	87836415	87918635
1075	11	88016760	88080941
2915	11	88227256	88806846
7299	11	88901040	89038927
50507	11	89047521	89332779
219595	11	89360675	89441886
390231	11	89433467	89461040
57093	11	89520823	89551743
642446	11	89593606	89619185
399939	11	89634640	89660878
729384	11	89647232	89676231
120146	11	89691672	89717240
642612	11	89754274	89785193
642623	11	89809118	89830299
10003	11	89857772	89936062
26973	11	89923597	89966532
120114	11	92037446	92639636
4544	11	92692789	92725948
120103	11	92870850	92941095
159989	11	93053156	93181636
56935	11	93201638	93286546
85459	11	93384816	93473524
79101	11	93453368	93484703
28970	11	93464769	93506250
9440	11	93507405	93556496
387804	11	93543735	93593668
341208	11	93744378	93857374
24145	11	93852094	93928762
390243	11	94028803	94050858
10888	11	94100477	94144585
4361	11	94140466	94237040
54851	11	94217153	94242744
643037	11	94235695	94275289
2526	11	94267017	94293064
143689	11	94269876	94364587
154810	11	94429602	94619918
51503	11	94685787	94716776
55693	11	94696845	94742678
390245	11	94748422	94770760
10929	11	94790041	94814387
23052	11	94812974	94875815
143686	11	94888677	94975705
143684	11	95492106	95532954
9702	11	95513625	95575857
8898	11	95556044	95667371
84441	11	95701440	96086344
79780	11	96075929	96133083
8690	11	96113158	96136727
53942	11	98881706	100239616
143872	11	100548407	100871656
83935	11	100852811	100874666
5241	11	100890355	101010544
7225	11	101312295	101464687
253935	11	101751405	101797253
57562	11	101775746	101881793
85016	11	101908147	101965291
10413	11	101971151	102114154
330	11	102178181	102220134
329	11	102207913	102259401
114908	11	102257056	102333775
4316	11	102381239	102411478
9313	11	102437566	102506063
64066	11	102552415	102586468
4317	11	102572526	102605734
4319	11	102631233	102661359
4312	11	102650641	102678966
4314	11	102696528	102724342
4321	11	102723464	102755764
4322	11	102803721	102836463
84259	11	102911413	102972944
79659	11	102970160	103360591
80310	11	103767914	104045027
414301	11	103897308	103919922
100506742	11	104746445	104779397
837	11	104803594	104849325
838	11	104854967	104903895
834	11	104886235	104915884
114769	11	104902053	104926051
440068	11	104953196	104982158
59082	11	104998448	105020461
2893	11	105470800	105862819
84437	11	105868629	105902981
143879	11	105911825	105958465
60496	11	105938292	105979419
2977	11	106534738	106899171
143884	11	107187071	107338572
91801	11	107363453	107446468
55531	11	107451817	107547505
6588	11	107568101	107592787
54733	11	107651717	107739914
54734	11	107789277	107844208
8065	11	107869408	107988495
38	11	107982258	108028895
4863	11	108018117	108103365
472	11	108083559	108249829
160140	11	108169012	108348258
143888	11	108332832	108379169
23086	11	108366158	108474492
1662	11	108525816	108821650
399947	11	109282570	109309893
85463	11	109953673	110052566
5962	11	110035605	110177437
2230	11	110290661	110345608
57569	11	110437759	110593912
341032	11	111116707	111166973
399948	11	111154114	111187104
120376	11	111159271	111189460
5450	11	111212976	111260348
644277	11	111289223	111337330
54766	11	111328255	111393105
399949	11	111375510	111417756
143903	11	111401233	111442470
23235	11	111463170	111607635
5519	11	111587632	111647169
79796	11	111642919	111752305
91893	11	111734780	111760181
64776	11	111739948	111764798
1410	11	111769350	111792473
3316	11	111773460	111794817
91894	11	111779601	111807595
85458	11	111787868	111903374
1737	11	111885538	111945002
120379	11	111924734	111954895
55216	11	111934968	111965874
26521	11	111945524	111967522
6392	11	111947548	111976525
56158	11	111994926	112053279
3606	11	112003974	112044840
83875	11	112036208	112099652
5805	11	112087088	112114696
349633	11	112108876	112141583
4684	11	112821969	113159158
54970	11	113175251	113254345
255239	11	113248513	113281140
1813	11	113270317	113356413
80975	11	113548268	113587151
9183	11	113593905	113654485
644672	11	113640518	113661207
57646	11	113658597	113756292
9177	11	113765518	113827283
3359	11	113835797	113871035
7704	11	113920289	114136702
4837	11	114156535	114193238
54494	11	114252170	114281272
10179	11	114261283	114289636
25996	11	114300108	114331001
120400	11	114382423	114440580
54827	11	114431313	114476484
120406	11	114539200	114589357
23705	11	115029933	115385241
84811	11	116608886	116653714
8882	11	116639276	116668739
116519	11	116650086	116673136
337	11	116681418	116704011
345	11	116690624	116713787
335	11	116696467	116718338
23387	11	116704118	116979131
5049	11	117005000	117058889
51092	11	117039626	117078161
6876	11	117060040	117085508
9159	11	117065788	117112811
257160	11	117093341	117166404
23621	11	117146402	117196972
22897	11	117174792	117293982
57453	11	117288489	117677976
486	11	117680790	117709408
100533181	11	117680790	117757746
53826	11	117697691	117758201
84000	11	117761356	117810168
3587	11	117847106	117882198
56649	11	117937727	118006323
6330	11	117994092	118033630
6327	11	118023519	118057337
120425	11	118054442	118105809
196264	11	118087405	118134135
10205	11	118114131	118145251
916	11	118165295	118196890
915	11	118199789	118223459
917	11	118205032	118234497
9354	11	118220296	118279926
10632	11	118262104	118290562
4297	11	118297205	118407539
143941	11	118388210	118411740
84866	11	118391803	118427313
56912	11	118405243	118446791
372	11	118433078	118483748
23187	11	118467213	118538748
11181	11	118518942	118560381
1656	11	118608472	118671972
643	11	118744475	118776980
283149	11	118756849	118806327
7379	11	118817008	118839269
283150	11	118832417	118861997
338657	11	118858843	118896455
6230	11	118876422	118899057
51399	11	118879241	118904384
2542	11	118885061	118911616
10525	11	118904896	118937951
55823	11	118928493	118962688
3145	11	118945587	118974259
3014	11	118954580	118976177
1798	11	118957213	118983124
9854	11	118967771	118998304
25988	11	118982233	119015765
64137	11	119009750	119043375
79671	11	119029036	119064725
79849	11	119046127	119070932
283152	11	119050963	119082160
867	11	119066986	119188859
4162	11	119169234	119199087
79102	11	119195210	119218024
83552	11	119199644	119227383
114902	11	119199644	119227383
9099	11	119215925	119262436
7070	11	119278655	119304246
5818	11	119498808	119609435
23650	11	119971994	120066237
220323	11	120071747	120110650
25833	11	120097349	120200653
219902	11	120185838	120214397
23365	11	120197264	120370645
2900	11	120372465	120869514
219899	11	120884802	120972787
7007	11	120963375	121072202
6309	11	121153388	121194119
6653	11	121312912	121514471
414899	11	121976062	121996923
84959	11	122516398	122695187
56253	11	122699255	122753347
79864	11	122743236	122840430
390259	11	122838357	122862379
3312	11	122918200	122943074
79827	11	122933020	123076007
57476	11	123315191	123508478
55800	11	123489895	123535315
7753	11	123584997	123622383
390260	11	123614288	123635226
390261	11	123666116	123687057
338661	11	123743633	123766340
338662	11	123767139	123788083
219875	11	123800324	123821280
219874	11	123803574	123824545
219873	11	123837403	123858398
390264	11	123876282	123897217
219870	11	123883720	123904655
219869	11	123890330	123911265
390265	11	123898773	123919708
4013	11	123976111	124027619
26492	11	124085398	124106312
26494	11	124110423	124131287
219865	11	124124723	124145763
283159	11	124169736	124190662
283160	11	124179158	124200093
26595	11	124242298	124286648
390271	11	124256306	124277247
283162	11	124283838	124304767
26493	11	124300046	124320981
219858	11	124402618	124423550
390275	11	124429965	124450945
116337	11	124471453	124500252
84897	11	124482742	124515822
54414	11	124495685	124556199
53340	11	124533740	124574690
4900	11	124599829	124627102
23584	11	124607370	124632109
90952	11	124613019	124642223
79684	11	124626388	124680868
64221	11	124725305	124761370
54538	11	124744114	124777857
220296	11	124779089	124816308
641654	11	124779146	124800573
80071	11	124814017	124921385
219855	11	124922963	124970412
219854	11	124954266	124991659
63876	11	125024559	125313285
9638	11	125305641	125376206
403312	11	125355104	125376769
9538	11	125429298	125464575
3703	11	125452690	125502654
1111	11	125485031	125556150
56	11	125532229	125560809
160065	11	125606180	125629743
399967	11	125636025	125658714
100169851	11	125648006	125671495
399968	11	125693211	125719967
219844	11	125743509	125780541
83480	11	125753380	125783145
29118	11	125764261	125803005
338667	11	125807319	125836735
50937	11	125816713	125943187
84881	11	126061989	126091587
79607	11	126071619	126142879
6734	11	126122814	126148877
55572	11	126128935	126158027
114609	11	126142800	126174828
28960	11	126163647	126225644
6484	11	126215540	126294536
84623	11	126283388	126880766
2113	11	128318656	128467453
2313	11	128546430	128693162
3758	11	128697909	128747268
3762	11	128751313	128801060
219833	11	128759460	128786126
63970	11	128794627	128823294
9743	11	128824955	129072093
8538	11	129235879	129332174
120224	11	129675732	129739898
4798	11	129723670	129775490
56980	11	129759601	129882730
334	11	129929716	130024706
6768	11	130019682	130090257
29068	11	130086572	130194663
11095	11	130264660	130308539
170689	11	130308869	130356539
283171	11	130532851	130597247
399979	11	130735766	130796382
50863	11	131230371	132216716
4978	11	132274875	133412403
219938	11	133700517	133725433
22997	11	133768520	133836649
83700	11	133928820	134031652
23310	11	134012337	134104426
112936	11	134084561	134127686
29087	11	134108172	134133289
27034	11	134113428	134145749
112937	11	134135293	134199458
89944	11	134191768	134256222
27087	11	134238398	134291880
440073	12	166049	297626
6539	12	289243	333740
6540	12	319787	382039
5927	12	379223	508620
84318	12	488516	561811
283358	12	559543	681503
4815	12	663462	782755
65125	12	851759	1030618
5893	12	1011255	1109774
23085	12	1090404	1615099
144699	12	1665159	1713331
81029	12	1673823	1766379
79602	12	1790147	1907845
93589	12	1891123	2037870
654429	12	1919433	1955919
196513	12	2045214	2123677
775	12	2069952	2817115
2288	12	2894108	2924589
55846	12	2911716	2944237
83714	12	2924514	2954372
101929469	12	2947293	2975317
2305	12	2956846	2996321
83695	12	2975424	3008691
7289	12	2990033	3060306
7004	12	3058478	3159842
10867	12	3176521	3405730
56341	12	3480515	3713139
84766	12	3712122	3872366
57097	12	3897410	3992608
894	12	4372901	4424522
57103	12	4420359	4479194
8074	12	4467393	4498894
2251	12	4533308	4564780
57102	12	4586899	4657674
10635	12	4637940	4679213
8798	12	4661375	4733041
10566	12	4713837	4768213
4704	12	4748264	4806720
26290	12	4819752	4891892
3742	12	4908342	4971093
3736	12	5009073	5037422
3741	12	5143085	5165954
4908	12	5531280	5614465
57101	12	5661817	6065398
7450	12	6048040	6243836
928	12	6299482	6357437
55200	12	6409602	6447672
7132	12	6427923	6461283
6337	12	6446009	6496896
4055	12	6474534	6510737
939	12	6544051	6570884
55080	12	6551177	6581488
6843	12	6561403	6589843
51258	12	6591316	6612471
9918	12	6592547	6651132
2597	12	6633585	6657537
25900	12	6638694	6675249
4839	12	6656036	6687498
1108	12	6669248	6726551
57121	12	6718001	6755297
84519	12	6737241	6766594
51147	12	6749704	6782311
171017	12	6765643	6808738
196500	12	6792957	6820009
50813	12	6823150	6851041
8079	12	6847158	6872721
5763	12	6865255	6890118
3902	12	6871670	6897621
920	12	6888638	6939976
27239	12	6920963	6946583
10536	12	6927572	6959018
2784	12	6939375	6966564
83461	12	6947972	6971128
8078	12	6951285	6985796
7167	12	6966288	6990110
84727	12	6970099	6992521
10233	12	7003897	7033406
2026	12	7013614	7042860
1822	12	7023626	7061484
113246	12	7042146	7065165
5777	12	7045740	7080479
11331	12	7064515	7089981
10436	12	7069944	7095165
10162	12	7075347	7135842
716	12	7157819	7188336
51279	12	7236000	7271869
83758	12	7266280	7291466
9746	12	7271681	7321541
5830	12	7331759	7381170
341392	12	7446928	7490969
283316	12	7497556	7606778
9332	12	7613412	7666414
339	12	7791996	7833195
9573	12	7832381	7858360
359787	12	7854089	7880155
170482	12	7870235	7912069
360030	12	7907812	7936717
79923	12	7931995	7958655
144195	12	7955110	8053792
6515	12	8061824	8098895
55810	12	8175298	8218118
719	12	8200919	8228955
25977	12	8224807	8260373
50856	12	8266228	8301203
440077	12	8280807	8342642
55138	12	8363856	8390214
93978	12	8598591	8640926
338339	12	8656136	8684962
26253	12	8675901	8703558
57379	12	8744762	8775463
8076	12	8788540	8825433
57494	12	8824273	8945688
144568	12	8965150	9039381
1911	12	9057292	9104063
4074	12	9082957	9112357
10219	12	9132137	9173343
2	12	9210304	9278558
5858	12	9291436	9370966
728715	12	9539658	9565776
408186	12	9671848	9727876
3820	12	9737870	9770497
29121	12	9812304	9862151
160365	12	9858456	9895895
969	12	9895082	9923497
51348	12	9970038	10007604
9976	12	9994968	10032458
100431172	12	10024088	10058432
387836	12	10041272	10094980
160364	12	10093915	10157704
51266	12	10135660	10163381
387837	12	10153231	10181399
283420	12	10173276	10228612
51267	12	10213012	10261655
64581	12	10259376	10292868
4973	12	10300899	10334790
120939	12	10321557	10354403
23710	12	10355435	10385727
3824	12	10447050	10479850
22914	12	10514952	10552653
100528032	12	10514952	10572745
8302	12	10531529	10572370
3823	12	10554914	10583194
3822	12	10573198	10598780
3821	12	10584863	10617215
55110	12	10746364	10776208
55359	12	10761538	10836917
8531	12	10841676	10886047
50837	12	10944131	10965226
50836	12	10948650	10969579
50835	12	10951693	10972767
50839	12	10967945	10988868
11272	12	10988448	11012075
5554	12	11023560	11046874
50838	12	11050525	11072161
5555	12	11071834	11097444
50840	12	11080853	11101806
259296	12	11128512	11149511
259295	12	11138561	11160474
259294	12	11164271	11185170
259290	12	11172986	11194006
259292	12	11203964	11224893
259289	12	11233886	11254912
259293	12	11275884	11296843
100129361	12	11313780	11338619
353164	12	11328599	11349543
5544	12	11408847	11432656
5545	12	11450015	11473369
5542	12	11494757	11518524
653247	12	11534474	11558498
2120	12	11792788	12058336
79370	12	12213873	12262629
100506248	12	12253949	12275090
4040	12	12258959	12429811
54682	12	12472195	12513475
118426	12	12499967	12647587
80824	12	12616216	12725773
1389	12	12754831	12808041
2842	12	12803995	12859121
1027	12	12860302	12885305
81575	12	12868851	12954400
51202	12	12956280	12992915
9052	12	13033956	13076600
55507	12	13083407	13116828
50865	12	13117798	13163243
57613	12	13187300	13246383
83445	12	13226471	13266659
2012	12	13339602	13379708
2904	12	13703684	14143022
55729	12	14508566	14665864
79887	12	14646597	14730791
2984	12	14755566	14859519
121504	12	14910933	14934093
55766	12	14917270	14940936
51729	12	14927513	14966420
144608	12	14945997	14986792
440087	12	14947584	14977116
420	12	14972245	15006413
4256	12	15024115	15048853
121506	12	15056961	15101463
397	12	15084949	15124562
5149	12	15115956	15144799
85004	12	15250716	15384411
5800	12	15465191	15761265
2059	12	15763075	15952510
11171	12	16025288	16066412
51071	12	16054186	16200315
729025	12	16331419	16440619
4257	12	16490076	16540123
55885	12	16691306	16771148
79785	12	18223803	18253139
5288	12	18385912	18811352
89869	12	18826110	18901020
93661	12	18881045	18902122
54477	12	19272626	19539334
121536	12	19582608	19685173
5139	12	20512179	20850575
53919	12	20838289	20916320
28234	12	20953638	21080019
338821	12	21158630	21253040
10599	12	21274128	21402730
6579	12	21407534	21558371
3375	12	21515802	21542914
79912	12	21580538	21634184
5965	12	21611844	21664603
51026	12	21644699	21681337
80763	12	21669256	21694210
2998	12	21674461	21793722
3945	12	21778275	21820789
3764	12	21907889	21938436
10060	12	21940323	22104797
55907	12	22189108	22228608
6489	12	22336325	22497648
9847	12	22591511	22707452
55500	12	22768076	22853608
6660	12	23672438	24725383
586	12	24952958	25112393
196415	12	25136358	25160373
645177	12	25147276	25194039
4033	12	25195181	25271269
55259	12	25251223	25358096
144363	12	25338150	25367949
3845	12	25348180	25413870
160492	12	25619016	25811496
11228	12	26101964	26242825
79365	12	26262959	26288003
8082	12	26338032	26397710
3709	12	26478285	26996131
55726	12	27048112	27101254
26127	12	27081305	27129581
51768	12	27114503	27177360
9412	12	27165455	27193606
728858	12	27223990	27245455
23012	12	27387078	27488892
56938	12	27475787	27588746
341346	12	27609743	27665118
8496	12	27667045	27858497
387849	12	27839428	27860566
60488	12	27853706	27919237
100287284	12	27905599	27934209
57542	12	27923187	27965973
5744	12	28101017	28135664
55297	12	28333360	28713099
55711	12	29291936	29498549
51290	12	29483579	29544143
341350	12	29570489	29660619
83857	12	29643746	29947692
10526	12	30771915	30858929
65981	12	30852486	30917448
441631	12	31069536	31159537
1663	12	31216779	31267733
144203	12	31254586	31369088
58516	12	31423356	31489159
160518	12	31525157	31753952
254013	12	31790094	31832016
196394	12	31814071	31892108
440093	12	31934119	31955175
55196	12	32102353	32156041
636	12	32249713	32546567
121512	12	32542518	32808984
10059	12	32822134	32908584
51067	12	32868195	32918895
5318	12	32933680	33059780
341359	12	33518348	33602754
84920	12	34165216	34191237
144245	12	38700557	38733528
144402	12	39036002	39310395
55605	12	39677030	39847192
225	12	39935022	40023843
283461	12	40009972	40125716
114134	12	40138823	40509847
120892	12	40608813	40773087
283463	12	40781677	40974632
1272	12	41076244	41476214
29951	12	41572250	41978392
283464	12	42465647	42548673
10138	12	42540906	42642154
85437	12	42695888	42729932
51535	12	42709947	42852422
144165	12	42842140	42993572
80070	12	43738012	43955724
83448	12	44111828	44162620
51135	12	44142747	44193346
5756	12	44177526	44210178
84216	12	44219853	44793543
4753	12	44892058	45317711
440097	12	45398539	45454882
196527	12	45599770	45844187
196528	12	46113494	46311820
9169	12	46302914	46395898
81539	12	46566838	46673208
54407	12	46741971	46776645
55089	12	47148544	47236205
347902	12	47459490	47483734
91523	12	47463386	47640446
79657	12	48045715	48109844
8909	12	48093517	48129355
10411	12	48118453	48174846
55652	12	48142426	48186536
51564	12	48166505	48223763
7421	12	48225320	48308814
79022	12	48347330	48372661
1280	12	48356748	48408285
29843	12	48426681	48510091
5213	12	48489656	48550187
140461	12	48531572	48561377
387856	12	48567366	48589709
121275	12	48585620	48609103
341567	12	48712763	48734062
121274	12	48719065	48755029
23519	12	48856448	48876843
121273	12	48866283	48900297
341568	12	48909415	48931886
3906	12	48951467	48973829
54934	12	49036994	49086035
904	12	49072241	49120781
112	12	49149975	49192820
784	12	49198215	49232726
9416	12	49213539	49255957
27289	12	49240916	49269653
85478	12	49287893	49335696
51303	12	49305742	49329330
377	12	49319987	49361309
7480	12	49349123	49375641
7471	12	49362236	49386396
23109	12	49378933	49403088
5571	12	49386055	49423012
8085	12	49402758	49463935
121268	12	49448467	49473808
50846	12	49473204	49498602
55716	12	49480334	49514683
10376	12	49511565	49535304
7846	12	49568578	49593107
84790	12	49611715	49677117
5630	12	49678796	49702481
10024	12	49706971	49735514
338761	12	49716200	49740971
79962	12	49730721	49757467
65244	12	49750688	49931208
23416	12	49922834	49962091
10445	12	49942077	49971928
84070	12	49966658	50009433
25766	12	50007197	50048452
91010	12	50021724	50111197
7009	12	50125293	50168717
57701	12	50174929	50232208
144233	12	50219826	50246912
23017	12	50250679	50307760
359	12	50334524	50362664
362	12	50345279	50369465
363	12	50350874	50380922
29127	12	50372945	50435586
41	12	50441420	50487405
6602	12	50468760	50504494
2819	12	50487602	50515103
84987	12	50493418	50524240
91012	12	50513581	50571154
51474	12	50559563	50687353
121006	12	50711095	50800405
113251	12	50784592	50883788
57609	12	50888768	51152450
466	12	51147789	51224943
283471	12	51226701	51291667
25840	12	51307780	51336300
613227	12	51336200	51374668
4891	12	51363566	51432118
25875	12	51432082	51464207
81566	12	51444988	51487454
7024	12	51477539	51576926
5463	12	51570719	51621477
9802	12	51622508	51650501
57228	12	51629133	51674202
51411	12	51664822	51728446
1990	12	51712227	51750463
11226	12	51735654	51795739
9498	12	51775101	51919547
6334	12	51974050	52216648
401720	12	52201676	52252364
341405	12	52271745	52295505
94	12	52290657	52327145
91	12	52335451	52400863
160622	12	52390729	52419673
3164	12	52406616	52463291
60673	12	52453758	52481279
144501	12	52552780	52595798
283403	12	52589365	52614639
3855	12	52616954	52652709
3892	12	52632892	52712947
3887	12	52669697	52695299
3889	12	52698085	52725182
3891	12	52743790	52771309
3890	12	52761596	52789417
3888	12	52777735	52810176
9119	12	52807854	52838110
3854	12	52830435	52855910
286887	12	52852300	52877569
3853	12	52870958	52897181
3852	12	52898359	52924328
112802	12	52927693	52956931
121391	12	52949603	52977609
140807	12	52969373	53005322
319101	12	52991354	53022343
3849	12	53028342	53055959
3848	12	53058520	53084191
374454	12	53073396	53107247
51350	12	53151939	53181129
3850	12	53173469	53199892
3851	12	53190327	53217900
338785	12	53205231	53238077
196374	12	53221588	53252778
3856	12	53280971	53353650
3875	12	53332655	53356690
1975	12	53389942	53445993
23371	12	53430810	53468163
84926	12	53448100	53483204
3489	12	53481436	53506128
8435	12	53487274	53528323
51380	12	53541447	53585422
283337	12	53564535	53594654
3695	12	53575102	53611065
5916	12	53594350	53636040
84975	12	53635035	53658190
9700	12	53652083	53697427
5204	12	53679235	53703234
60314	12	53683132	53710965
8086	12	53691240	53725412
121340	12	53710359	53740167
6667	12	53763979	53820230
269	12	53807594	53835439
54458	12	53825433	53850427
5094	12	53835886	53884946
7786	12	53863456	53903444
6895	12	53883557	53910215
8620	12	53890472	53911422
11016	12	53891640	54030200
517	12	54048944	54080512
57658	12	54094902	54131307
3229	12	54322576	54350328
3228	12	54338714	54360350
3227	12	54356910	54380203
3226	12	54364466	54394063
3221	12	54378716	54459814
3225	12	54383877	54407121
3224	12	54392890	54416547
3223	12	54400642	54434607
3222	12	54400642	54439145
23583	12	54564142	54592778
23468	12	54614730	54683915
3178	12	54664480	54690871
4778	12	54675891	54728869
22818	12	54708874	54755635
53831	12	54746229	54768270
25946	12	54752913	54795083
3678	12	54779045	54823050
121355	12	54839736	54877386
3071	12	54881495	54946899
5153	12	54933177	54983023
5502	12	54959176	54992451
90070	12	55014623	55038663
117159	12	55028375	55052277
118430	12	55238299	55262177
9840	12	55332087	55388965
58158	12	55403729	55433801
441639	12	55513553	55534560
121364	12	55604809	55625759
254783	12	55631072	55652010
283365	12	55678072	55699016
390321	12	55704384	55725322
254786	12	55715485	55736420
390323	12	55748895	55769833
403282	12	55784313	55805251
390326	12	55810038	55830976
341416	12	55835998	55856936
390327	12	55852984	55873922
403284	12	55876162	55897100
341418	12	55935011	55955940
121129	12	55958199	55979128
121130	12	56020676	56041617
196410	12	56065330	56088395
3679	12	56068352	56119821
2647	12	56099818	56123491
5959	12	56104151	56128526
967	12	56109227	56133457
10220	12	56127064	56156665
84324	12	56136247	56221540
29095	12	56201806	56224959
85406	12	56204744	56234337
4327	12	56219214	56246767
84305	12	56285197	56331697
1606	12	56314946	56357811
6490	12	56337889	56370523
1017	12	56350556	56376573
5869	12	56357697	56400467
6821	12	56381043	56409309
64375	12	56391268	56442219
6231	12	56425686	56448007
2065	12	56463809	56507291
5036	12	56488103	56517694
6171	12	56500374	56521616
84872	12	56502030	56527143
23344	12	56511985	56557259
140465	12	56536040	56561771
4637	12	56542045	56565366
6601	12	56545636	56593351
10193	12	56586288	56625753
79035	12	56605813	56633638
283375	12	56613820	56641630
283373	12	56621591	56662143
93058	12	56650642	56674750
1431	12	56655483	56704175
10330	12	56694212	56720128
9924	12	56700007	56737837
51561	12	56722663	56744194
6773	12	56725381	56764058
319	12	56744355	56766583
8914	12	56800157	56853200
4284	12	56833286	56858435
283377	12	56852301	56874769
27165	12	56854728	56892198
5939	12	56905607	57004859
11176	12	56979380	57040600
506	12	57021959	57049852
10728	12	57047125	57092138
4666	12	57096211	57129326
5557	12	57115364	57156146
8630	12	57136237	57191574
121214	12	57306938	57338189
8608	12	57335215	57363158
11318	12	57378355	57400469
9880	12	57382617	57410297
6866	12	57393781	57420344
4640	12	57412301	57454549
23306	12	57439426	57482574
4665	12	57472677	57499259
6778	12	57479187	57515196
4035	12	57512282	57617142
11247	12	57600578	57630232
6472	12	57613356	57638718
56901	12	57618686	57644545
246329	12	57627241	57654971
22864	12	57637547	57834782
3626	12	57818543	57854609
83729	12	57839096	57861791
2735	12	57843918	57876051
64333	12	57856038	57892756
4141	12	57871736	57920438
1649	12	57900371	57924300
114785	12	57905463	57933931
10540	12	57913833	57951114
3798	12	57933812	57990416
79837	12	57974942	58007211
196403	12	57988110	58013585
115557	12	57993963	58021028
65012	12	58003693	58029934
2583	12	58009678	58037022
10956	12	58077738	58125340
116986	12	58107544	58145984
6302	12	58128784	58152026
1019	12	58131510	58156304
92979	12	58138881	58164193
1594	12	58146117	58170976
4234	12	58152254	58175914
25895	12	58156383	58186324
10102	12	58166528	58206639
10677	12	58180415	58220193
10106	12	58203710	58250747
91419	12	58325324	58361052
121227	12	59255937	59324319
9194	12	59979821	60193636
338811	12	62092029	62596620
9958	12	62644121	62813501
23041	12	62850597	63001363
57460	12	63027762	63338665
552	12	63526539	63557971
283417	12	63942693	64072354
10329	12	64163583	64213338
57522	12	64228276	64551643
144577	12	64570098	64626076
115749	12	64650763	64794345
11260	12	64788153	64852464
29110	12	64835840	64905899
283349	12	64994293	65101347
2799	12	65097222	65163226
23329	12	65208352	65284802
11197	12	65434404	65525346
23592	12	65553351	65652141
253827	12	65662423	65870687
8091	12	66208240	66370071
100129940	12	66243782	66285821
84298	12	66506849	66534533
51643	12	66520717	66573808
11213	12	66572978	66658402
92797	12	66686335	66747423
23426	12	66731178	67473014
55832	12	67653061	67718388
8445	12	68032512	68066444
3458	12	68538550	68563521
55801	12	68585129	68629571
50616	12	68632025	68657379
56890	12	68678346	68736161
5908	12	68994619	69064385
57122	12	69070731	69146473
55508	12	69129910	69169853
4193	12	69191952	69249324
1368	12	69234955	69367020
11052	12	69623317	69678138
4069	12	69732134	69758013
8089	12	69743490	69794576
10818	12	69854129	69983573
10576	12	69969206	70020595
376132	12	69992344	70014942
144453	12	70027334	70103196
117177	12	70122466	70226984
196446	12	70264016	70362502
4848	12	70626774	70758773
27345	12	70750062	70838072
5787	12	70900630	71041220
5801	12	71021853	71324584
7103	12	71508877	71561779
8549	12	71822931	71990090
196441	12	71993379	72067749
83591	12	72047677	72084428
55266	12	72069878	72107840
23011	12	72138658	72191150
64786	12	72223487	72330629
121278	12	72322626	72436221
29953	12	72656314	73069422
552889	12	74921551	74945232
3747	12	75423858	75613584
84698	12	75659759	75794681
256710	12	75717550	75774170
144321	12	75774850	75836468
11010	12	75864513	75905716
11103	12	75881419	75915418
22822	12	76409227	76435556
4673	12	76428672	76488738
79738	12	76728266	76752222
114882	12	76735577	76963589
23390	12	77147854	77257481
1466	12	77242495	77282814
144455	12	77405026	77469360
89795	12	78214685	78616790
6857	12	79247773	79855788
5074	12	79975745	80094877
4659	12	80157343	80339235
283310	12	80573151	80782870
374462	12	80828126	81083968
4618	12	81091408	81113257
4617	12	81100708	81123447
8825	12	81181171	81341702
79611	12	81461797	81660538
8499	12	81642045	82163109
29080	12	82736083	82762584
84190	12	82742276	82883018
160335	12	83070731	83538647
55117	12	85243267	85316608
144448	12	85398090	85440055
84125	12	85420099	85668235
8092	12	85663713	85705562
9182	12	86188331	86240318
4922	12	86258073	86286770
25834	12	86363037	87242681
160419	12	88363816	88433176
91298	12	88419268	88453937
80184	12	88432790	88545993
160418	12	88526073	88603664
4254	12	88876570	88984250
1848	12	89731837	89756296
282809	12	89803495	89930039
8693	12	89903189	89928583
100528030	12	89903189	89930039
490	12	89971826	90113130
196477	12	91335992	91358953
1833	12	91347456	91408803
11081	12	91434268	91462131
4060	12	91487232	91515542
1634	12	91529035	91586806
256021	12	92368752	92546447
694	12	92524054	92549673
574016	12	92803870	92831924
574028	12	92805307	92834778
338809	12	93086619	93112325
440107	12	93105122	93176231
8411	12	93156285	93333107
11163	12	93761701	93807024
7334	12	93792088	93846026
28977	12	93851266	93907548
8835	12	93953598	93980521
8738	12	94061121	94299530
10154	12	94532499	94711451
51134	12	94692056	94863764
57458	12	94950900	95054324
55967	12	95355104	95407489
7181	12	95404005	95477404
55785	12	95460525	95621240
55591	12	95601522	95706566
10988	12	95857822	95919615
84101	12	95900336	95955278
59277	12	96041583	96194565
6636	12	96242709	96270238
120935	12	96250826	96346428
144193	12	96327071	96372370
3034	12	96356440	96400143
4048	12	96384531	96447298
2004	12	96578207	96671606
5128	12	96662039	96804366
144535	12	96956648	97279333
121441	12	97291001	97357474
7112	12	98899351	98954157
5250	12	98977403	99005778
121457	12	98997182	99048829
317	12	99029078	99139211
56899	12	99118569	100388512
196472	12	100031528	100053892
23074	12	100412233	100546642
64431	12	100583865	100628202
120863	12	100587447	100670857
55681	12	100650918	100745502
246213	12	100740857	100825837
9971	12	100857486	100967645
283431	12	100957446	101030657
121601	12	101123841	101532419
160728	12	101539994	101614016
27340	12	101663905	101790397
400	12	101776894	101812192
121599	12	101859133	101890954
4604	12	101978709	102089658
56994	12	102081417	102132852
50511	12	102112426	102143474
79158	12	102129275	102234645
55332	12	102261105	102327401
51019	12	102396717	102465902
79023	12	102457967	102524025
55010	12	102503956	102601298
5367	12	102580237	102601614
3479	12	102779645	102885563
5053	12	103222104	103321381
429	12	103341452	103364294
374470	12	103621369	103899788
55576	12	103971069	104170502
51559	12	104156081	104244975
7184	12	104314112	104351708
728568	12	104333980	104360993
6996	12	104349593	104392656
83468	12	104372762	104467961
29915	12	104448236	104510302
4801	12	104500858	104542040
7296	12	104599537	104754085
493861	12	104687510	104708983
50515	12	104840692	105165792
84102	12	105186331	105362476
121053	12	105370098	105398505
160428	12	105403562	105488341
23325	12	105491492	105572912
55198	12	105557075	105640008
387882	12	105714414	105775296
9891	12	106447125	106543811
10970	12	106621659	106651713
255394	12	106686570	106751365
55703	12	106741436	106913976
5992	12	106966685	107166582
55188	12	107158077	107293094
90488	12	107337298	107377813
80298	12	107361069	107390944
1407	12	107375142	107497635
121551	12	107702197	108063419
11137	12	108069590	108116257
11108	12	108116643	108165049
121549	12	108158162	108180421
9671	12	108513511	108654314
1240	12	108671821	108743094
11153	12	108899051	108923380
9733	12	108905991	108965165
23479	12	108945239	108973160
338773	12	108973622	109001894
6404	12	109005671	109037735
23603	12	109028885	109135326
54434	12	109166466	109261359
1610	12	109263806	109304710
55530	12	109294658	109382453
84749	12	109480380	109535831
121642	12	109515993	109541436
7374	12	109525399	109558798
32	12	109544222	109716031
121643	12	109705783	109757025
283446	12	109816439	109896176
83892	12	109876460	109925165
89910	12	109905215	109984510
326625	12	109981520	110021358
4598	12	110001500	110045071
84915	12	110142187	110218312
59341	12	110210892	110281212
51228	12	110278748	110328293
84260	12	110328079	110365874
9815	12	110357607	110444194
88455	12	110426974	110487237
400073	12	110455401	110515500
28981	12	110552140	110666600
488	12	110709032	110798898
51434	12	110800705	110851535
10094	12	110862695	110898222
51184	12	110880291	110916667
29902	12	110896232	110938192
51699	12	110919330	110949916
144715	12	110930005	110983952
160760	12	110962237	111031064
79600	12	111041832	111096935
84329	12	111076491	111140276
5501	12	111147613	111190783
160762	12	111274757	111355339
4633	12	111338623	111368404
23316	12	111461828	111798358
144717	12	111788455	111816925
10019	12	111833720	111899427
6311	12	111880018	112047480
8315	12	112069950	112133790
80724	12	112113857	112204911
217	12	112194691	112257789
8550	12	112270032	112341228
89894	12	112359086	112461023
10961	12	112441152	112471024
80018	12	112454493	112556826
10906	12	112553349	112601408
283450	12	112587992	112830113
6128	12	112832994	112866647
5781	12	112846536	112957717
22895	12	113219343	113346686
4938	12	113334739	113367712
4940	12	113366249	113421056
4939	12	113406274	113459528
1840	12	113484514	113545833
8437	12	113526624	113584044
387885	12	113577543	113607081
79039	12	113584978	113633284
84934	12	113613342	113640169
115811	12	113623246	113669086
53373	12	113649260	113746390
80024	12	113726571	113782934
196463	12	113786371	113837458
10993	12	113820250	113851692
113675	12	113850042	113886081
64211	12	113890694	113919877
9904	12	114244543	114414176
6910	12	114781735	114856247
6926	12	115098059	115131969
23389	12	116386381	116724991
643246	12	116987186	117024425
79794	12	117141289	117185868
84900	12	117166096	117301436
8739	12	117288225	117329232
26259	12	117338756	117478953
54997	12	117466728	117547251
23014	12	117571278	117638305
4842	12	117635921	117809607
283455	12	117880817	118416399
5985	12	118444506	118480044
55884	12	118460492	118509979
54621	12	118491398	118551810
5037	12	118563668	118593390
51347	12	118577606	118820750
64426	12	118804358	118865840
84530	12	119409300	119610856
26353	12	119606595	119642551
160777	12	119762517	119988852
387890	12	120021264	120089861
5564	12	120095669	120129429
11113	12	120113595	120325095
92558	12	120417648	120542299
11021	12	120522899	120564643
10985	12	120555014	120642513
6175	12	120624502	120649014
5829	12	120638242	120713574
23409	12	120720002	120761045
5319	12	120749914	120775592
4440	12	120769133	120816983
1337	12	120865893	120888545
51499	12	120871764	120894215
283459	12	120874241	120911556
8683	12	120889471	120917558
8655	12	120897660	120946298
84274	12	120931082	120976964
9921	12	120962132	121025397
51367	12	121006848	121029201
9478	12	121068422	121115129
9761	12	121114949	121149667
84747	12	121138238	121171443
35	12	121153544	121187811
121665	12	121190313	121352155
6927	12	121405861	121450315
64897	12	121430835	121464300
8638	12	121448095	121487045
5027	12	121560622	121634439
5025	12	121637664	121681909
10645	12	121665495	121746111
51433	12	121736048	121802012
80196	12	121827886	121872155
84678	12	121856899	122029110
84876	12	122054455	122089946
283385	12	122079024	122120531
144404	12	122140658	122229974
54509	12	122205660	122241594
23067	12	122231879	122280562
3242	12	122267433	122336517
5715	12	122316637	122365771
144406	12	122346463	122451839
605	12	122449861	122509950
254050	12	122642266	122698018
386653	12	122646577	122668746
79369	12	122678228	122702677
56616	12	122682209	122722081
65082	12	122704111	122761068
6249	12	122745981	122917179
55596	12	122946146	122995543
65117	12	122979190	123021560
9735	12	123001796	123120947
338442	12	123175840	123204392
8843	12	123189303	123211439
27198	12	123202153	123225129
8562	12	123227371	123265953
84660	12	123249056	123321927
9026	12	123309045	123357508
79720	12	123339875	123390712
23457	12	123395498	123461056
79676	12	123449354	123474588
51329	12	123454607	123477460
57605	12	123458027	123645376
10198	12	123630943	123727785
91574	12	123707844	123752651
8099	12	123735517	123766863
55206	12	123763656	123859756
100293704	12	123838046	123860336
387893	12	123858704	123903900
196383	12	123889936	123931264
11066	12	123932191	123960941
353116	12	123945909	124028265
10959	12	124059076	124092688
57696	12	124076650	124115482
1967	12	124095570	124128323
2967	12	124108286	124157151
79867	12	124145660	124202950
23545	12	124186865	124256302
196385	12	124236786	124430267
80212	12	124410955	124467373
144348	12	124447699	124509986
100533183	12	124447762	124810570
144347	12	124763710	124810570
9612	12	124798957	125062079
949	12	125252174	125358519
7316	12	125386192	125409587
57647	12	125421370	125483667
140707	12	125468194	125520349
65985	12	125539925	125637879
114795	12	125801162	126156915
92293	12	128741948	129202460
121260	12	129267739	129318541
144423	12	129327985	129479513
121256	12	129546271	130398212
11211	12	130637004	130660285
9271	12	130812433	130866877
23504	12	130870681	131210828
2054	12	131264145	131333819
5901	12	131346617	131372220
283383	12	131428452	131636010
100996701	12	132138222	132158963
6433	12	132185632	132294283
4326	12	132302941	132346316
8408	12	132369279	132417707
80324	12	132403745	132438406
57634	12	132424465	132575011
317781	12	132611139	132638880
79050	12	132618993	132646986
100129528	12	133039334	133060840
57666	12	133057041	133171774
100996573	12	133118616	133141872
100507055	12	133169672	133197229
22953	12	133185393	133208972
5426	12	133190344	133274050
5827	12	133254192	133291577
192111	12	133277393	133309323
23141	12	133292254	133348451
2802	12	133335495	133415659
55743	12	133406937	133491459
100289635	12	133488019	133542908
7637	12	133603878	133649885
7699	12	133647005	133695566
101060200	12	133686111	133717059
7556	12	133697214	133746051
10795	12	133747995	133793698
647589	12	133784898	133822422
7278	13	19737910	19765992
93492	13	19987017	20145714
54737	13	20197787	20257599
55269	13	20238892	20367159
9205	13	20387621	20447776
7750	13	20521708	20675968
2700	13	20702394	20745524
2706	13	20751602	20778605
10804	13	20786101	20816534
51084	13	20967806	21110012
8100	13	21130585	21275576
53342	13	21266222	21307239
221143	13	21292036	21358095
64328	13	21341468	21486913
26524	13	21537175	21645722
10284	13	21704653	21733224
221150	13	21717734	21760741
78988	13	21740372	21763223
101928764	13	21850557	21881219
253832	13	21936710	22043508
221154	13	22056828	22188355
2254	13	22235215	22288640
6445	13	23745060	23909304
26278	13	23892962	24017867
55504	13	24134509	24260244
4285	13	24294328	24473587
542767	13	24453028	24476242
387911	13	24455238	24481145
221178	13	24543765	24891212
338872	13	24873686	24906669
143	13	24985069	25096948
101927375	13	25105702	25143519
479	13	25244549	25295923
56163	13	25328301	25464059
55835	13	25446412	25507027
5042	13	25660276	25682705
219287	13	25725817	25756426
9107	13	25810339	25871704
9818	13	25865222	25926561
51761	13	25936209	26609989
387914	13	26608735	26635198
6049	13	26776894	26806686
1024	13	26818262	26989375
10810	13	27121840	27273082
2835	13	27319337	27344922
219333	13	27630287	27756033
6144	13	27815692	27840705
387496	13	27834464	27857828
2971	13	27988681	28019846
219402	13	27999776	28034739
222484	13	28110048	28204720
51082	13	28184880	28251559
219409	13	28356780	28378089
3651	13	28484168	28510451
1045	13	28526205	28553505
646625	13	28542243	28572774
2322	13	28567411	28692904
255967	13	28700997	28879475
2321	13	28864483	29079265
51371	13	29223141	29263094
283537	13	29264217	29303150
23281	13	29384485	30090084
6541	13	30073551	30179825
5412	13	30328545	30434820
84056	13	30766767	30891624
3146	13	31022877	31201942
10208	13	31181830	31243687
241	13	31277615	31348565
84935	13	31470312	31509709
122046	13	31496834	31559639
10808	13	31700762	31747246
145173	13	31764112	31916413
122042	13	32303679	32387009
10129	13	32595269	32880794
646799	13	32867908	32896091
675	13	32879617	32983809
90634	13	32964860	33012490
10443	13	32996625	33126839
23047	13	33150564	33362158
101927403	13	33577204	33600580
9365	13	33580571	33650282
90627	13	33667272	34260932
5983	13	34382206	34550695
26960	13	35506424	36256874
4081	13	36037926	36062786
9201	13	36332789	36715514
54937	13	36732345	36798752
100526761	13	36732345	36881992
728591	13	36791179	36881992
23111	13	36865775	36954317
8900	13	36995257	37027019
400120	13	37238049	37281976
5994	13	37383339	37413740
4093	13	37408968	37504409
29880	13	37513907	37583504
11340	13	37564678	37593751
55578	13	37573449	37643850
122011	13	37667397	37689801
10631	13	38126719	38182981
7223	13	38200773	38453939
51569	13	38913942	38947143
341640	13	39251173	39471268
161003	13	39530062	39574996
80209	13	39574002	39622213
387921	13	39602448	39634246
10186	13	39907029	40187356
57511	13	40219764	40375802
2308	13	41119801	41250734
10240	13	41293432	41355347
10166	13	41353547	41396601
1997	13	41496055	41645544
11193	13	41624973	41668142
89890	13	41691709	41716936
84078	13	41755711	41778702
9617	13	41780505	41847731
79612	13	41875341	41961166
28984	13	42021542	42055013
23078	13	42130961	42545221
160851	13	42604172	42814352
11215	13	42836261	42907403
8600	13	43126872	43192149
144809	13	43345686	43375685
94240	13	43450524	43576407
29103	13	43587362	43693306
55068	13	43777335	44371116
160857	13	44400488	44463826
144811	13	44443420	44478068
79024	13	44707287	44745393
387923	13	44937978	44981850
8848	13	44996279	45160701
26747	13	45503384	45573613
55425	13	45553673	45617743
2963	13	45684631	45868240
386618	13	45756988	45785175
7178	13	45901005	45925505
253512	13	45950520	46002549
83548	13	46029030	46120833
220081	13	46105432	46199874
220082	13	46266446	46298694
283514	13	46344405	46435846
23091	13	46518600	46636896
1361	13	46617201	46705318
3936	13	46690058	46766459
220416	13	46776083	46860944
80183	13	46906136	46974177
23143	13	47117296	47337176
2098	13	47335391	47381423
3356	13	47395677	47481211
8803	13	48506791	48622125
55270	13	48601703	48631282
29079	13	48639864	48679277
9445	13	48797274	48846232
5925	13	48867883	49066026
10161	13	48975181	49028840
1102	13	49053099	49117341
57105	13	49217847	49293498
22862	13	49540048	49793915
2862	13	49784474	49806513
81602	13	49812047	49877622
81617	13	49872786	50028221
83852	13	50008429	50079139
51131	13	50059746	50113123
55213	13	50096082	50169742
115761	13	50192435	50218008
84650	13	50224812	50275627
3839	13	50263443	50377057
57213	13	50476842	50520626
10206	13	50561143	50602603
283518	13	50579390	50605058
220107	13	51276759	51427885
79621	13	51473814	51554596
220108	13	51786470	51868377
647174	13	51905168	51949555
26512	13	51917678	52037275
115825	13	52148484	52350935
79758	13	52320614	52389667
83446	13	52426117	52450372
540	13	52496805	52596181
440138	13	52576523	52613784
9724	13	52588827	52617736
341676	13	52628898	52713214
4752	13	52696779	52743996
55901	13	52924506	52990629
51028	13	52976737	53034798
26586	13	53019495	53060763
144983	13	53163750	53227931
10910	13	53216830	53272433
11061	13	53267399	53323947
5100	13	53408109	53432775
10562	13	53592876	53636196
122183	13	57705052	57728073
729233	13	57711622	57734643
729240	13	57718195	57741216
729246	13	57724766	57747787
729250	13	57731331	57754352
27253	13	58194238	58313445
81624	13	60229717	60748119
81550	13	60960591	61158013
64881	13	61973818	61999655
101927016	13	64396797	64417126
5101	13	66866966	67814468
57626	13	70264725	70692625
1602	13	72002098	72451330
440145	13	73272495	73311938
79866	13	73291981	73340328
22894	13	73319540	73366344
10464	13	73346202	73600592
688	13	73619114	73661676
11278	13	74250149	74718400
9882	13	75848809	76066782
170622	13	76089350	76121991
7347	13	76113616	76190156
4008	13	76184570	76444006
729420	13	76435174	76467948
115207	13	77444304	77470540
730249	13	77512694	77542777
1203	13	77556059	77586652
26224	13	77569389	77611331
23077	13	77608792	77911177
8796	13	78099809	78229398
100129307	13	78225511	78246536
122060	13	78261989	78348377
1910	13	78459616	78559664
5457	13	79163227	79187695
79596	13	79178421	79243314
64062	13	79875962	79990393
54602	13	80045259	80140212
101927216	13	80606827	80634465
10253	13	80900111	80925086
114798	13	84441340	84466528
84189	13	86356922	86383483
26050	13	88313931	88341871
2262	13	92040935	93529490
10082	13	93869078	95070274
1638	13	95081835	95141936
23483	13	95216308	95258511
160897	13	95244104	95296899
11166	13	95351876	95374389
10257	13	95662083	95963705
9071	13	96075853	96242010
22873	13	96220456	96306960
5611	13	96319393	96457243
55757	13	96443834	96715736
266722	13	96733093	97501816
27199	13	97627973	97656984
10150	13	97864549	98056374
5911	13	98076475	98130252
3843	13	98595914	98686550
10160	13	98784893	99112023
140432	13	98818039	98839521
8428	13	99092455	99239396
6564	13	99326055	99414929
23348	13	99435741	99748660
337867	13	99842679	100048753
2841	13	99896967	99920682
1880	13	99936789	99969749
9375	13	100143628	100226302
171425	13	100248919	100559388
85416	13	100605275	100634178
7546	13	100624026	100649019
5095	13	100731269	101192691
87769	13	101172418	101251046
84899	13	101246090	101337103
259232	13	101696130	102078813
9358	13	102094944	102383207
2259	13	102363205	103064124
7174	13	103239286	103341524
196541	13	103328097	103356871
643677	13	103371717	103421422
93081	13	103408460	103436168
79070	13	103426631	103461404
54841	13	103441399	103503888
100533467	13	103449496	103538351
2073	13	103488191	103538351
6555	13	103686348	103729196
267012	13	106108216	106153383
1948	13	107132079	107197388
55082	13	107185662	107230514
728215	13	107810879	108529460
3981	13	108849790	108880716
84945	13	108860763	108896603
10673	13	108911875	108970832
23026	13	109238500	109870355
8660	13	110396184	110448914
1282	13	110791310	110969496
1284	13	110949631	111175374
55647	13	111165413	111224071
55739	13	111257807	111302343
79587	13	111283757	111368480
3621	13	111354970	111383421
55608	13	111520887	111577454
8874	13	111757624	111968081
121793	13	111963015	112006594
6656	13	112711913	112736020
122258	13	113020649	113099009
10426	13	113129319	113252494
400165	13	113291358	113348811
23250	13	113334358	113551482
23263	13	113538692	113764053
2155	13	113750102	113784995
2159	13	113767113	113813843
8858	13	113802968	113836698
55795	13	113821853	113873335
8451	13	113852507	113929392
3916	13	113941436	113987746
79774	13	113968505	114028463
101928841	13	114044786	114078708
113622	13	114066260	114117839
55208	13	114100134	114155024
55002	13	114135308	114214544
7027	13	114229003	114305788
496	13	114293119	114322513
348013	13	114452191	114525225
2621	13	114513522	114577046
643365	13	114576610	114636485
22821	13	114737194	114908095
101929355	13	114951877	114998549
8881	13	114990320	115048150
65110	13	115037059	115081292
283489	13	115069965	115102803
440153	14	19367594	19388574
404785	14	19543365	19594942
641455	14	19973954	20030272
79334	14	20171063	20192491
441669	14	20205587	20226528
441670	14	20238482	20259423
390429	14	20285608	20306531
390431	14	20334427	20355371
79317	14	20378766	20399737
79544	14	20393767	20414842
81127	14	20433678	20454724
122740	14	20472420	20493352
390433	14	20492003	20512917
122742	14	20518204	20539142
390436	14	20575566	20596597
390437	14	20601895	20622821
390439	14	20655495	20676532
122748	14	20681869	20702861
390442	14	20700951	20721925
91875	14	20747290	20784153
57820	14	20769527	20811471
10038	14	20801773	20836063
7011	14	20823826	20892331
123103	14	20885866	20914354
55644	14	20905207	20933267
328	14	20913290	20935931
90809	14	20916012	20939637
4860	14	20927538	20956165
338879	14	20963696	20989314
390443	14	21014252	21039125
122651	14	21041051	21088037
493901	14	21048239	21069532
341799	14	21098855	21119850
6038	14	21142259	21178761
283	14	21142336	21172345
10876	14	21204099	21226539
64184	14	21226586	21249107
6039	14	21239210	21260626
6035	14	21259515	21281036
6037	14	21349562	21370507
6036	14	21413630	21434594
64745	14	21447432	21475194
29986	14	21457414	21480034
57447	14	21474922	21549098
122664	14	21488345	21510334
440163	14	21490979	21512944
84659	14	21500385	21522393
122665	14	21516052	21536516
55701	14	21528419	21568407
51222	14	21548205	21582863
643382	14	21557096	21581883
390445	14	21613096	21634184
3183	14	21667295	21747638
57096	14	21746136	21829460
11198	14	21809631	21862425
57680	14	21843353	21934276
84932	14	21917179	21955132
9878	14	21935335	21977319
56339	14	21956282	21989517
6297	14	21979231	22015337
26533	14	22027934	22048875
6955	14	22080057	23031075
26534	14	22092066	22112998
26686	14	22123297	22144238
6964	14	22881537	22945569
1603	14	23023807	23068143
63874	14	23057147	23091265
5018	14	23225731	23250998
9056	14	23232431	23299020
122704	14	23289088	23314246
4323	14	23295742	23326809
26020	14	23330822	23360789
161253	14	23342374	23366889
55147	14	23359854	23398396
10419	14	23379733	23408789
54930	14	23405437	23436352
84962	14	23430386	23461851
60686	14	23446110	23489375
5693	14	23475752	23514429
122706	14	23501376	23523269
64403	14	23506270	23536747
22985	14	23517773	23574823
55017	14	23554683	23579665
1053	14	23576515	23598820
23428	14	23584504	23662869
100507650	14	23697127	23753494
57594	14	23732844	23772862
90673	14	23754861	23782071
599	14	23765971	23800241
100529063	14	23765971	23805394
8106	14	23779397	23805394
51310	14	23805520	23832380
10278	14	23815609	23844842
64806	14	23832018	23855612
116173	14	23836017	23858981
4624	14	23839942	23888836
4625	14	23871947	23914870
25983	14	23928898	23957402
79178	14	23970969	24038790
85446	14	23980064	24035199
8906	14	24018777	24048754
84502	14	24027244	24058009
10202	14	24089324	24124848
10901	14	24412944	24448488
317749	14	24429083	24485617
728635	14	24466218	24530586
90668	14	24511206	24548937
9362	14	24530046	24557309
4901	14	24537902	24594223
5106	14	24553347	24583339
80344	14	24573906	24604451
161247	14	24590675	24612058
5720	14	24595295	24618176
51016	14	24598081	24620837
5721	14	24602574	24625855
55072	14	24606101	24639870
10379	14	24620422	24645774
9985	14	24631062	24659735
79711	14	24639425	24668124
10548	14	24648353	24676288
283629	14	24664753	24687568
29082	14	24668787	24693036
145553	14	24673143	24695276
100528064	14	24673143	24711576
4738	14	24676057	24711576
51292	14	24691633	24718448
26277	14	24693454	24722233
7051	14	24708159	24743115
5875	14	24724744	24750833
115817	14	24749804	24779039
161424	14	24759075	24787379
27141	14	24764393	24790576
56413	14	24769357	24791259
1241	14	24770705	24797242
196883	14	24777555	24814277
11035	14	24795227	24819242
4776	14	24824885	24858810
57523	14	24857992	24898494
643866	14	24885738	24908731
23351	14	24888882	24920548
56948	14	24898972	24922042
1215	14	24964712	24987471
1511	14	25032724	25055466
2999	14	25065686	25088926
3002	14	25090160	25113490
29091	14	25268860	25529095
4857	14	26905089	27077239
2290	14	29226278	29249483
5587	14	30035685	30406899
55632	14	31018329	31099046
23256	14	31081460	31215034
1690	14	31333741	31374285
29966	14	31352985	31505607
11154	14	31484312	31575656
25831	14	31559323	31687266
25938	14	31750994	31899788
112487	14	31905242	31936680
2856	14	31942150	31967151
80224	14	32020591	32340430
394	14	32535664	32638934
9472	14	32788479	33312268
64067	14	33394115	34283382
112399	14	34383421	34430284
171546	14	34892144	34941468
55837	14	34975135	35018943
58533	14	35020615	35109366
1073	14	35169588	35194029
11177	14	35211937	35354853
6729	14	35441901	35508773
283635	14	35504113	35562589
55012	14	35544678	35601868
9692	14	35581527	35753284
5687	14	35737811	35796680
4792	14	35860716	35883960
84684	14	35993248	36016260
253959	14	35997558	36288432
84312	14	36285524	36351169
51562	14	36757764	36799882
253970	14	36932493	36992990
7080	14	36975602	37000894
26257	14	37039216	37061786
5083	14	37116773	37157012
89874	14	37137126	37651865
145282	14	37657118	38030464
3169	14	38048757	38074325
319089	14	38054941	38228563
6751	14	38667204	38692268
161198	14	38713205	38735575
10484	14	39491123	39582447
8487	14	39573488	39616177
122553	14	39607015	39649634
5411	14	39634387	39662422
117153	14	39693125	39732575
4253	14	39724476	39830397
254170	14	39855577	39911704
145581	14	42066764	42383752
84075	14	44963352	44986499
122525	14	45356433	45386460
54813	14	45383527	45441179
23116	14	45421416	45553634
55015	14	45543302	45594804
2287	14	45574802	45613732
57697	14	45595136	45680093
55320	14	45662393	45732714
140801	14	47110213	47131041
161357	14	47298826	48154157
6235	14	50033390	50063134
122769	14	50055383	50091390
6166	14	50075406	50097403
4247	14	50077460	50100199
55172	14	50081892	50111948
5427	14	50100270	50165098
122773	14	50149823	50229870
23588	14	50224787	50259856
9147	14	50240528	50329763
382	14	50349736	50373772
79609	14	50562967	50593626
6655	14	50573846	50708596
79944	14	50694285	50788947
27109	14	50768256	50812359
8814	14	50786122	50893179
11183	14	50875211	51009376
51062	14	50989800	51109786
60485	14	51090298	51145071
51199	14	51176481	51307839
145447	14	51328878	51381688
5836	14	51361935	51421248
114088	14	51431979	51572422
81542	14	51696886	51734373
122786	14	51945819	52207445
54331	14	52317022	52446518
51637	14	52446228	52481420
22795	14	52461520	52545949
5729	14	52724310	52753808
5732	14	52771016	52805324
57544	14	52887308	53029301
283554	14	53009866	53114431
30001	14	53098605	53172419
5706	14	53163894	53204716
6815	14	53186883	53251707
64841	14	53231911	53268386
10979	14	53313989	53427856
80821	14	53493458	53630046
652	14	54406454	54433554
1033	14	54853657	54896936
10175	14	54880279	54918322
2764	14	54931202	54965785
10668	14	54966587	55015334
23034	14	55023815	55270033
2643	14	55298723	55379603
11169	14	55395656	55503819
122809	14	55483844	55526207
93487	14	55508362	55546912
3958	14	55585935	55622148
9787	14	55604834	55668396
55030	14	55728021	55830329
22863	14	55823109	55888576
387332	14	55870928	55917263
3895	14	56036925	56161302
57161	14	56575039	56778241
54916	14	57036509	57126233
5015	14	57257425	57287194
10640	14	57659194	57745726
55745	14	57725606	57766797
122830	14	57847271	57889466
55195	14	57926595	57970581
341880	14	58020640	58342592
145407	14	58460808	58628847
55860	14	58656833	58712354
5684	14	58701523	58748727
5926	14	58755103	58850713
387990	14	58852644	58885419
26520	14	58865370	58904232
9786	14	58884103	59025549
51339	14	59090786	59125039
23002	14	59645329	59848123
112849	14	59915698	59961281
64582	14	59920240	59942059
51528	14	59941161	59982081
729665	14	59961785	60053549
6252	14	60052694	60347557
64430	14	60548545	60611532
51635	14	60601496	60643034
5494	14	60702470	60775805
317761	14	60892674	60962764
4990	14	60965938	60988525
6495	14	61101417	61126155
51804	14	61166256	61201039
4331	14	61191459	61445398
57570	14	61428159	61457888
145389	14	61437832	61560451
161291	14	61734088	61758530
5583	14	61778515	62027698
3091	14	62152118	62224977
6617	14	62219075	62273146
83851	14	62321567	62583915
27133	14	63163291	63521956
57381	14	63661080	63770230
122876	14	63769549	63795593
5529	14	63829838	64020095
112840	14	64053757	64118641
81537	14	64140934	64204756
23224	14	64309683	64703167
2100	14	64683751	64815268
4522	14	64844754	64936725
7597	14	64906285	64980656
9495	14	64922217	64951221
22890	14	64961292	65010408
3306	14	64997186	65019955
145376	14	65006620	65066099
26030	14	65161132	65223623
6710	14	65203001	65356604
91612	14	65371079	65420635
100529261	14	65371079	65539373
2877	14	65395870	65419623
376267	14	65402532	65449016
2342	14	65443507	65539370
4149	14	65462819	65579413
2530	14	65867310	66220839
10243	14	66964125	67658525
161142	14	67646110	67705493
64398	14	67698012	67812778
51382	14	67794581	67836720
1965	14	67817034	67863233
26499	14	67843700	67888828
161145	14	67903801	67992445
57475	14	67989916	68066255
5283	14	68038225	68077017
384	14	68076579	68128437
10490	14	68103621	68151700
51109	14	68133517	68172510
145226	14	68158603	68211168
23503	14	68203237	68293306
5890	14	68276496	69159889
100996664	14	69083883	69105504
677	14	69244372	69273184
87	14	69330840	69456083
8816	14	69507637	69629914
55218	14	69648194	69720737
57452	14	69716681	69831190
2079	14	69836840	69875021
55334	14	69855096	69939107
400224	14	69941471	70005215
56936	14	70026531	70051600
9766	14	70068310	70191861
6430	14	70223812	70248722
6554	14	70232552	70274006
64093	14	70336105	70509083
6547	14	70500934	70665787
51241	14	70781798	70836448
100529257	14	70781798	70893807
55333	14	70823213	70893807
8747	14	70908874	70936622
8748	14	70979078	71032756
10001	14	71040306	71077401
23508	14	71098504	71152077
4293	14	71179243	71285912
22990	14	71364122	71592099
26037	14	71778108	72217761
9628	14	72388817	73043238
8110	14	73075561	73370824
26094	14	73383040	73438825
53349	14	73426152	73503920
58517	14	73515221	73598749
5663	14	73593143	73700399
89932	14	73694205	73751348
8650	14	73731858	73935288
399671	14	73935189	74035651
79697	14	73947644	73970105
641371	14	73993862	74020503
10965	14	74024324	74052362
122970	14	74048410	74072470
641372	14	74073548	74096592
83544	14	74101578	74180431
9240	14	74168486	74191128
91748	14	74171825	74266988
145482	14	74308534	74362168
57862	14	74343318	74408991
145483	14	74389695	74427117
51004	14	74406637	74439815
957	14	74416169	74496026
80127	14	74476054	74542795
4329	14	74514365	74561196
91750	14	74541656	74677117
338917	14	74696175	74739441
5826	14	74741980	74779767
55237	14	74805166	74836711
646658	14	74862596	74902805
10577	14	74932900	74970084
122961	14	74950423	74972271
4053	14	74954886	75089034
9870	14	75117955	75189807
51077	14	75169817	75215323
56252	14	75220025	75314013
283571	14	75309736	75340562
1743	14	75338594	75380450
83694	14	75360657	75399985
5228	14	75398533	75432467
8892	14	75459612	75486294
27030	14	75470467	75528235
97	14	75509924	75546181
79696	14	75525935	75554799
91754	14	75538818	75603778
10972	14	75588171	75653349
2353	14	75735477	75758937
122953	14	75884509	75949404
10538	14	75978784	76023335
55640	14	76034940	76124512
11161	14	76107233	76137538
23093	14	76117551	76431425
7043	14	76414440	76459334
112752	14	76442096	76560416
55668	14	76608255	76681239
2103	14	76827690	76978182
22846	14	77218235	77259363
23357	14	77238076	77302606
145497	14	77282725	77346656
64207	14	77480886	77505042
85457	14	77554578	77593630
283576	14	77587613	77618134
57156	14	77638102	77735838
58157	14	77721834	77747655
29954	14	77731299	77797225
2954	14	77777230	77807940
283578	14	77795102	77853396
161394	14	77833762	77867587
122945	14	77849827	77900225
63894	14	77883018	77933983
10598	14	77914373	77945815
145501	14	77930737	77975210
9517	14	77962340	78093110
8846	14	78128749	78184365
81892	14	78164414	78193941
22938	14	78173942	78237542
283579	14	78217173	78246085
57143	14	78256426	78410297
9369	14	78626716	80344633
1734	14	80653868	80707397
145508	14	80952821	81418105
7253	14	81411333	81622646
2957	14	81631796	81697575
85439	14	81716994	81912789
6400	14	81927891	82010205
23768	14	85986411	86105040
100506718	14	86005983	86039396
2581	14	88294164	88470009
8477	14	88461468	88491155
54207	14	88636452	88803256
55812	14	88841982	88914804
11099	14	88922122	89031123
79882	14	89019253	89089853
161436	14	89069241	89269096
123016	14	89280574	89354335
1112	14	89612516	90095506
90141	14	90251499	90431148
55775	14	90411944	90521108
101927029	14	90504478	90538057
56659	14	90518109	90662201
5700	14	90712894	90748969
55051	14	90734398	90808481
801	14	90853327	90884619
145567	14	90996932	91292823
9252	14	91325086	91536993
80017	14	91516677	91701976
8111	14	91688876	91740898
440193	14	91727667	91894188
55671	14	91913955	91986898
79820	14	92036728	92208413
123036	14	92236266	92343880
10516	14	92325755	92424046
9321	14	92424243	92516484
4287	14	92514896	92582965
4707	14	92572467	92598153
53981	14	92578298	92640543
123041	14	92778925	92977825
79890	14	92970125	93165339
5641	14	93160152	93225047
9950	14	93250576	93316308
1113	14	93379445	93411638
3705	14	93393259	93592263
64112	14	93638541	93661249
26175	14	93641296	93663431
84520	14	93659237	93683459
55148	14	93663401	93705561
55727	14	93693896	93809385
57578	14	93789565	94184222
341947	14	93803537	93824700
145270	14	94174644	94264766
90050	14	94375240	94405954
51676	14	94390499	94453085
78990	14	94479511	94525276
57062	14	94507268	94557558
122509	14	94537639	94579060
3429	14	94567079	94593033
83982	14	94584118	94605957
57718	14	94630649	94756092
51156	14	94739648	94769608
866	14	94760585	94799688
390502	14	94820651	94843039
5265	14	94833084	94867029
256394	14	94898801	94929122
327657	14	94919058	94952670
145264	14	94943611	94994181
5267	14	95017779	95046243
5104	14	95037706	95069457
12	14	95068639	95100395
145258	14	95224560	95246499
23405	14	95542565	95633759
79789	14	95638276	95796245
161176	14	95873831	95993000
51218	14	95991323	96021055
9623	14	96142754	96168980
8115	14	96166304	96190533
56967	14	96495661	96570226
624	14	96661016	96720666
623	14	96711641	96745304
55102	14	96737595	96839678
51527	14	96819789	96863627
122481	14	96848448	96965764
10914	14	96958713	97043453
7443	14	97253684	97357951
283598	14	99167950	99194103
64919	14	99625624	99748514
84193	14	99854083	99957228
8812	14	99937695	99987852
317762	14	99967603	100080727
84439	14	100101480	100153011
10858	14	100140755	100203638
2009	14	100194056	100418397
51466	14	100475719	100620573
123099	14	100602753	100636012
7528	14	100695102	100755371
123096	14	100735514	100782884
283600	14	100779679	100806715
7453	14	100790125	100852680
79446	14	100832755	101006640
57596	14	100993484	101046131
8788	14	101183202	101211467
388015	14	101336569	101369826
1735	14	102017688	102039789
5527	14	102216910	102404329
1778	14	102420865	102527135
3320	14	102537075	102616086
91833	14	102596189	102700010
5891	14	102680834	102781537
55778	14	102773714	102819511
51550	14	102804619	102839253
9895	14	102819300	102978818
122416	14	102963179	102986128
23186	14	103048996	103206913
7187	14	103233816	103387837
81693	14	103378993	103407179
9578	14	103388716	103533742
91828	14	103551044	103586896
7127	14	103579762	103613776
1983	14	103790339	103821362
4140	14	103841701	103980168
1152	14	103975995	103999196
115708	14	103985509	104013410
9529	14	104012881	104039151
84334	14	104019299	104067236
3831	14	104085525	104177888
7517	14	104153945	104191823
79038	14	104172081	104210005
23368	14	104190088	104325116
9556	14	104368625	104397903
122402	14	104384776	104529004
647286	14	104396763	104418645
374569	14	104542019	104589100
26153	14	104595060	104657235
400258	14	105036056	105066184
388021	14	105049330	105081097
64423	14	105137902	105195947
122622	14	105180534	105223662
10572	14	105209470	105235996
207	14	105225686	105272080
100128927	14	105256933	105281049
283638	14	105321650	105373107
122618	14	105381153	105409573
113146	14	105393590	105454694
122616	14	105442125	105476056
55038	14	105465910	105497425
29933	14	105505726	105541887
3714	14	105597318	105645161
256281	14	105629274	105657660
2972	14	105665623	105791914
90135	14	105704879	105727430
23241	14	105757170	105874484
647310	14	105854920	105890196
9112	14	105876186	105947066
1397	14	105929275	105956507
1396	14	105942892	105965128
283643	14	105946192	105975585
80757	14	105982953	106006554
3492	14	106022614	107298051
100996379	15	20711153	20735944
727832	15	20727094	20757114
100287399	15	21030701	21081650
100996331	15	22041853	22093137
390538	15	22358478	22379561
283694	15	22372473	22393815
101928039	15	22528579	22552532
283767	15	22726246	22756002
114791	15	22823395	22883891
23191	15	22882667	23013603
81614	15	22994684	23044427
123606	15	23033279	23096843
440243	15	23559672	23589379
283685	15	23674535	23702390
7681	15	23800454	23830764
54551	15	23878696	23902993
4692	15	23920554	23942450
23742	15	24910541	24938593
6638	15	25058794	25233730
8926	15	25190070	25233729
7337	15	25572394	25694190
57194	15	25913859	26120304
2562	15	26778693	27028935
2558	15	27101866	27204357
2567	15	27206429	27788373
4948	15	27990021	28354483
8924	15	28346183	28577313
645202	15	28584547	28613243
100996738	15	28810132	28834893
653720	15	28933917	28974922
321	15	29201570	29420518
23359	15	29402455	29872927
56160	15	29550353	29572020
7082	15	29982338	30271038
653073	15	30365038	30396084
89832	15	30642769	30695864
101059918	15	30682765	30716479
101060569	15	30798065	30820867
100996413	15	30803237	30825776
100996420	15	30852322	30873924
728498	15	30885562	30919952
101927579	15	30890445	30916677
89839	15	30908879	30941013
22909	15	31181703	31245311
54893	15	31210854	31293807
4308	15	31283264	31463476
283710	15	31504970	31533050
51621	15	31609083	31680102
161725	15	31763884	32172875
1139	15	32312686	32472384
653125	15	32671801	32706181
728047	15	32724115	32758486
100653133	15	32771204	32802538
643699	15	32875657	32906342
101928042	15	32882642	32906092
9824	15	32896720	32941868
6447	15	32923757	32999299
26585	15	33000175	33036870
342184	15	33047745	33496934
6263	15	33593177	34168304
57099	15	34148428	34341303
1133	15	34250446	34367295
56851	15	34366223	34404053
161779	15	34384274	34406591
79768	15	34422875	34512297
51234	15	34507214	34532357
9990	15	34512197	34640265
55505	15	34623917	34645362
256646	15	34625458	34659936
254531	15	34641089	34669397
23015	15	34661269	34739667
440270	15	34807296	34885836
57369	15	35034642	35056782
70	15	35070297	35097927
9716	15	35138552	35271995
54989	15	35260542	35290497
89978	15	35647670	35848597
84529	15	36861812	37112449
4212	15	37173222	37403500
145942	15	38216801	38253623
161742	15	38534925	38659450
283742	15	38736328	38787063
10125	15	38770302	38867661
400359	15	38978799	39002239
400360	15	39532885	39557048
7057	15	39863280	39899668
161835	15	39876422	40085039
11245	15	40081223	40223093
440275	15	40216331	40337797
6727	15	40317891	40341389
90427	15	40370091	40411088
701	15	40443210	40523337
56924	15	40499629	40579688
644809	15	40532865	40555110
100131244	15	40563645	40584787
5330	15	40566461	40610174
100505573	15	40605733	40628916
388115	15	40613653	40643168
644844	15	40633234	40658635
85455	15	40640434	40673256
90417	15	40664922	40696489
3712	15	40687686	40738146
22893	15	40723411	40770441
113189	15	40753160	40775357
90416	15	40814083	40867252
27079	15	40851503	40876666
57082	15	40876447	40964881
5888	15	40977327	41034356
55177	15	41018085	41057458
2644	15	41046285	41069911
55192	15	41050067	41109676
643338	15	41052159	41074647
84936	15	41089274	41116767
54866	15	41097643	41131283
6692	15	41126246	41159853
171177	15	41154412	41176487
57617	15	41176628	41206173
54567	15	41211531	41241258
79094	15	41235636	41258717
54617	15	41261078	41418340
161829	15	41464926	41532955
11261	15	41513341	41584085
11339	15	41591466	41634819
51203	15	41614892	41683248
51103	15	41669547	41704658
23168	15	41699302	41785761
3706	15	41776056	41805757
4058	15	41785840	41816085
26015	15	41799374	41846464
7301	15	41841220	41881536
23269	15	41903432	42072141
23005	15	42056632	42130053
100137047	15	42110283	42139785
8681	15	42110283	42150346
100137049	15	42121011	42150346
51332	15	42130344	42196275
30844	15	42181638	42274755
123745	15	42263780	42352901
283748	15	42349881	42396752
255189	15	42423332	42458839
23339	15	42440899	42510524
25963	15	42492726	42575797
2595	15	42556366	42656599
825	15	42636545	42714515
64397	15	42695016	42793390
8773	15	42773442	42835259
255252	15	42824720	42851002
55142	15	42831011	42872192
57519	15	42857857	43023196
146059	15	43005760	43039417
146057	15	43020928	43223037
197131	15	43225095	43408286
80021	15	43415722	43487342
23582	15	43467466	43499375
2038	15	43479425	43523323
9333	15	43514793	43569055
116179	15	43558479	43604453
9836	15	43609974	43632820
161823	15	43612872	43656096
146050	15	43640370	43673226
27229	15	43653257	43708258
7158	15	43685262	43812707
4130	15	43793165	43833818
9677	15	43815660	43892451
1159	15	43875055	43901604
161497	15	43881685	44012286
117155	15	43912772	43951039
548596	15	43975084	44001420
2923	15	44028326	44074804
80237	15	44054798	44079502
10169	15	44059294	44098287
619189	15	44076372	44102295
25764	15	44082619	44104787
4236	15	44086733	44126951
79968	15	44109112	44170617
84978	15	44152962	44497429
113201	15	44570909	44717959
51496	15	44709579	44829455
8669	15	44819266	44865001
80208	15	44844894	44965876
197135	15	44947930	44980894
567	15	44993685	45020357
140691	15	45018314	45070027
145645	15	45238900	45281421
6652	15	45305302	45377287
50506	15	45374851	45416537
405753	15	45396523	45420304
90527	15	45399564	45432075
53905	15	45412192	45467776
90525	15	45449412	45503373
9153	15	45534428	45578132
2628	15	45643322	45680980
79029	15	45684514	45723617
84419	15	45712727	45735647
7782	15	45764676	45825005
26258	15	45869417	45911909
58472	15	45913346	45993492
80031	15	47466403	48076420
283652	15	48403169	48444926
50804	15	48421629	48480714
399697	15	48460546	48505951
6557	15	48488498	48606275
1854	15	48613215	48645570
2200	15	48690503	48947985
22995	15	49020135	49114092
399694	15	49105934	49265641
23741	15	49160290	49182380
9728	15	49270835	49348760
9318	15	49407471	49457854
2585	15	49437974	49669955
196951	15	49608822	49923128
2252	15	49705375	49789523
56986	15	49903226	49947333
79895	15	50140435	50421419
11001	15	50464393	50538589
3067	15	50524144	50568162
2553	15	50559389	50657605
9101	15	50706579	50803280
373509	15	50782759	50848902
54822	15	50839351	50989012
84888	15	50989730	51067910
23431	15	51190780	51308097
388121	15	51338798	51407473
1588	15	51490254	51640795
342035	15	51623713	51710210
23312	15	51729921	51925030
29106	15	51963550	52023223
256586	15	52005261	52053650
29767	15	52033758	52118560
29766	15	52111825	52214335
123169	15	52220222	52273995
5597	15	52286377	52368462
10017	15	52391490	52414972
10681	15	52403123	52493565
55930	15	52474515	52597995
4644	15	52589480	52831247
10776	15	52829384	52871436
56204	15	52863518	52981569
3175	15	53039160	53092209
101928499	15	53082363	53107139
256764	15	53795938	54065075
440279	15	54260557	54930806
51187	15	55463512	55499231
5873	15	55485164	55592034
9488	15	55601133	55657906
9236	15	55637421	55710708
145788	15	55690723	55720910
161582	15	55699953	55810432
26108	15	55826805	55891050
283659	15	55893738	56045847
4734	15	56109120	56295835
64864	15	56369479	56545728
374618	15	56526207	56749032
55329	15	56710929	56767335
54816	15	56912374	57036279
6938	15	57200833	57590716
84952	15	57658703	57852925
100820829	15	57874102	57987562
145781	15	57874102	58019755
81488	15	57988901	58019753
8854	15	58235622	58368121
366	15	58420374	58488110
101928635	15	58495734	58552179
3990	15	58692953	58871073
102	15	58877403	59052177
54629	15	59053393	59159754
79811	15	59161244	59236323
54778	15	59269865	59399618
9133	15	59387284	59427244
4643	15	59418168	59675071
92483	15	59489015	59510787
145773	15	59720372	59825751
9245	15	59893982	59922210
2958	15	59920261	59959737
663	15	59941345	59991728
27023	15	60286421	60308142
302	15	60629350	60700185
79664	15	60701808	60781359
6095	15	60770483	61531502
54832	15	62134588	62362664
145741	15	62349176	62373116
388125	15	62445734	62468359
83660	15	62672769	63146830
7168	15	63324838	63374114
114294	15	63403999	63444260
51065	15	63435539	63459741
51762	15	63471728	63569975
83464	15	63559749	63611325
771	15	63605730	63684326
9960	15	63786710	63896839
283807	15	63879327	63904627
8925	15	63890817	64136148
23604	15	64189235	64373614
84191	15	64354761	64396207
6642	15	64376275	64446433
79856	15	64433899	64459680
5479	15	64438014	64465354
53944	15	64447716	64675968
9768	15	64647193	64689914
9325	15	64670003	64757502
23060	15	64781619	64988267
4947	15	64969773	65005462
348093	15	65022093	65077770
80119	15	65097831	65127867
80301	15	65124082	65170201
348094	15	65194095	65261042
51324	15	65245363	65292251
123263	15	65283850	65331977
123264	15	65327708	65355734
51285	15	65327919	65370707
390594	15	65359154	65382276
390595	15	65375108	65415985
10081	15	65399717	65436174
10845	15	65432784	65487563
8483	15	65478337	65513840
54956	15	65540436	65589212
9543	15	65609465	65680378
57722	15	65663825	65725410
54878	15	65724805	65820040
51495	15	65812804	65880693
81556	15	65861095	65913627
9187	15	65893618	65963334
10260	15	65942954	66094631
8766	15	66151629	66194329
84465	15	66177634	66556075
115752	15	66575633	66636236
54962	15	66619008	66689074
5604	15	66669182	66793882
10302	15	66772666	66800146
6124	15	66781653	66826870
55055	15	66787431	66851823
197021	15	66829806	66868317
4091	15	66984674	67084338
4088	15	67348036	67497533
79719	15	67483013	67557536
64799	15	67537138	67804142
145853	15	67803522	67829641
5607	15	67825021	68109455
390598	15	68102042	68136498
8554	15	68336572	68493797
91860	15	68473043	68508448
54982	15	68489330	68532081
10116	15	68560141	68593640
22801	15	68581128	68734502
10391	15	68841614	69030145
8125	15	69060874	69123261
246777	15	69212839	69249150
79400	15	69212839	69359501
26035	15	69442921	69574546
54852	15	69581294	69709976
9493	15	69696585	69750766
6176	15	69735159	69757884
7090	15	70330129	70400274
55075	15	70936893	71065932
55323	15	71113889	71156498
54839	15	71135578	71352436
56906	15	71163681	71194772
196993	15	71392583	71417929
79875	15	71397935	72085722
10002	15	72092888	72120600
4649	15	72104632	72420440
123228	15	72396599	72443311
196996	15	72442147	72500136
5315	15	72481370	72533901
56965	15	72523522	72574885
60677	15	72567068	72622525
3073	15	72625778	72679474
338949	15	72680668	72710708
25820	15	72756667	72888904
646670	15	72911107	72942539
55889	15	72937038	72969738
585	15	72968520	73040817
83440	15	73033708	73086126
4756	15	73334056	73607547
10021	15	73602200	73671605
283677	15	73725499	73862354
27020	15	73842344	73935753
80381	15	73966560	74016859
388135	15	74017772	74055495
161514	15	74155922	74191555
4016	15	74208789	74254478
9399	15	74265559	74296963
5371	15	74277014	74350160
342096	15	74352198	74384891
732265	15	74379382	74402549
57611	15	74410544	74439143
3671	15	74456087	74479212
64220	15	74461802	74512046
80125	15	74518630	74638813
1583	15	74620103	74670081
8482	15	74691630	74736299
84993	15	74728318	74763545
10620	15	74823518	74900472
1198	15	74888327	74932542
80153	15	74912899	74998386
1543	15	75001883	75027951
1544	15	75031184	75058941
1445	15	75064425	75105539
79748	15	75095194	75128099
594855	15	75108951	75134136
25989	15	75118459	75145552
10066	15	75127197	75175670
4351	15	75172377	75200581
57184	15	75182328	75209462
9377	15	75202616	75240495
54913	15	75237443	75259775
192683	15	75277876	75323836
60490	15	75305927	75353067
56905	15	75481219	75514510
653641	15	75540899	75575796
653643	15	75565182	75598148
54939	15	75618352	75644268
79661	15	75629331	75657592
4123	15	75638133	75671455
25942	15	75651720	75758181
5780	15	75749462	75881625
10073	15	75880424	75928719
55272	15	75921426	75951047
257364	15	75931348	75960968
1464	15	75956663	76015189
161753	15	76006319	76030027
92912	15	76125622	76203388
26263	15	76186200	76237609
145957	15	76224314	76314785
123591	15	76342299	76507304
2108	15	76498628	76613810
64843	15	76619065	76644817
49855	15	76630526	77207796
5955	15	77213962	77252601
9051	15	77277021	77339673
10099	15	77326359	77373570
79834	15	77390498	77722446
10363	15	77703018	77787945
84894	15	77895369	77998490
440292	15	78223745	78255144
23102	15	78277327	78379994
646892	15	78374927	78406393
10518	15	78386948	78433877
3419	15	78431698	78472884
23205	15	78453187	78537049
55466	15	78546487	78584538
80349	15	78565575	78601977
1381	15	78622666	78650572
3658	15	78720518	78803798
123688	15	78789906	78839715
5685	15	78822747	78851562
1138	15	78847862	78897611
1136	15	78875394	78923637
1143	15	78906636	78943587
11173	15	79041545	79113805
10933	15	79122903	79200081
1512	15	79204092	79247436
5923	15	79242289	79393215
390616	15	79565146	79600581
23423	15	79593404	79685802
23251	15	79714858	79774642
10588	15	80125889	80199627
100528021	15	80125889	80225448
400410	15	80181182	80226096
597	15	80243232	80273643
54469	15	80341910	80440735
2184	15	80435233	80488924
9915	15	80686692	80900278
58489	15	80977635	81057962
57214	15	81061712	81254112
23184	15	81229667	81292235
59274	15	81283295	81306345
161502	15	81381749	81451516
3603	15	81464941	81615104
80765	15	81595007	81626524
342125	15	81614760	81676418
84206	15	82324119	82348484
79631	15	82412561	82565104
283726	15	82545152	82587271
647042	15	82622347	82651706
440295	15	82699883	82741587
6218	15	82811161	82834865
101927601	15	83001400	83028196
64506	15	83201948	83326762
8120	15	83318033	83388660
123722	15	83416827	83484850
123720	15	83466959	83513613
9455	15	83507729	83664905
83640	15	83644955	83669809
123207	15	83647715	83691050
53339	15	83675175	83746106
53346	15	83766301	83816111
50810	15	83796804	83886770
646	15	83914655	83963468
6457	15	84106091	84297495
57188	15	84312838	84718594
100505679	15	84831138	84864921
643707	15	84894525	84924120
54993	15	85134249	85176947
84942	15	85175607	85207521
4828	15	85188360	85211802
23478	15	85202768	85269691
9640	15	85281818	85359663
57538	15	85349911	85426713
9154	15	85417794	85499027
5151	15	85513744	85692376
101929479	15	85738530	85788026
100133220	15	85773641	85800430
11214	15	85913818	86302589
64410	15	86292557	86348189
123624	15	86613137	87582283
4916	15	88409948	88810026
26589	15	88992709	89020633
64963	15	89000684	89031861
55070	15	89026449	89099934
64782	15	89154527	89185512
3669	15	89168904	89208881
176	15	89336674	89428585
145864	15	89410519	89448857
4240	15	89431914	89466685
11057	15	89621381	89755591
6017	15	89743098	89774922
55215	15	89775634	89870362
5428	15	89849536	89888026
51458	15	90004638	90049799
90381	15	90108818	90181254
374654	15	90161201	90208725
5346	15	90197598	90232648
8800	15	90214762	90244015
56964	15	90224028	90296869
55897	15	90283098	90304540
145873	15	90309589	90331985
290	15	90318126	90368119
10239	15	90363831	90447617
100526783	15	90363831	90466222
348110	15	90433832	90466222
374655	15	90534197	90635432
3418	15	90616283	90655730
10509	15	90717985	90782897
10519	15	90763477	90818991
390637	15	90767487	90795312
51335	15	90798895	90825443
342132	15	90885477	90915884
8826	15	90921473	91055475
64784	15	91063118	91198577
641	15	91250579	91368686
5045	15	91401885	91436687
2242	15	91417665	91449006
4122	15	91437420	91475815
55898	15	91463410	91507323
374659	15	91464148	91485792
91433	15	91488106	91516355
9055	15	91499268	91547881
26276	15	91531774	91575833
9899	15	91632996	91854539
28232	15	92386938	92725665
8128	15	92927140	93021958
145858	15	93004907	93054347
400451	15	93150678	93209031
1106	15	93432286	93581237
56963	15	93576636	93642443
55784	15	94764772	95037181
7026	15	96859157	96893492
145946	15	97316676	97338845
91947	15	98493933	98527068
283777	15	98970391	99067611
3480	15	99182272	99517759
145814	15	99501459	99561024
23336	15	99635286	99685800
64927	15	99666528	99801431
123355	15	99781567	99940934
4205	15	100096133	100266688
145748	15	100257610	100283766
170691	15	100501643	100892183
204219	15	100930600	101094925
55180	15	101099428	101152445
140460	15	101132755	101201906
220	15	101409897	101466831
101927751	15	101447587	101469437
79705	15	101449460	101620317
22856	15	101705928	101802137
55829	15	101801214	101827700
6627	15	101811715	101845481
5046	15	101834133	102040187
80213	15	102163429	102202594
123283	15	102183955	102274807
100128108	15	102267297	102297544
101927628	15	102290199	102312544
390648	15	102335923	102356861
390649	15	102348390	102369328
26682	15	102452345	102473262
51728	16	86979	113632
79622	16	93829	117669
64285	16	98058	136354
4350	16	117018	145850
8131	16	125800	198697
3050	16	182921	214504
3042	16	205973	226767
3040	16	212846	233709
3039	16	216679	237520
3049	16	220333	241178
55692	16	228970	289449
83986	16	274758	328960
8786	16	308300	335941
398	16	320606	343003
64714	16	323118	347215
8312	16	327440	415244
10573	16	407384	430584
58986	16	410776	441950
4833	16	436752	460754
26063	16	441858	472487
9727	16	465649	582485
6650	16	567816	614636
146325	16	599836	625529
283948	16	607032	629495
9091	16	609968	644136
57799	16	629357	689273
117166	16	671012	694116
84326	16	674429	696371
84331	16	681849	708474
197335	16	689363	727833
89941	16	708083	734174
9028	16	715666	738268
10273	16	720115	742768
339123	16	721667	744440
84219	16	724622	750608
146330	16	732500	765825
79006	16	755173	779655
65990	16	760581	782655
124093	16	762582	786880
84264	16	766958	789715
64428	16	769753	800997
10232	16	800765	828865
113000	16	824974	848383
63922	16	828622	858074
51764	16	838041	860733
388199	16	845443	873861
64788	16	893634	1041318
30812	16	1021808	1046979
6755	16	1112756	1141454
390664	16	1128226	1156244
8912	16	1193241	1281772
25823	16	1261651	1285254
64499	16	1268336	1290185
7177	16	1280678	1302555
23430	16	1296273	1318494
7329	16	1347420	1387019
8938	16	1373606	1409442
115939	16	1389241	1411873
84572	16	1391900	1423352
64718	16	1403206	1474750
283951	16	1459745	1480801
645811	16	1474389	1504490
1186	16	1484934	1535085
390667	16	1525940	1548468
9894	16	1533352	1570460
9742	16	1550428	1672109
79652	16	1568742	1615581
57585	16	1652495	1737909
90861	16	1718201	1762073
23162	16	1746184	1830318
4832	16	1810321	1831743
65993	16	1811891	1833152
197342	16	1813223	1836628
90864	16	1816713	1842582
10101	16	1822931	1849192
3483	16	1830414	1854909
3029	16	1849104	1887195
81889	16	1867225	1900208
254528	16	1873984	1932179
64711	16	1951464	1978231
51734	16	1978234	2003294
6123	16	1984580	2014679
4716	16	1999517	2021976
6187	16	2002059	2024827
146310	16	2006843	2028976
10607	16	2012064	2038751
124056	16	2018918	2041704
2671	16	2024150	2047750
9143	16	2029946	2054276
90850	16	2037653	2069822
283869	16	2059521	2080756
9351	16	2066869	2099027
4913	16	2079816	2107931
7249	16	2087472	2148713
5310	16	2128709	2195899
25837	16	2188145	2214141
84231	16	2195763	2238130
57524	16	2217184	2256479
64223	16	2245178	2269418
283870	16	2249254	2273541
283871	16	2251603	2274822
1877	16	2263490	2295743
1775	16	2276253	2298712
1632	16	2279873	2312296
10921	16	2293100	2328413
21	16	2315879	2400747
899	16	2469395	2518859
80178	16	2500115	2524964
4917	16	2511500	2534146
57465	16	2515146	2565734
527	16	2553727	2580224
51005	16	2560363	2590955
752014	16	2570036	2591409
5170	16	2577965	2663191
54442	16	2722495	2769031
83886	16	2752423	2780552
23524	16	2792330	2831413
6923	16	2811415	2837297
260429	16	2823954	2847943
360226	16	2838486	2865133
10942	16	2857164	2881723
124220	16	2870173	2892285
64063	16	2892728	2918625
114984	16	2922924	2959383
84256	16	2951943	3011209
79412	16	3004217	3028384
9088	16	3008101	3040540
124222	16	3009342	3033485
9080	16	3052457	3074506
9074	16	3054713	3078188
51330	16	3060313	3082384
54985	16	3062626	3084287
79228	16	3064032	3087756
146439	16	3067683	3096950
64386	16	3086682	3120727
9235	16	3105313	3129668
84891	16	3128895	3159293
7755	16	3152563	3180528
7760	16	3175057	3202805
197350	16	3184016	3209961
4992	16	3244247	3265185
7752	16	3262325	3296221
4210	16	3282028	3316648
10127	16	3323380	3361401
91151	16	3338808	3365439
7627	16	3345406	3382935
4993	16	3395889	3416924
100463285	16	3411053	3432283
54925	16	3421661	3461065
7727	16	3441190	3469364
146434	16	3476110	3503490
79903	16	3483611	3546963
646174	16	3533484	3555758
23059	16	3540945	3599048
197358	16	3579033	3637392
84464	16	3621182	3671585
1773	16	3651772	3722689
10131	16	3698038	3777598
1387	16	3765055	3940121
115	16	4002650	4176186
6345	16	4229375	4302081
7023	16	4297187	4333001
84662	16	4356240	4399598
51025	16	4380252	4411373
100529144	16	4380252	4476962
79585	16	4394543	4476962
114990	16	4411849	4443529
9093	16	4465806	4516776
57407	16	4501690	4534896
3163	16	4514719	4570348
29965	16	4550676	4598816
342346	16	4596330	4660435
124402	16	4648884	4674927
23295	16	4664825	4750975
84309	16	4733526	4755860
124401	16	4736500	4794378
146562	16	4774289	4809397
26048	16	4790815	4827219
124404	16	4817615	4848522
440335	16	4828398	4856492
79641	16	4836963	4862951
84656	16	4843204	4907383
29855	16	4886666	4942363
5493	16	4922508	4997136
9717	16	4998318	5079156
51172	16	5064845	5093942
146556	16	5082925	5126146
56052	16	5111810	5147380
196483	16	5124301	5157789
54715	16	5279469	7773342
283953	16	8609502	8632226
79091	16	8705497	8750079
18	16	8758444	8888432
25880	16	8879037	8901505
5373	16	8881670	8953194
23589	16	8936799	8972869
7874	16	8975951	9067341
29035	16	9175537	9223555
2903	16	9837265	10286611
80063	16	10469912	10587495
2013	16	10612279	10684539
146279	16	10711358	10798802
4682	16	10827643	10873208
780776	16	10845221	10922651
4261	16	10961055	11028840
28955	16	11012748	11046257
23274	16	11028345	11286046
8651	16	11338274	11360039
7142	16	11351714	11373160
58531	16	11357141	11377452
5620	16	11359493	11380337
5619	16	11364693	11385192
116028	16	11429311	11455617
400499	16	11526047	11595611
9516	16	11631578	11691322
8303	16	11752289	11783015
51061	16	11762939	11846707
29066	16	11834442	11901114
26156	16	11918053	11955442
2935	16	11951985	12020519
608	16	12048964	12071925
92017	16	12060602	12678146
101929304	16	12654049	12678144
55313	16	12743656	12907744
729993	16	12985477	13344273
2072	16	14004014	14056205
57496	16	14155178	14370633
5073	16	14519557	14734128
51283	16	14716668	14773093
8399	16	14756405	14798526
100652777	16	14786854	14837253
642778	16	14792835	14830195
642799	16	14831404	14869305
23420	16	14917643	15000014
101927469	16	14980426	15018180
9284	16	15017316	15055931
23042	16	15058448	15141552
123803	16	15121710	15159936
54700	16	15143879	15198168
100288332	16	15447481	15485344
255027	16	15479611	15513543
89927	16	15518325	15692116
9665	16	15678226	15747023
54820	16	15727124	15830210
4629	16	15786992	15960887
123811	16	15949576	15992510
4363	16	16033434	16246931
368	16	16233422	16328083
408050	16	16316389	16398668
101059938	16	16463102	16497815
64131	16	17186181	17574738
101059953	16	18401790	18436519
283820	16	18501182	18583434
6210	16	18784277	18811656
23204	16	18792991	18822894
23049	16	18806175	18947748
79905	16	18985256	19085264
10229	16	19068917	19101417
162073	16	19115254	19142952
51760	16	19169541	19289656
728276	16	19287105	19332269
79838	16	19411839	19520435
51573	16	19503015	19543450
9738	16	19525179	19574730
57020	16	19556737	19722485
400506	16	19707673	19739726
124152	16	19717778	19879087
51704	16	19860293	19907049
124274	16	20032981	20095100
2813	16	20310896	20349684
7369	16	20334373	20374200
204474	16	20360492	20426064
54988	16	20410850	20462290
123876	16	20452846	20508991
348158	16	20538080	20597695
116285	16	20624555	20719066
55623	16	20722498	20763405
6296	16	20765312	20818479
112479	16	20781515	20827798
81691	16	20807751	20870990
123879	16	20856219	20921561
57149	16	20901204	20946328
55567	16	20934476	21180762
57146	16	21159703	21201937
7783	16	21198773	21235831
257629	16	21235016	21273750
1428	16	21259839	21324404
23117	16	21403455	21446658
51108	16	21598543	21678792
10261	16	21642605	21673987
146183	16	21679835	21782050
440345	16	21835889	21879843
7385	16	21954609	22004668
255762	16	21985186	22022431
730094	16	22009456	22105975
146177	16	22009462	22178287
29904	16	22207592	22310066
55718	16	22298696	22356424
1039	16	22347257	22395938
100132247	16	22479791	22557856
9956	16	22815860	22937659
57478	16	23062727	23170591
6340	16	23184040	23238201
6338	16	23303591	23402620
91949	16	23389814	23474583
23062	16	23464863	23531815
124454	16	23523334	23578696
56061	16	23558856	23595710
4706	16	23582335	23617639
79728	16	23604481	23662678
84516	16	23642687	23695068
5347	16	23680201	23711688
10595	16	23691625	23734821
63928	16	23755948	23780272
5579	16	23837300	24241932
10368	16	24256874	24383737
5930	16	24540866	24594184
27327	16	24731028	24847548
115584	16	24847184	24932949
55114	16	24920710	25036695
51451	16	25113047	25199551
343	16	25218285	25250253
342357	16	25237322	25279210
9951	16	25693347	26159009
162083	16	27068219	27090487
79831	16	27204807	27243089
197370	16	27226315	27290113
3566	16	27315161	27386099
50615	16	27403483	27473363
2975	16	27461934	27571251
23247	16	27551441	27801692
146395	16	27788850	28084830
23214	16	28099297	28233281
388228	16	28260041	28345170
728741	16	28343833	28384592
728689	16	28380900	28425162
1201	16	28478600	28515897
55911	16	28495970	28520291
246778	16	28500683	28528155
26471	16	28538662	28560495
112869	16	28555249	28613111
6799	16	28593264	28621058
6817	16	28606908	28644907
728734	16	28645835	28680046
8663	16	28689879	28757051
100507607	16	28753573	28794171
11273	16	28824369	28858558
7284	16	28843732	28867729
25970	16	28862939	28895534
487	16	28879192	28925830
79874	16	28905742	28947339
930	16	28933082	28960668
84901	16	28952318	28987786
83985	16	28976028	29005869
27040	16	28986147	29012104
728888	16	29382624	29431669
552900	16	29442601	29476285
79008	16	29455822	29479545
445329	16	29461207	29486301
6693	16	29664271	29691828
23475	16	29680334	29719324
283897	16	29743784	29767340
653808	16	29779561	29802969
3835	16	29791383	29826706
4150	16	29807417	29832504
112476	16	29813409	29837202
79447	16	29817528	29843816
9961	16	29821715	29869360
10423	16	29859678	29884801
26470	16	29872480	29920585
253982	16	29902147	29941181
253980	16	29907657	29947545
124446	16	29963351	29994373
9344	16	29975188	30013583
8479	16	29993642	30017417
283899	16	29997485	30027112
8448	16	30006835	30033424
146378	16	30024655	30046023
83723	16	30025748	30074338
226	16	30054411	30091741
5531	16	30077297	30106698
6911	16	30087114	30113258
83719	16	30093635	30118248
79153	16	30105977	30135264
5595	16	30115426	30144630
11151	16	30184731	30210397
654483	16	30194256	30215627
548593	16	30195164	30218887
6818	16	30200549	30225650
10421	16	30352087	30376682
26000	16	30358422	30391522
29895	16	30376123	30399310
1731	16	30379454	30404171
197407	16	30379633	30421429
51333	16	30408735	30439916
79077	16	30425019	30451373
22928	16	30444952	30467224
3683	16	30473983	30544506
79724	16	30525322	30548821
65988	16	30531688	30556345
92595	16	30555085	30579642
146542	16	30570998	30595243
146540	16	30581994	30607092
115509	16	30603879	30632096
78994	16	30652038	30677734
64319	16	30665778	30692131
730183	16	30699025	30719810
10847	16	30699571	30761450
100862671	16	30741512	30766517
5261	16	30749574	30782497
90835	16	30758733	30783598
9810	16	30762933	30797628
23361	16	30779770	30808564
9274	16	30835373	30915852
1489	16	30897928	30924881
54620	16	30924392	30970104
93129	16	30950405	30976259
9739	16	30958615	31005985
80270	16	30985949	31010473
112755	16	30990577	31031829
6810	16	31034416	31061489
79759	16	31062164	31095641
9726	16	31075581	31104833
339105	16	31084745	31110289
79001	16	31092175	31116699
10295	16	31109615	31134112
84148	16	31118985	31152714
5652	16	31132754	31157151
146547	16	31140244	31171415
2521	16	31181431	31216192
29108	16	31202807	31224097
493829	16	31215342	31246510
260434	16	31217283	31238398
3684	16	31261288	31354213
3687	16	31356488	31404320
3681	16	31394633	31447826
1339	16	31429052	31449749
283933	16	31436885	31464348
79798	16	31459010	31488488
7041	16	31473476	31499281
6524	16	31484439	31512091
64755	16	31490796	31529740
51327	16	31529203	31550125
124411	16	31708741	31782886
10308	16	31875079	31938629
729264	16	32253413	32277243
100507221	16	32264225	32286669
24150	16	32674849	32697448
653550	16	33194354	33217581
101929605	16	33288270	33328787
79801	16	46604466	46665311
55737	16	46683589	46733144
23594	16	46713558	46742306
91807	16	46726194	46807201
388272	16	46825959	46875074
84706	16	46908308	46975201
10294	16	46979274	47017625
81831	16	47105431	47187936
81533	16	47178302	47505018
5257	16	47485047	47745434
94160	16	48106884	48190681
85320	16	48190782	48291479
83752	16	48268211	48397888
6477	16	48384442	48429229
9683	16	48562637	48654125
869	16	49301828	49325742
123970	16	49397808	49443321
23090	16	49514515	49901830
255919	16	50049121	50080999
55027	16	50089881	50149392
101927250	16	50124389	50150563
64282	16	50176829	50279221
113	16	50268830	50362046
29117	16	50342929	50412845
85407	16	50572241	50684771
124460	16	50690211	50725264
64127	16	50717507	50776990
1540	16	50765961	50845847
6299	16	51159886	51195183
388276	16	52050264	52117847
27324	16	52461682	52591714
80205	16	53078905	53371414
643802	16	53393274	53415041
5934	16	53458351	53535560
64400	16	53515192	53548323
23322	16	53623818	53747771
79068	16	53727875	54158379
79191	16	54307212	54330724
10265	16	54955111	54978397
79190	16	55348406	55374672
4313	16	55503081	55550586
54947	16	55532913	55630582
84290	16	55590584	55611592
6530	16	55679542	55750104
1066	16	55826763	55877098
221223	16	55870066	55999943
2775	16	56215251	56401356
267	16	56385364	56469450
11051	16	56453048	56495261
55239	16	56475424	56521407
583	16	56494301	56564008
84560	16	56588961	56612869
4504	16	56613267	56635000
4502	16	56632478	56653409
4493	16	56649557	56671024
4499	16	56656534	56677898
4489	16	56662578	56683999
4490	16	56675811	56697116
4494	16	56681855	56703215
4495	16	56690653	56711977
4496	16	56693726	56715041
4501	16	56706382	56728108
9688	16	56754017	56892637
6559	16	56889119	56959762
9709	16	56955974	56987793
1071	16	56985835	57027757
84166	16	57013469	57127438
221184	16	57116455	57192281
80011	16	57176378	57230387
89970	16	57210026	57284385
23568	16	57269037	57297547
51090	16	57280009	57328584
6367	16	57382695	57410102
6376	16	57396414	57428956
6361	16	57428679	57459974
57019	16	57452081	57491439
57017	16	57471337	57505187
5432	16	57486551	57515921
55715	16	57495870	57530385
92922	16	57536090	57580477
221188	16	57566333	57621101
9289	16	57643442	57708944
222487	16	57692099	57733290
84229	16	57718713	57775367
10300	16	57759623	57801162
3801	16	57782129	57906957
388282	16	57834549	57860831
1258	16	57906244	58015020
374739	16	58000339	58032020
57567	16	58018572	58044551
79650	16	58023450	58065527
4324	16	58049282	58090805
29105	16	58137496	58173296
1459	16	58181811	58241782
29070	16	58273840	58327740
221191	16	58303901	58338951
64785	16	58416298	58450048
65009	16	58487549	58557523
79918	16	58539383	58564431
23019	16	58543850	58673790
55238	16	58690298	58728674
2806	16	58731035	58778246
729159	16	60382359	60403667
1006	16	61671169	62080939
1009	16	64906794	65170015
1003	16	66390525	66448689
146227	16	66451200	66537432
7084	16	66531906	66594315
51192	16	66576466	66613832
100529251	16	66576466	66623038
113540	16	66589849	66623038
146225	16	66603351	66632178
123920	16	66627935	66657795
146223	16	66638653	66740610
1783	16	66744796	66795526
283847	16	66778879	66845523
8883	16	66826781	66874880
766	16	66868282	66898052
57546	16	66904360	66935004
1014	16	66932025	66962887
6236	16	66945582	66969439
51647	16	66955958	66978326
8824	16	66958347	66988999
23491	16	66985132	67019052
283848	16	67012491	67053661
865	16	67053050	67144961
80262	16	67133801	67192442
84752	16	67172005	67194902
8717	16	67178088	67203812
55336	16	67183891	67208077
3299	16	67187288	67213848
8996	16	67194400	67219640
653319	16	67199505	67227883
283849	16	67207652	67234112
1874	16	67216068	67242821
79767	16	67223014	67247932
26231	16	67231042	67270901
29100	16	67251006	67273182
29109	16	67253292	67291425
6553	16	67272855	67316094
25894	16	67301413	67333403
146212	16	67313338	67370664
55282	16	67350747	67429109
51673	16	67413710	67437449
29800	16	67418322	67460339
3291	16	67455036	67481456
9114	16	67461917	67525089
181	16	67506474	67527716
79567	16	67552717	67590691
10664	16	67586310	67683088
146206	16	67669030	67701472
65057	16	67681415	67704718
50855	16	67684851	67706681
84080	16	67686850	67710628
388284	16	67690662	67712661
81577	16	67698436	67763273
57610	16	67746973	67850788
55815	16	67830829	67871971
80152	16	67852060	67891361
57215	16	67866213	67888098
10204	16	67870819	67916470
23644	16	67896926	67928417
123904	16	67908781	67930271
5681	16	67917175	67973581
1506	16	67953473	67975778
5699	16	67958407	67980780
3931	16	67963787	67988656
6560	16	67967377	68012597
64180	16	67999566	68024452
64174	16	68011293	68044493
55794	16	68045177	68067770
54920	16	68046847	68123226
4775	16	68108654	68273162
80004	16	68252450	68280136
23659	16	68269240	68304965
9057	16	68288419	68345726
84138	16	68308043	68354868
54496	16	68334877	68401169
55512	16	68382230	68492409
146198	16	68563192	68619975
1001	16	68668151	68742959
999	16	68761128	68879445
79613	16	68867456	69129085
3038	16	69129467	69162622
54921	16	69141912	69176493
84916	16	69156499	69212937
6645	16	69211050	69352955
27183	16	69335242	69368951
64146	16	69352524	69374498
84342	16	69352524	69383526
51388	16	69363415	69387014
146456	16	69367149	69395712
7014	16	69379464	69429891
80777	16	69448498	69510167
10725	16	69589869	69748569
1728	16	69733304	69770849
28987	16	69765757	69798871
11060	16	69786187	69985644
348174	16	69974608	70008250
55066	16	70137529	70206437
283971	16	70197928	70231050
118460	16	70274134	70295833
16	16	70276198	70333452
11269	16	70313670	70377735
55308	16	70370764	70417286
6483	16	70403338	70482991
197258	16	70478498	70524177
25839	16	70504472	70567457
23450	16	70547691	70621571
146433	16	70603798	70704585
92154	16	70685107	70729954
55697	16	70711342	70845074
54768	16	70831287	71274625
55783	16	71305292	71333509
794	16	71382616	71434341
7571	16	71471500	71506295
7567	16	71497976	71608992
10164	16	71550023	71582493
6898	16	71590754	71620998
91862	16	71650056	71685868
23035	16	71668827	71767798
164	16	71752903	71853006
342371	16	71869894	71901236
55565	16	71883583	71928093
9798	16	71918311	71974542
342372	16	71953441	72043877
1723	16	72032643	72069316
3240	16	72078470	72104955
3250	16	72087125	72121145
54957	16	72108756	72138215
9785	16	72117615	72156811
83449	16	72142996	72216349
463	16	72806784	73102534
388289	16	73150536	73188346
101927998	16	73479940	73935581
5713	16	74320673	74350186
440348	16	74401790	74436013
497190	16	74432529	74465368
2734	16	74471325	74651042
55159	16	74645297	74710779
197259	16	74695753	74744789
79152	16	74736853	74818729
79726	16	74897468	75029026
84937	16	75022915	75154892
197257	16	75135758	75160670
162239	16	75172392	75216132
440387	16	75227994	75251072
1504	16	75242884	75268822
9564	16	75252928	75311951
10428	16	75317608	75477387
124491	16	75467136	75508584
4166	16	75497022	75538926
23563	16	75552428	75580180
79583	16	75562015	75600184
11345	16	75590249	75621779
23536	16	75612718	75667221
3735	16	75651622	75691585
54386	16	75671602	75701340
85445	16	76301176	76603135
22879	16	77214821	77243543
100130958	16	77223349	77256976
170692	16	77306025	77479011
283927	16	77746389	77819332
57687	16	77812483	78024001
10143	16	78046443	78076003
51741	16	78123310	79256567
4094	16	79617745	79644622
83657	16	80564854	80594713
124359	16	80627675	80848175
56942	16	80999699	81050713
55839	16	81030103	81076712
23300	16	81059458	81090955
123775	16	81077102	81120872
2653	16	81105552	81139980
114780	16	81124484	81263975
53630	16	81262176	81334747
8139	16	81338571	81423803
80790	16	81468775	81755367
5336	16	81802899	82006290
93517	16	82021251	82055093
3294	16	82058842	82142139
10200	16	82171767	82213829
1012	16	82650399	83840215
3281	16	83831508	83856607
23417	16	83922720	83972428
29948	16	83972594	84009937
54550	16	83992237	84046379
146167	16	84033389	84085762
8720	16	84077368	84160517
83693	16	84145744	84188800
123872	16	84168865	84221524
9013	16	84201453	84230676
161931	16	84214723	84240772
93107	16	84244741	84283356
58189	16	84318244	84373450
9914	16	84392129	84507793
57707	16	84499966	84548366
23406	16	84589202	84661669
79786	16	84672131	84711187
9100	16	84723555	84823528
83716	16	84843587	84953116
55625	16	84998066	85055141
9764	16	85051374	85137836
339145	16	85121964	85156114
23199	16	85193152	85719812
51659	16	85701280	85732588
404550	16	85731123	85794689
10328	16	85802230	85843161
1327	16	85823173	85850608
3394	16	85922774	85966212
2294	16	86534133	86558070
64779	16	86553782	86598841
2303	16	86590857	86612539
2300	16	86602115	86625304
100506581	16	87326404	87361468
79791	16	87352942	87435708
81631	16	87413157	87448380
23174	16	87429852	87535870
57338	16	87625441	87741762
54758	16	87720239	87809603
8140	16	87853629	87913100
763	16	87911625	87980173
54971	16	87974231	88120924
84627	16	88483879	88517165
161882	16	88510014	88611574
124245	16	88626789	88708372
27189	16	88695001	88716882
1535	16	88699697	88727492
4597	16	88708343	88739495
333929	16	88734090	88763192
115992	16	88752903	88782829
348180	16	88762891	88791794
9780	16	88771746	88861372
81620	16	88860186	88885666
353	16	88865877	88888342
2588	16	88870142	88933374
51693	16	88913465	88939086
390748	16	88919746	88943068
863	16	88931263	89053568
100129697	16	88996056	89027932
197322	16	89150217	89232171
1013	16	89228163	89271900
146429	16	89252169	89277757
197320	16	89274111	89312402
29123	16	89324029	89566969
100287036	16	89377541	89401518
6687	16	89564802	89634174
6137	16	89603324	89643237
27132	16	89632176	89673654
1800	16	89669716	89717216
5119	16	89700839	89734193
124045	16	89714152	89746866
8558	16	89743076	89772772
124044	16	89752765	89778131
9605	16	89763541	89797398
92822	16	89776393	89817333
2175	16	89793959	89893066
84501	16	89884883	89947727
22980	16	89929994	89987795
4157	16	89974287	89997385
10381	16	89978417	90012505
54849	16	90004560	90044468
92806	16	90026183	90049240
79007	16	90061279	90095937
2622	16	90076056	90121379
11105	16	90112974	90153708
8447	17	0	41421
9501	17	52180	212633
100506388	17	170996	193279
400566	17	250118	274457
359845	17	279769	305731
55275	17	401908	628096
79850	17	625847	656075
50628	17	637661	666038
51031	17	652549	695571
55178	17	675513	705741
64359	17	692553	893017
29928	17	890357	915407
29	17	896758	1100616
727857	17	1163858	1184565
286753	17	1172957	1214281
7531	17	1237833	1313669
1398	17	1314647	1369561
4641	17	1357480	1406001
51763	17	1387869	1430182
5306	17	1411283	1476110
124935	17	1467678	1542130
8578	17	1527152	1559083
83547	17	1539444	1563392
10594	17	1543923	1598176
727910	17	1596084	1623662
124997	17	1609817	1651893
5345	17	1636015	1668562
5176	17	1655259	1690859
114826	17	1672829	1743175
6117	17	1723273	1812848
146760	17	1827971	1938178
1801	17	1923431	1957183
124641	17	1935277	1956725
3090	17	1947454	1972981
23293	17	1953133	2217069
63826	17	2197244	2238553
55720	17	2215972	2250678
9905	17	2230806	2294353
4335	17	2277354	2314258
79066	17	2309343	2425200
5048	17	2486923	2598909
23277	17	2582680	2625053
101928991	17	2617204	2661794
23108	17	2649050	2951035
8386	17	2955963	2976901
4991	17	2985352	3006290
8390	17	3019904	3040845
26189	17	3090813	3111742
8383	17	3108915	3129844
4995	17	3171184	3192268
4994	17	3184929	3205876
8387	17	3290760	3311704
8392	17	3313862	3334827
8388	17	3326164	3347135
84690	17	3333305	3427146
443	17	3367404	3412700
162514	17	3403796	3471289
7442	17	3458740	3522705
23729	17	3501556	3549616
1497	17	3529762	3576397
30851	17	3556187	3581973
83460	17	3562090	3582962
5026	17	3565156	3609698
3682	17	3607919	3714537
83903	17	3617197	3639993
55421	17	3700042	3759545
84254	17	3753609	3806337
5023	17	3789885	3829960
489	17	3817163	3877758
23140	17	3897739	4056314
124936	17	4036441	4070995
51479	17	4056665	4177274
7326	17	4162512	4279969
201305	17	4327219	4401499
124976	17	4392129	4453228
10514	17	4432191	4468921
124975	17	4450222	4473876
342527	17	4477276	4521614
246	17	4524214	4555583
27043	17	4564679	4617712
409	17	4603789	4634795
400569	17	4624723	4646902
58191	17	4626828	4653223
84225	17	4633059	4659414
9032	17	4665187	4696506
284013	17	4678580	4699729
388323	17	4681723	4703887
5694	17	4689439	4711798
5338	17	4700396	4736727
50488	17	4726635	4811356
1145	17	4791064	4816369
100130311	17	4792948	4816227
2811	17	4825312	4848325
8402	17	4830425	4853462
26001	17	4833328	4858517
5216	17	4838945	4862381
2027	17	4843404	4870426
9552	17	4852521	4881132
23125	17	4861287	4900960
388324	17	4881425	4911214
10749	17	4891243	4941694
55065	17	4925711	4965304
124961	17	4971754	5009669
7775	17	4999029	5036411
9098	17	5021687	5088327
84622	17	5072830	5105178
388325	17	5102215	5148997
9135	17	5175558	5299132
4927	17	5279346	5333400
84268	17	5312961	5346340
708	17	5326099	5352471
56919	17	5334232	5382380
51009	17	5367582	5399520
79003	17	5379694	5404134
728392	17	5392747	5415042
22861	17	5394719	5497832
23302	17	5962426	6037747
23746	17	6317057	6348576
54478	17	6337735	6364385
83394	17	6344583	6469877
9851	17	6471645	6555066
84817	17	6534222	6557861
51003	17	6536633	6565191
388327	17	6545059	6566617
284111	17	6578038	6626886
54739	17	6648716	6688966
162517	17	6669523	6710420
83659	17	6693300	6745077
239	17	6889384	6924055
440400	17	6905736	6927852
124944	17	6908056	6930843
255877	17	6916368	6943609
201232	17	6929394	6953440
162515	17	6934949	6957242
10462	17	6967856	6993626
433	17	6994641	7028292
432	17	7066750	7092883
1742	17	7083209	7133369
37	17	7110444	7138586
1856	17	7118661	7147867
79142	17	7128347	7152825
11337	17	7133738	7155753
23399	17	7136906	7165259
23587	17	7145372	7173259
1366	17	7153222	7176863
6517	17	7174986	7201367
51087	17	7181571	7207876
1984	17	7200318	7225782
2874	17	7205978	7228658
84461	17	7208947	7242644
9744	17	7229848	7264797
147040	17	7245208	7268263
339168	17	7248497	7270538
8711	17	7274293	7303093
57048	17	7283046	7308162
254863	17	7296293	7317450
57555	17	7301502	7333183
374768	17	7313652	7334956
201243	17	7318851	7340887
284114	17	7328762	7350998
2256	17	7331784	7358256
1140	17	7338406	7370932
57659	17	7352685	7397568
643664	17	7360504	7396383
5430	17	7377698	7427935
8742	17	7442375	7471207
407977	17	7442375	7474925
8741	17	7451609	7474925
26168	17	7455309	7485287
1973	17	7466024	7492324
968	17	7472805	7495429
9526	17	7476965	7501530
6665	17	7481496	7504037
9513	17	7484548	7528215
6462	17	7507382	7546700
112483	17	7519552	7541194
482	17	7544254	7571089
7157	17	7561720	7600868
55135	17	7579389	7616820
1949	17	7598520	7624693
146754	17	7610631	7747058
23135	17	7727521	7768118
92162	17	7748181	7769417
84316	17	7750003	7798608
124637	17	7751064	7775691
1107	17	7778096	7826075
9196	17	7815177	7843180
58485	17	7823663	7845317
116840	17	7825442	7863237
3000	17	7895988	7933658
247	17	7932343	7962452
242	17	7965954	8001021
59344	17	7989218	8032365
84667	17	8013908	8037410
5187	17	8033788	8069723
6844	17	8052465	8076293
84314	17	8066296	8089723
54785	17	8081651	8103564
9212	17	8098049	8123944
80169	17	8118139	8161413
5198	17	8142596	8183809
399512	17	8181082	8208709
29098	17	8181745	8203409
22899	17	8203556	8235834
146852	17	8233158	8259364
124751	17	8261973	8290027
6154	17	8270834	8296565
643904	17	8284022	8311144
81565	17	8306447	8381495
4628	17	8367523	8544094
146849	17	8623246	8658154
388333	17	8640849	8671977
162387	17	8690428	8712667
146850	17	8696055	8780994
23533	17	8772233	8879029
9423	17	8914859	9157317
9482	17	9143788	9489275
146845	17	9469944	9556776
124739	17	9538015	9643004
201140	17	9664751	9704894
9340	17	9719152	9804269
5957	17	9791027	9818684
8522	17	9803926	10111868
8735	17	10191401	10286322
4626	17	10283642	10335267
4622	17	10336607	10382876
4619	17	10385624	10431859
4620	17	10414465	10463017
4621	17	10521843	10570626
6341	17	10573649	10610885
56985	17	10590927	10626264
388335	17	10606631	10643646
644139	17	10715792	10751418
388336	17	11134740	11477380
1770	17	11491748	11883065
7566	17	11870756	11911736
6416	17	11914135	12057148
93649	17	12559207	12682266
9912	17	12682829	12904960
60528	17	12884929	12931381
9955	17	13389006	13515244
1352	17	13962719	14121996
146822	17	14129173	14150150
9953	17	14194367	14262721
5376	17	15123094	15178674
64518	17	15197129	15254958
284040	17	15329332	15380925
100533496	17	15329332	15476945
201158	17	15395578	15476945
374286	17	15481977	15533018
10626	17	15521277	15597625
57335	17	15592891	15634101
353149	17	15625591	15658098
136	17	15838231	15889210
125150	17	15869874	15913006
54902	17	15892694	15942723
9611	17	15923408	16128874
9487	17	16110509	16240098
201161	17	16235831	16266812
7314	17	16274367	16296059
51393	17	16308856	16350317
388341	17	16335319	16405505
57336	17	16443626	16482520
57547	17	16514048	16567167
9720	17	16583549	16688311
96597	17	16816948	16842856
23495	17	16832398	16885432
23164	17	16935790	17105962
201164	17	17094309	17119646
201163	17	17105523	17150502
8533	17	17139938	17194617
56953	17	17196680	17260977
55090	17	17370300	17406534
51655	17	17387751	17409709
10400	17	17398877	17505434
10743	17	17574787	17724767
6720	17	17704663	17750331
146691	17	17736822	17885784
83450	17	17866127	17930203
91647	17	17911334	17952483
79018	17	17932611	17981719
1819	17	17981181	18021299
51168	17	18002020	18093116
54890	17	18076867	18123268
3996	17	18118907	18158189
2314	17	18138129	18172230
125170	17	18153848	18179095
7156	17	18167235	18228321
140775	17	18208594	18241370
6470	17	18221187	18276856
645027	17	18271079	18302961
654346	17	18370099	18408259
254272	17	18528738	18557740
729288	17	18551742	18595572
147166	17	18591311	18649431
10517	17	18637326	18692662
51030	17	18674458	18720027
101929141	17	18722272	18771929
5636	17	18749612	18844600
125206	17	18843989	18934004
644815	17	18864381	18918060
10750	17	18913969	18960336
400581	17	19020782	19072148
388436	17	19112787	19135840
22905	17	19130690	19250028
27077	17	19230563	19291495
5598	17	19271034	19296857
4239	17	19276755	19300532
7732	17	19304491	19330589
55244	17	19427167	19492346
224	17	19542064	19590908
146802	17	19571626	19632990
218	17	19631297	19661746
9706	17	19664143	19781239
11216	17	19797765	19891169
92521	17	19902649	20228072
284194	17	20342708	20380848
256223	17	20473037	20494224
339184	17	20756708	20809453
23326	17	20892906	20956722
25979	17	21020241	21105285
8834	17	21091263	21127974
256302	17	21132183	21166578
5606	17	21177968	21228552
3768	17	21269699	21333184
339263	17	21333211	21464941
100462977	17	22012437	22033991
26118	17	25611106	25650659
8844	17	25789036	25960718
3965	17	25948174	25986586
4843	17	26073792	26137555
201229	17	26195340	26230409
51701	17	26359009	26533407
27346	17	26636121	26665711
90410	17	26645351	26672515
7126	17	26652548	26684035
26073	17	26663659	26694603
147007	17	26674687	26699089
645832	17	26681290	26702265
7448	17	26684298	26707373
23098	17	26688683	26738062
113235	17	26711661	26743230
9058	17	26790664	26834799
8456	17	26823249	26875175
9094	17	26863725	26889647
94005	17	26870405	26908887
230	17	26890133	26914282
10615	17	26894583	26936056
124923	17	26924799	26951377
9703	17	26931458	26982177
6388	17	26965374	26999207
6830	17	26979221	27039255
147011	17	27020214	27049127
83871	17	27031299	27055286
100861437	17	27033011	27054908
6147	17	27037000	27061374
116238	17	27041366	27063949
284086	17	27045822	27079784
9618	17	27061023	27087976
55731	17	27072996	27179857
26284	17	27172043	27198072
2319	17	27196356	27234715
147015	17	27214799	27240089
57649	17	27222264	27288622
124925	17	27271923	27343458
51268	17	27359918	27394245
399687	17	27390528	27517432
9220	17	27390539	27412627
1411	17	27563875	27591512
57532	17	27572854	27631166
57551	17	27707943	27888921
116236	17	27877679	27904042
90313	17	27884198	27910175
28964	17	27890487	27926610
124930	17	27910527	27951779
84940	17	27931774	27959926
85464	17	27942956	28267231
374786	17	28246874	28445470
84081	17	28433821	28523493
6532	17	28511337	28572986
642	17	28565213	28629184
388364	17	28633351	28671065
1362	17	28695942	28806675
9527	17	28794426	28863832
26083	17	28874124	28900511
51379	17	29099702	29161778
79915	17	29149020	29232295
79736	17	29216001	29243286
55803	17	29238698	29296340
84282	17	29286224	29336929
4763	17	29411945	29714695
4974	17	29611668	29634380
2124	17	29619888	29651130
2123	17	29633428	29658767
84440	17	29708642	29875232
55352	17	30168884	30196326
55813	17	30180190	30238729
23512	17	30254044	30338057
114659	17	30338155	30390519
55288	17	30459473	30562746
162494	17	30583195	30661680
64149	17	30645460	30687066
7756	17	30667071	30707468
5717	17	30761481	30820337
8851	17	30804105	30828271
4642	17	30809628	31213902
26022	17	31244928	31278667
124912	17	31308882	31334895
40	17	31330105	32493825
6347	17	32572296	32594222
6354	17	32587235	32609261
6356	17	32602687	32625199
6355	17	32636066	32658421
6357	17	32673471	32695629
6346	17	32677347	32700252
400591	17	32891142	32916388
124842	17	32897768	32976337
10693	17	33244878	33317968
91603	17	33278549	33300205
3980	17	33297517	33342088
117584	17	33326131	33426348
5892	17	33416811	33456888
54752	17	33438598	33467751
54475	17	33448368	33479322
146862	17	33464787	33526364
146861	17	33509539	33531412
162394	17	33560086	33604768
91607	17	33667324	33710821
55106	17	33728079	33770302
146857	17	33752115	33785856
100506736	17	33791942	33824758
342618	17	33864728	33896783
5193	17	33891814	33915656
163	17	33903918	34063436
91608	17	34048679	34080540
246176	17	34061530	34089897
79148	17	34073316	34132711
146853	17	34077890	34102098
8148	17	34126459	34184246
256957	17	34171898	34205895
6352	17	34188495	34217377
201299	17	34235084	34267780
57151	17	34251522	34280714
6360	17	34293529	34320373
6358	17	34300692	34323764
6359	17	34313476	34339084
6368	17	34330096	34355005
6362	17	34381643	34408841
6348	17	34405602	34427506
6351	17	34421220	34443014
414059	17	34483061	34514035
414062	17	34512268	34534147
9560	17	34528468	34550275
414060	17	34571085	34602039
6349	17	34613842	34635730
388372	17	34630034	34651841
729877	17	34735936	34767050
9326	17	34832471	34865154
80179	17	34841599	34901305
284098	17	34880849	34905217
79893	17	34890737	34956278
79154	17	34938226	34967233
79922	17	34948010	34975407
3975	17	35284772	35311915
26574	17	35296175	35424171
31	17	35431927	35776902
284099	17	35722928	35759812
6871	17	35756977	35849830
11072	17	35839951	35883603
11276	17	35864900	35979544
11056	17	35962363	36013493
6928	17	36036434	36115096
84218	17	36273868	36304915
729873	17	36327528	36359276
84311	17	36442989	36489101
440435	17	36471493	36509693
30837	17	36498007	36571846
57636	17	36574720	36678628
80725	17	36676259	36772183
100170841	17	36817956	36841187
4302	17	36851873	36896056
284106	17	36876510	36901858
7703	17	36880150	36916070
5691	17	36898978	36930484
8396	17	36911944	36966218
54883	17	36946687	36991603
388381	17	36981341	37007642
9349	17	36996321	37020053
3927	17	37016112	37088023
494188	17	37082685	37133655
57125	17	37209556	37318946
390790	17	37303147	37332414
782	17	37319709	37363956
6143	17	37346536	37370980
342667	17	37356789	37392040
101929578	17	37384040	37412043
84961	17	37398897	37568530
5469	17	37550538	37617527
51755	17	37607739	37731398
4761	17	37750021	37774175
84152	17	37773177	37802878
10948	17	37783333	37830454
8557	17	37811599	37832807
5409	17	37814234	37836728
93210	17	37817375	37854310
2064	17	37834167	37894915
84299	17	37875409	37896792
2886	17	37884162	37913538
22806	17	37903968	38030441
124626	17	38014417	38044149
55876	17	38050848	38084903
94103	17	38067294	38093884
101928947	17	38073156	38105953
100505591	17	38087727	38110987
284110	17	38109226	38144019
5709	17	38127021	38164213
1440	17	38161614	38184066
9862	17	38165350	38220889
7067	17	38208446	38260120
9572	17	38239037	38266978
339287	17	38268235	38303047
22794	17	38286507	38338431
51195	17	38324242	38361906
147179	17	38365556	38448944
990	17	38434146	38469413
5914	17	38455423	38523895
125111	17	38506904	38530945
7153	17	38534773	38584202
3487	17	38589676	38623982
84951	17	38622080	38667933
1236	17	38700021	38731736
6605	17	38771214	38815658
125113	17	38801872	38831416
192666	17	38844243	38870002
147183	17	38894273	38921584
353288	17	38912490	38938411
342574	17	38923060	38948786
162605	17	38938448	38966211
3858	17	38964369	38988863
147184	17	38965344	39002526
3859	17	39007430	39033462
54474	17	39022141	39051495
25984	17	39068948	39103895
390792	17	39104669	39133144
125115	17	39123968	39153387
85293	17	39139682	39160385
83897	17	39145445	39166138
83896	17	39154773	39175366
83895	17	39172278	39193454
728255	17	39175929	39196377
81850	17	39180136	39201107
81851	17	39186811	39207713
81872	17	39192793	39213568
728279	17	39200750	39221463
730755	17	39205492	39226344
85294	17	39211368	39232131
100132476	17	39230459	39251396
728224	17	39243233	39264375
100132386	17	39251641	39272740
653240	17	39263433	39284606
83755	17	39269343	39290419
81871	17	39285685	39306739
85289	17	39295176	39316054
84616	17	39305905	39326983
85290	17	39313483	39334424
85291	17	39323698	39344460
85285	17	39330352	39351147
728318	17	39336139	39356891
83899	17	39372900	39393904
83900	17	39378715	39399706
83901	17	39384270	39405256
85280	17	39395939	39416905
81870	17	39401636	39422616
100507608	17	39411630	39432112
100505724	17	39421950	39442459
100533177	17	39448078	39469103
100505753	17	39453952	39475505
83902	17	39461169	39481947
3883	17	39492344	39517064
3884	17	39509746	39536052
3885	17	39523921	39548636
3881	17	39539976	39563844
8688	17	39566809	39590822
8687	17	39582621	39607596
3882	17	39605765	39633638
3886	17	39622941	39647392
8689	17	39632388	39658799
3860	17	39647233	39671865
3866	17	39659997	39688033
3880	17	39669869	39694641
3857	17	39712093	39738310
3861	17	39728531	39753147
3868	17	39756030	39779079
3872	17	39765692	39790882
10209	17	39835127	39857898
2520	17	39858578	39882221
9001	17	39868891	39900898
3728	17	39900859	39952964
10609	17	39948204	39978881
60681	17	39958962	39989469
115024	17	39971334	40002523
317719	17	39982572	40014599
55175	17	39999799	40031629
47	17	40013169	40096795
83538	17	40076888	40127669
1267	17	40108737	40139754
7266	17	40118439	40179715
28511	17	40159594	40187659
201181	17	40167594	40215881
79132	17	40243422	40274751
2648	17	40255129	40283382
94086	17	40264756	40285371
5878	17	40266994	40317062
23415	17	40298910	40343296
3060	17	40326078	40347470
84514	17	40331105	40356550
6777	17	40341195	40438478
6776	17	40429565	40473961
6774	17	40455342	40550586
284119	17	40544467	40585506
535	17	40600862	40684597
4669	17	40677951	40706467
3292	17	40693984	40717232
80347	17	40703485	40728299
6945	17	40709078	40735221
29893	17	40714328	40739849
162427	17	40721526	40771445
7283	17	40751358	40777256
27175	17	40801266	40829024
79990	17	40809932	40839048
2826	17	40821420	40843845
8506	17	40824632	40862011
2145	17	40842293	40907095
10266	17	40903145	40925063
84313	17	40915454	40941618
65266	17	40922632	40959084
28958	17	40939636	40960743
124817	17	40940609	40973605
8678	17	40952150	40986310
10197	17	40975159	41005777
314	17	40986609	41012724
8639	17	40993201	41020147
2538	17	41042814	41076450
80755	17	41092543	41126515
100885850	17	41092543	41142545
100885848	17	41110105	41142545
146923	17	41122527	41155713
6155	17	41140446	41164976
3430	17	41148742	41176476
10493	17	41156622	41184459
8153	17	41167258	41194058
672	17	41186312	41287500
4077	17	41312498	41373707
113277	17	41353865	41382061
379	17	41466353	41488504
1659	17	41551330	41614185
2118	17	41595211	41633800
4222	17	41707757	41749262
50964	17	41821099	41846156
1845	17	41833489	41866368
284067	17	41847803	41872054
4356	17	41868167	41920547
146894	17	41914145	41950997
4355	17	41942727	41997079
5539	17	42008172	42029833
5697	17	42020101	42091837
162417	17	42072032	42096436
84336	17	42078556	42110519
124801	17	42102003	42154987
92579	17	42138098	42163712
10014	17	42144121	42211014
78995	17	42209274	42249844
92591	17	42238074	42266650
79089	17	42254300	42279099
56970	17	42259173	42285747
7343	17	42272401	42308994
6521	17	42315758	42361654
10900	17	42375786	42406039
51629	17	42386993	42412217
2896	17	42412491	42440474
284069	17	42421101	42451235
3674	17	42439550	42476873
23131	17	42462645	42590957
2535	17	42624812	42648630
284071	17	42723762	42765673
124808	17	42744805	42777355
80174	17	42775976	42839637
4185	17	42826405	42869214
10052	17	42865816	42918179
51751	17	42913721	42937848
9343	17	42917655	42986993
388389	17	42967080	42993541
2670	17	42972994	43002920
146909	17	42992079	43035079
10882	17	43027061	43055644
79877	17	43090706	43148473
4836	17	43128322	43196384
113026	17	43179008	43219891
79777	17	43199967	43231548
10614	17	43214684	43239468
124790	17	43227502	43257406
752	17	43289192	43334685
124783	17	43321760	43349479
9020	17	43330488	43404414
201176	17	43461268	43520282
9842	17	43503266	43578146
1394	17	43687710	43923194
162540	17	43912256	43934438
4137	17	43961702	44115700
246744	17	44066616	44087060
284058	17	44097282	44312740
9884	17	44306744	44425160
100506084	17	44341550	44449416
51326	17	44567184	44667155
474170	17	44577323	44643016
4905	17	44658035	44844830
7473	17	44829872	44906126
7484	17	44918952	44974096
9570	17	44990486	45054366
388394	17	45045522	45066614
996	17	45185310	45276665
4635	17	45256728	45311045
3690	17	45321208	45400077
124989	17	45391327	45528678
9520	17	45590316	45710642
3837	17	45716861	45772037
9755	17	45761441	45799429
30009	17	45800610	45833485
114881	17	45874733	45909169
124995	17	45890638	45918907
90506	17	45898993	45925079
90507	17	45905047	45928699
80320	17	45912280	45943240
6668	17	45963516	46016323
55163	17	46008889	46036674
79170	17	46019333	46045252
80279	17	46037894	46069152
51226	17	46093533	46130908
4779	17	46115686	46148907
10951	17	46137414	46188883
29916	17	46174911	46210109
8631	17	46200802	46517596
3211	17	46596807	46618272
3212	17	46610017	46632393
3213	17	46616232	46677634
3214	17	46642869	46665743
3215	17	46658619	46681103
3216	17	46663099	46692343
3217	17	46674594	46698383
3218	17	46679708	46702474
3219	17	46688518	46713835
101060400	17	46702166	46734875
84366	17	46789081	46809882
360205	17	46790542	46812119
10481	17	46792125	46816111
284076	17	46829593	46904469
10241	17	46898350	46952607
516	17	46960148	46983233
65264	17	46975731	47016422
11267	17	46997458	47032484
2695	17	47025918	47055955
10642	17	47064774	47143507
124872	17	47199822	47257351
2793	17	47273596	47297936
51225	17	47277589	47310587
162466	17	47290728	47319009
22834	17	47356568	47449835
5245	17	47471410	47502267
4804	17	47562655	47602382
11248	17	47643298	47671172
8405	17	47666246	47765525
10237	17	47768296	47795313
81558	17	47777687	47851518
11143	17	47855922	47916458
255061	17	47905671	47935379
729220	17	47913272	47936199
1748	17	48036562	48062323
1747	17	48057369	48082588
3675	17	48123340	48177849
5164	17	48162101	48198733
201191	17	48178673	48217246
84687	17	48201101	48237877
6442	17	48233240	48263293
1277	17	48251457	48289003
162461	17	48338767	48368846
64132	17	48413393	48450512
51264	17	48435228	48460562
146956	17	48440581	48468820
55379	17	48448594	48484914
80221	17	48493519	48562200
1101	17	48531853	48557242
55316	17	48546190	48573336
84073	17	48575745	48618863
55040	17	48600043	48631111
64847	17	48614450	48643213
8913	17	48628429	48714835
8714	17	48702205	48779063
91369	17	48760551	48795270
51747	17	48786926	48840072
124857	17	48902011	48929709
10140	17	48929584	48955339
9043	17	49029535	49208226
654364	17	49220897	49259105
4830	17	49220920	49249450
4831	17	49232796	49259105
54799	17	49244786	49347788
51096	17	49327897	49385294
56934	17	49697674	50247377
100506650	17	51052879	51075012
84643	17	51890239	51912573
10040	17	52967880	53049328
1353	17	53019259	53056064
252983	17	53036119	53251646
3131	17	53332321	53412426
23531	17	53459974	53509341
55273	17	53786988	53819482
58488	17	53818340	53930522
162282	17	54220836	54570007
9241	17	54661060	54682951
339210	17	54859274	54921256
8526	17	54901460	54956036
7706	17	54955270	55001409
8161	17	55005560	55048411
59342	17	55045468	55094129
8165	17	55152553	55208710
124540	17	55323931	55772050
101927581	17	55811846	55832713
51649	17	55906287	55937433
404093	17	55928604	56042684
7716	17	56038908	56075615
101929185	17	56055471	56076372
6426	17	56068280	56094707
140735	17	56150780	56177618
26689	17	56222515	56243447
124538	17	56237017	56257940
8288	17	56260089	56292535
54903	17	56272797	56306966
4025	17	56305787	56355879
4353	17	56337217	56368296
9256	17	56368588	56416152
6827	17	56412536	56439599
54894	17	56421037	56504931
124535	17	56487528	56575759
9110	17	56556893	56605271
5414	17	56587611	56628179
284083	17	56608948	56631733
56155	17	56624038	56779416
5889	17	56759934	56821703
22843	17	56823230	57072540
4591	17	57049999	57194266
348235	17	57177308	57242800
55771	17	57222860	57294070
55181	17	57277371	57302611
284161	17	57287828	57363331
388403	17	57399053	57489095
79665	17	57632886	57695713
1213	17	57687050	57784317
51651	17	57764667	57794856
81671	17	57774553	57929610
51174	17	57926840	57980306
6198	17	57960407	58037787
51136	17	58019723	58052117
63897	17	58108790	58166292
762	17	58217302	58246907
84669	17	58244551	58479586
124773	17	58488574	58518787
10513	17	58510520	58613580
8493	17	58667544	58753641
54828	17	58745172	59480199
101927855	17	59430108	59454966
6909	17	59467257	59496827
388407	17	59479112	59500641
9496	17	59519134	59572471
342538	17	59657794	59678563
83990	17	59746547	59950920
57508	17	59932728	60015377
9969	17	60009966	60152643
146779	17	60437579	60503840
339175	17	60491246	60537454
11011	17	60544447	60702842
9902	17	60694762	60780962
162333	17	60768675	60895705
26115	17	61033913	61515067
1534	17	61499665	61533724
1636	17	61544422	61585741
81033	17	61590695	61636338
10238	17	61617796	61681641
51204	17	61668231	61695725
4215	17	61689404	61783670
80774	17	61763249	61788527
92335	17	61770192	61829330
57003	17	61812610	61861088
11325	17	61841549	61906677
117246	17	61886793	61915031
5705	17	61894770	61919387
6603	17	61899441	61930699
1443	17	61939372	61961089
2689	17	61947572	61970039
1442	17	61962268	61984027
1444	17	61976965	61998688
2688	17	61984560	62006206
974	17	61996098	62019710
6329	17	62005914	62076876
92340	17	62065711	62091645
3384	17	62069955	62107994
2081	17	62106502	62217502
55852	17	62214795	62350653
5175	17	62386775	62414856
284021	17	62451567	62474760
11232	17	62463902	62503184
1655	17	62484374	62513042
90799	17	62492878	62544069
64750	17	62528400	62668386
374819	17	62840486	62924903
10672	17	62995407	63062920
8787	17	63123456	63233821
8313	17	63514681	63567740
201134	17	63621658	64198212
350	17	64198147	64235556
5578	17	64288760	64816862
27091	17	64821235	64891941
27092	17	64950980	65039518
786	17	65030652	65062913
9931	17	65056554	65251349
101928021	17	65244815	65278185
5718	17	65326619	65372721
26207	17	65363397	65703379
25926	17	65703949	65750319
2186	17	65811644	65990494
284018	17	65977217	65999765
3838	17	66021848	66052970
51321	17	66192127	66263305
22901	17	66245323	66435516
9120	17	66253167	66297405
55062	17	66407422	66463653
5573	17	66497921	66557457
54757	17	66521257	66607095
10351	17	66853428	66961550
10350	17	66960773	67068442
23460	17	67064847	67148015
10349	17	67134148	67250956
23461	17	67230576	67333323
5608	17	67400838	67548470
3773	17	68061348	68141749
3759	17	68154757	68186189
6662	17	70107161	70132561
201266	17	70632085	71098853
6752	17	71151160	71178094
9382	17	71179070	71214646
84923	17	71193492	71238533
55028	17	71218372	71255098
642843	17	71234588	71268019
23580	17	71269763	71318314
54549	17	71320523	71650227
100134391	17	71723993	71762696
6169	17	72189795	72216019
94015	17	72199696	72268159
64446	17	72260386	72321023
124602	17	72312351	72361959
388419	17	72342555	72367958
350383	17	72353532	72379104
55890	17	72417480	72457797
11314	17	72452509	72490937
124599	17	72506894	72537613
10871	17	72527204	72552310
100130520	17	72546674	72573673
100131439	17	72566111	72598370
146723	17	72571057	72600348
101928343	17	72585979	72613730
342510	17	72596022	72629897
326624	17	72657256	72753474
146722	17	72680447	72719169
9368	17	72734751	72775499
26151	17	72756686	72782534
54868	17	72762622	72845922
2905	17	72828162	72866966
2232	17	72848619	72879156
283985	17	72863451	72899737
124590	17	72902176	72929351
92736	17	72910370	72940006
347741	17	72921897	72956087
283987	17	72936837	72978900
30850	17	72973727	73011895
3396	17	72998760	73027356
10476	17	73024955	73053074
23510	17	73033279	73071981
9121	17	73073822	73112257
79637	17	73096047	73136360
30833	17	73116320	73137890
51155	17	73121343	73160775
6613	17	73153825	73189098
79902	17	73191597	73241854
23163	17	73222694	73268444
51081	17	73247749	73272457
57409	17	73252309	73277373
60386	17	73259061	73295530
2885	17	73304157	73411790
9772	17	73442664	73506533
57513	17	73486341	73521664
283989	17	73502609	73530821
3993	17	73511783	73581290
9400	17	73612925	73673270
643008	17	73619514	73647486
100130933	17	73632274	73654057
29115	17	73653399	73714139
3691	17	73707516	73763899
2584	17	73744018	73771280
3021	17	73762515	73785860
85451	17	73770920	73831886
201294	17	73813306	73850798
23558	17	73831780	73861501
91107	17	73860242	73884683
201292	17	73875041	73903084
64978	17	73884724	73911181
85302	17	73895925	73947119
51	17	73927588	73985515
100134934	17	73965298	74006667
1018	17	73986235	74012080
2125	17	73992926	74033533
6730	17	74024856	74078607
8811	17	74060892	74083573
353174	17	74065263	74088885
23265	17	74067086	74109868
2302	17	74122414	74147380
114804	17	74128534	74246448
283991	17	74251286	74277379
84074	17	74260130	74314771
5635	17	74296868	74389970
8877	17	74362742	74393941
63893	17	74375613	74459288
15	17	74439433	74476199
79651	17	74456975	74507509
114757	17	74513430	74543987
768206	17	74513668	74551458
10610	17	74551461	74592145
55808	17	74610838	74649894
439921	17	74659748	74717056
23210	17	74698914	74732881
124512	17	74712912	74739962
6427	17	74720197	74743493
79157	17	74722647	74785336
146664	17	74854798	74956472
6397	17	75074725	75223183
10801	17	75267492	75506678
100996273	17	75430786	75453731
57690	17	75990194	76114916
11322	17	76098999	76138488
147138	17	76115505	76149049
100141515	17	76132434	76172364
9144	17	76154632	76179009
7083	17	76160160	76193285
125061	17	76173398	76213782
332	17	76200277	76231716
283999	17	76217391	76247068
9021	17	76342858	76366160
9489	17	76364705	76430740
8632	17	76409778	76583476
9267	17	76660130	76788376
57602	17	76773463	76846980
7077	17	76839059	76931472
100653515	17	76876577	76909299
3959	17	76957335	76986061
124583	17	76977798	77015899
114897	17	77009016	77055870
64772	17	77057565	77094685
146713	17	77075427	77522230
339221	17	77694882	77726021
84733	17	77741977	77771449
57332	17	77758176	77780915
8535	17	77796955	77823222
125058	17	77896142	78019657
55036	17	78000431	78084412
2548	17	78065339	78103680
9775	17	78099013	78130982
79092	17	78133791	78193130
6448	17	78170515	78204199
284129	17	78184200	78237308
57674	17	78224643	78382586
284131	17	78378965	78421886
4884	17	78430633	78460404
57521	17	78508625	78950173
79643	17	78955641	78983933
10458	17	78998944	79101232
9625	17	79074285	79149877
22994	17	79153393	79206793
146705	17	79192072	79222891
284184	17	79203039	79225098
124565	17	79208799	79279233
284186	17	79275070	79314474
100130370	17	79339699	79369160
57597	17	79363540	79443358
71	17	79466997	79489892
25794	17	79471022	79514156
80233	17	79496911	79529429
55666	17	79513913	79614138
83882	17	79599349	79625779
5148	17	79607489	79633607
339229	17	79622066	79643618
339230	17	79623761	79650937
339231	17	79638224	79660954
9146	17	79640962	79679151
6182	17	79660400	79684556
1468	17	79669266	79698046
2642	17	79752010	79781889
348262	17	79770293	79801167
116729	17	79781368	79802926
5034	17	79791034	79828566
396	17	79815595	79839282
10189	17	79835711	79859464
51529	17	79839599	79868363
256933	17	79850072	79870781
5833	17	79850777	79879340
51547	17	79859815	79886058
4097	17	79866145	79895587
5831	17	79880260	79905203
255275	17	79887521	79915109
147111	17	79900383	79929057
79058	17	79925426	79985282
201254	17	79966579	79990786
201255	17	79971280	79999027
5881	17	79979532	80002080
51181	17	79983757	80005573
5986	17	79995778	80019650
2873	17	79999746	80025346
64118	17	80005748	80033697
2194	17	80026214	80066106
284001	17	80049333	80180705
9123	17	80176282	80207375
1453	17	80187523	80241594
924	17	80262746	80285480
6398	17	80268900	80301921
400629	17	80307123	80331652
2837	17	80320647	80343528
79701	17	80337086	80386513
284004	17	80366240	80410516
79415	17	80390462	80418707
26502	17	80405611	80456143
3607	17	80467594	80572483
56270	17	80562438	80616411
10966	17	80604943	80666598
101929552	17	80661785	80684324
79672	17	80664582	80695893
64122	17	80683452	80719073
6904	17	80699938	80911062
79755	17	80777310	80807931
146712	17	80890009	81019686
284207	17	81027567	81062867
9097	18	148483	223739
9984	18	204520	278059
81035	18	309355	510729
1068	18	570369	591524
27098	18	586998	660298
494514	18	639620	668340
7298	18	647590	683499
55556	18	660324	722662
7525	18	711592	822327
116	18	894366	922173
64863	18	2527524	2581489
10403	18	2561510	2626634
23347	18	2645886	2815015
84034	18	2836786	2924090
9663	18	2906992	3023313
8736	18	3056805	3230106
10627	18	3237472	3266234
103910	18	3252111	3288282
7050	18	3401925	3468409
9229	18	3486030	4465310
642597	18	5133672	5207507
7541	18	5279018	5307052
23136	18	5382380	5640662
645369	18	5879411	5905373
91133	18	5944705	6424910
79822	18	6719717	6925715
284217	18	6931743	7127813
339291	18	7221137	7242042
5797	18	7557314	8416859
201475	18	8599443	8649380
23255	18	8695659	8842776
4729	18	9092628	9144343
23253	18	9126751	9295983
57045	18	9324765	9412424
10928	18	9465530	9548106
9989	18	9536789	9624605
11031	18	9698228	9872553
84203	18	9875723	9899272
9218	18	9903955	9970018
147495	18	10444625	10498698
8774	18	10515873	10562766
101927376	18	10591291	10615760
63895	18	10660244	11158761
646000	18	11599557	11620611
2774	18	11679014	11895684
57132	18	11841389	11864448
65258	18	11873470	11918796
3613	18	11971427	12040885
342850	18	12083848	12139763
1149	18	12244318	12287594
84617	18	12298218	12336568
10939	18	12318943	12387275
10650	18	12397895	12442237
56907	18	12436511	12671456
56984	18	12648738	12735739
79959	18	12651748	12712776
5771	18	12775477	12894337
81929	18	12937983	12997536
55125	18	12981352	13135052
753	18	13208729	13662753
125228	18	13653346	13736591
8731	18	13716659	13774555
4161	18	13815543	13836861
4158	18	13872043	13925535
162655	18	14065989	14142489
388468	18	14501737	14553599
374860	18	14738239	14862737
6093	18	18519701	18701812
80000	18	18812203	19115384
114799	18	19099242	19190697
6632	18	19182260	19220208
171586	18	19220858	19294766
57534	18	19311290	19460918
2627	18	19739404	19792491
64693	18	19983564	20007878
5932	18	20503295	20616451
91768	18	20704528	20850434
85019	18	20865977	21027925
8780	18	21022787	21073104
29919	18	21073434	21123311
4864	18	21076148	21176581
147463	18	21169977	21252849
3909	18	21259562	21545030
125488	18	21562737	21725574
26256	18	21708920	21751564
114876	18	21732009	21987846
55364	18	21996609	22043499
59340	18	22030593	22069921
25925	18	22631888	22942214
6760	18	23586217	23681176
143471	18	23703816	23783319
6875	18	23796409	23981649
284252	18	24024874	24247365
361	18	24422007	24455735
83539	18	24484554	24775302
1000	18	25520930	25767445
1825	18	28560052	28632781
1824	18	28635938	28692388
1823	18	28699199	28752819
1828	18	28888052	28947394
147409	18	28946740	29003880
1830	18	29017732	29068665
1829	18	29068027	29138814
7276	18	29161730	29188987
9331	18	29192209	29316560
147407	18	29329659	29350843
22878	18	29399136	29533175
54941	18	29588445	29663154
51444	18	29661818	29721524
4225	18	29759987	29810367
64762	18	29833484	30060447
57565	18	30242634	30363815
374864	18	30507225	31030685
80816	18	31148541	31341159
8715	18	31421064	31813515
1837	18	32063254	32481808
10982	18	32546892	32733434
84307	18	32810994	32848397
100101467	18	32821023	32880196
7572	18	32902178	32934428
252884	18	32936661	32967301
125476	18	33022194	33088110
2589	18	33197400	33301798
83608	18	33542588	33569250
55197	18	33559787	33657538
25800	18	33678494	33719357
55250	18	33699837	33764688
55034	18	33757480	33858685
80206	18	33867677	34370019
25941	18	34349513	34419179
57536	18	34399069	34822095
56853	18	34813003	35156000
5289	18	39525165	39672272
6014	18	40313183	40705676
6860	18	40837857	40867615
26040	18	42248849	42658475
8170	18	42782947	43273072
6563	18	43294088	43342485
284266	18	43395545	43432521
57724	18	43417574	43557305
9050	18	43553502	43662250
498	18	43654110	43694199
115106	18	43674298	43718299
147339	18	43743519	43856955
494470	18	43896772	44051159
125336	18	44046935	44246996
29906	18	44249081	44347039
9063	18	44378900	44510130
83473	18	44487565	44638614
100506888	18	44532731	44554607
728929	18	44538658	44560298
162699	18	44544573	44566449
51224	18	44548943	44571988
84064	18	44623781	44686891
51124	18	44671390	44712745
652991	18	44728460	44785554
4087	18	45349466	45467564
201501	18	45543043	45945793
9811	18	46055427	46399588
4092	18	46436223	46487081
54808	18	46557846	46997172
497661	18	46997548	47023644
100526842	18	46997548	47028935
6139	18	47004851	47028935
9388	18	47077069	47129278
10449	18	47299874	47350306
4645	18	47339156	47731542
220136	18	47743563	47802865
4152	18	47783252	47818144
30827	18	47798713	47824692
220134	18	47891392	47930538
5596	18	48076484	48268196
83876	18	48311490	48361808
4200	18	48395432	48486165
55520	18	48484387	48524491
4089	18	48546583	48621412
51320	18	48690920	48734051
1630	18	49856542	51072273
8932	18	51667971	51761158
11201	18	51785849	51847583
147323	18	51841062	51890943
162681	18	51874284	51918404
284254	18	52248390	52276724
5874	18	52375097	52572747
80323	18	52558740	52636739
6925	18	52879562	53313252
9352	18	54260053	54315920
23335	18	54308590	54707036
284257	18	54804293	54827639
51046	18	55009721	55046162
9480	18	55092917	55168530
2235	18	55202073	55263969
4677	18	55257888	55299177
100505549	18	55287534	55346508
5205	18	55303658	55480327
23327	18	55701580	56078772
115701	18	56138479	56306189
101927322	18	56327241	56348761
10892	18	56328618	56427371
55205	18	56519832	56663709
90701	18	56796709	56836069
2922	18	56877400	56908003
30062	18	56924267	56950625
339302	18	56952634	56995881
3998	18	56985055	57036508
147372	18	57088171	57374860
5366	18	57557153	57581538
4160	18	58028564	58050001
28316	18	58990815	59247123
220441	18	59465300	59571634
23556	18	59701457	59864289
57614	18	59844506	59984355
8792	18	59982520	60064943
54877	18	60180658	60264942
23239	18	60372672	60657676
596	18	60780579	60997011
2531	18	60984971	61044506
9525	18	61046423	61099752
5268	18	61134144	61182318
89777	18	61213393	61244336
5275	18	61244431	61276433
6318	18	61294493	61321502
6317	18	61312431	61339259
89778	18	61360194	61401123
8710	18	61410281	61482610
5055	18	61544939	61581124
5273	18	61565224	61612948
284293	18	61606588	61637646
5271	18	61627263	61666608
1005	18	63407488	63558175
28513	18	64158320	64281375
92126	18	65163819	65193967
54495	18	66330925	66392535
79839	18	66372466	66766517
220164	18	67058284	67526323
10666	18	67520192	67634412
25914	18	67661040	67882962
9306	18	67946137	68007435
220158	18	68287755	68328093
147381	18	70193915	70221723
81832	18	70399549	70544828
100505797	18	70525047	70558634
201456	18	71730588	71825100
29090	18	71805746	71836204
1528	18	71910527	71969251
644041	18	71973110	72036422
125704	18	72092963	72135070
55748	18	72153500	72200689
84735	18	72191692	72262261
55628	18	72255106	72787628
284273	18	72899278	72931281
10194	18	72912710	73011905
284274	18	73111827	73149589
9658	18	74059637	74217146
101927989	18	74189915	74215874
400658	18	74197477	74220045
7776	18	74525149	74692688
4155	18	74680789	74854774
2587	18	74952008	74992098
27164	18	76730275	76769770
374868	18	76819394	77148283
100996274	18	76894758	76916912
4772	18	77145772	77299323
9150	18	77429801	77524510
26251	18	77613668	77669816
80148	18	77652420	77721664
440498	18	77714582	77740822
10907	18	77722867	77758546
79863	18	77784346	77820652
22850	18	77856915	77908229
84552	18	77905115	78015397
81099	19	97152	121690
101928344	19	213866	249827
8612	19	271040	301435
101929060	19	291450	314505
54531	19	295575	354791
51298	19	351750	386688
126567	19	395443	419170
25759	19	406583	470996
284451	19	453346	484983
8174	19	486487	515343
91978	19	497497	529654
997	19	521720	552087
3004	19	534034	559920
682	19	561277	593493
610	19	579893	627159
5442	19	607223	643665
27006	19	629901	653824
55658	19	637526	673313
10272	19	666389	693392
400668	19	675546	705462
5064	19	698953	758330
126353	19	740910	774318
5725	19	787392	822327
79948	19	802488	831952
566	19	817831	842017
5657	19	830985	858175
1991	19	840989	866246
1675	19	849665	873624
10025	19	857961	903218
91300	19	886503	923225
84634	19	907342	931015
1820	19	915733	982816
57418	19	974328	1004569
116444	19	990437	1019723
91304	19	999650	1031173
1265	19	1016274	1049064
10347	19	1030102	1075571
23526	19	1055922	1096627
5434	19	1076578	1105391
2879	19	1093936	1116787
22904	19	1097633	1184282
6794	19	1195798	1238434
255057	19	1218059	1247990
513	19	1231749	1254824
90007	19	1238552	1269142
1153	19	1259267	1284809
55009	19	1265520	1289243
1943	19	1276153	1311430
84939	19	1344976	1388430
374291	19	1373526	1405588
2593	19	1387025	1411569
26528	19	1397584	1445683
6209	19	1428363	1450494
10297	19	1436269	1483243
148223	19	1463200	1489555
54760	19	1471427	1500886
92840	19	1481165	1507924
339366	19	1495017	1523188
126520	19	1514073	1545455
399664	19	1544668	1578057
53615	19	1566670	1602760
10975	19	1587154	1615483
6929	19	1599289	1662328
390874	19	1743662	1785444
148229	19	1772074	1822275
57455	19	1805245	1858520
83855	19	1842398	1873564
81926	19	1866975	1895518
113178	19	1895213	1936012
113179	19	1895371	1923446
1455	19	1931148	1991337
55643	19	1975437	2025702
2872	19	2027470	2061243
126308	19	2061031	2106501
113177	19	2086422	2109586
8943	19	2090987	2161556
84444	19	2154148	2242577
55111	19	2223149	2247703
8175	19	2226816	2258678
268	19	2239113	2262072
126306	19	2242250	2266422
4946	19	2259520	2283487
374872	19	2264631	2292181
645191	19	2279774	2318156
51690	19	2311520	2338614
56928	19	2318629	2365100
360200	19	2371507	2436480
26517	19	2415622	2437914
84823	19	2418163	2466966
4616	19	2466123	2488257
101929097	19	2501216	2523569
2788	19	2501218	2712746
148252	19	2704565	2731390
29985	19	2719925	2750074
6449	19	2744711	2793363
7064	19	2775464	2823599
115196	19	2809872	2846733
148254	19	2831433	2870472
80032	19	2857333	2888515
126295	19	2890896	2928641
101928631	19	2905631	2937514
58492	19	2923216	2954969
79816	19	2967536	3005182
7089	19	2987636	3057846
166	19	3042908	3072964
2767	19	3084408	3131468
2769	19	3126191	3173766
8698	19	3168250	3190335
56926	19	3175875	3219573
60680	19	3214701	3307074
4782	19	3349561	3479215
284422	19	3464405	3490540
83475	19	3480819	3510938
51343	19	3496261	3546755
126321	19	3528263	3567582
100128569	19	3528674	3554121
10362	19	3562936	3589081
126326	19	3575557	3603539
6915	19	3584504	3616831
58509	19	3600626	3636813
23396	19	3620179	3710484
27134	19	3698335	3760811
9546	19	3740771	3771673
116541	19	3752665	3777563
84839	19	3759087	3782219
4145	19	3767967	3811810
23217	19	3794022	3879027
85300	19	3870618	3938080
27231	19	3923101	3952414
1613	19	3948451	3981097
1938	19	3966054	3995477
51588	19	3997749	4048067
51341	19	4035216	4076816
5605	19	4080319	4134126
84699	19	4143598	4183051
51548	19	4164106	4192596
170961	19	4172665	4234811
10148	19	4219540	4247525
55702	19	4237111	4279085
56961	19	4268598	4300720
126259	19	4282224	4312428
79187	19	4294591	4333843
55620	19	4314040	4352783
84954	19	4333524	4370083
6455	19	4350364	4410565
10036	19	4392660	4453394
80700	19	4435003	4467791
84717	19	4462255	4512223
729359	19	4492192	4528529
440503	19	4512543	4545208
116844	19	4527227	4550036
10501	19	4532600	4569771
126282	19	4629527	4665580
56005	19	4647557	4680415
91039	19	4665239	4733855
100131094	19	4669294	4695960
55527	19	4781728	4805571
148022	19	4805936	4841754
10226	19	4828346	4877780
645432	19	4880449	4912879
29128	19	4899510	4972165
23030	19	4959123	5163609
5802	19	5195514	5350814
148066	19	5445426	5466867
9667	19	5577007	5632991
6294	19	5613046	5678489
125988	19	5668425	5690911
374875	19	5670776	5698534
25873	19	5680272	5701678
9361	19	5681845	5730463
257062	19	5710688	5788742
163154	19	5772971	5794776
56931	19	5775151	5801249
4902	19	5813818	5838335
2528	19	5820637	5849764
2525	19	5832899	5861485
2527	19	5855837	5880551
126328	19	5881287	5914024
400673	19	5894852	5920263
828	19	5903659	5926222
8498	19	5906150	5988320
5990	19	5983175	6120664
81616	19	6125654	6203113
4298	19	6200392	6289959
125981	19	6296510	6343640
8192	19	6351463	6378915
84266	19	6362444	6385261
5623	19	6365305	6385860
2962	19	6369580	6403291
390877	19	6386362	6422415
8570	19	6403115	6434822
284427	19	6416048	6443790
79085	19	6426092	6470232
92359	19	6453788	6477232
79958	19	6457218	6491798
10382	19	6484330	6512595
8744	19	6521010	6545939
970	19	6572969	6601163
8740	19	6651264	6680599
718	19	6667846	6730662
56927	19	6719925	6747633
9322	19	6729693	6761529
10045	19	6742171	6777531
7409	19	6762679	6867377
2015	19	6877560	6950464
729458	19	7009172	7031494
284428	19	7020594	7043022
653656	19	7027755	7050184
125997	19	7039351	7061746
653657	19	7046216	7068645
79230	19	7059471	7097979
3643	19	7102266	7304011
23370	19	7410481	7547371
92960	19	7531756	7565884
374877	19	7552445	7583336
140467	19	7570169	7595911
57192	19	7577496	7608895
10908	19	7589033	7636653
57662	19	7650774	7693196
56949	19	7674411	7704439
100131801	19	7684671	7706510
126006	19	7686501	7711282
6813	19	7691987	7722760
56729	19	7723972	7745340
199675	19	7731943	7754719
126003	19	7735707	7757748
2208	19	7743643	7777036
339390	19	7783843	7807057
30835	19	7794879	7822499
10332	19	7818035	7844491
115704	19	7885161	7939862
80164	19	7923605	7949326
80131	19	7943390	7976908
5609	19	7958665	7989363
100507588	19	7971032	7993980
6618	19	7975194	7998136
404217	19	7979381	8001051
10469	19	7981603	8018708
1994	19	8013457	8080529
6370	19	8107224	8137547
84467	19	8120286	8224730
79603	19	8264217	8337305
51293	19	8357011	8383439
4701	19	8363492	8396452
6234	19	8376384	8397280
256949	19	8377468	8418146
51129	19	8419011	8449257
9230	19	8445205	8479318
51257	19	8468187	8513901
4670	19	8499460	8564002
84106	19	8544940	8577538
84330	19	8565462	8589048
4542	19	8575674	8652331
81794	19	8635124	8685588
284382	19	8797751	8819172
284383	19	8831391	8852335
148156	19	8910250	8952972
85509	19	8933074	8964016
94025	19	8949516	9102018
125963	19	9193921	9214862
390882	19	9202945	9223982
125962	19	9215504	9236439
390883	19	9226688	9247626
57693	19	9241056	9284091
162998	19	9286270	9309493
125958	19	9314526	9335547
26648	19	9351720	9372739
374879	19	9394246	9430390
84527	19	9424448	9471838
100529215	19	9424902	9503293
7730	19	9463696	9503293
10781	19	9513102	9556254
147741	19	9567031	9619279
79088	19	9628667	9659638
7675	19	9666292	9705209
93134	19	9708002	9741916
54811	19	9749330	9795776
729648	19	9790189	9821493
162993	19	9857845	9906834
100505555	19	9888088	9913862
54850	19	9910943	9940101
59286	19	9928556	9950797
5300	19	9935883	9970365
93145	19	9954394	10057070
50509	19	10060237	10131147
50700	19	10113925	10142954
55337	19	10186806	10213928
83854	19	10193013	10225710
56342	19	10206899	10231975
692312	19	10206899	10236065
5032	19	10212197	10236065
8666	19	10215690	10240599
1786	19	10234021	10315783
9294	19	10322109	10351948
51073	19	10352640	10380736
3383	19	10370707	10407291
3386	19	10387643	10409260
7087	19	10390655	10417454
100125288	19	10405479	10430233
112812	19	10410887	10437241
125950	19	10416888	10454314
3385	19	10434452	10460345
7297	19	10451204	10501248
11140	19	10491809	10524271
5141	19	10517449	10590307
9817	19	10586796	10624054
53637	19	10613418	10638668
84971	19	10644570	10674099
65095	19	10653761	10686702
1032	19	10667138	10689655
10053	19	10673347	10707991
57153	19	10703121	10765235
3609	19	10754937	10813095
81890	19	10802112	10834043
1785	19	10818729	10954169
11018	19	10932743	10956983
255809	19	10937304	10990466
10498	19	10972253	11043453
78992	19	11023444	11049357
90580	19	11029424	11050917
6597	19	11061598	11182958
3949	19	11190037	11254506
147841	19	11247444	11276563
25959	19	11264943	11318243
57572	19	11299969	11383168
55908	19	11340295	11362619
26526	19	11396798	11447672
9545	19	11422722	11460344
374882	19	11443452	11467065
126075	19	11447160	11475620
64748	19	11456062	11486374
126074	19	11475383	11497627
2057	19	11477881	11505018
57139	19	11494732	11540018
115948	19	11521272	11556853
5589	19	11536111	11571783
1995	19	11552143	11601806
115950	19	11584242	11626738
51295	19	11606731	11649987
1264	19	11639579	11671139
84337	19	11653858	11680051
54	19	11675475	11699801
199692	19	11698235	11739974
55552	19	11822080	11859824
126068	19	11867815	11904893
126069	19	11899391	11929470
126070	19	11915099	11956016
90594	19	11949541	11990306
7620	19	11988633	12035366
90592	19	12025883	12071588
284390	19	12065796	12101214
163059	19	12115532	12156525
729747	19	12144620	12173782
284391	19	12165546	12198626
7568	19	12232165	12261222
90589	19	12245705	12277546
7695	19	12263872	12310064
101060181	19	12348059	12387172
51710	19	12348059	12415714
147837	19	12418291	12454534
79973	19	12450185	12486475
90576	19	12490828	12522088
10224	19	12527710	12561926
163051	19	12561998	12605632
163050	19	12626184	12701789
57474	19	12676920	12731623
163049	19	12711732	12750676
4125	19	12747322	12787591
84292	19	12767618	12796646
51398	19	12768881	12790465
1725	19	12776531	12802701
648044	19	12788791	12809230
84261	19	12789730	12817649
30000	19	12800008	12844838
79002	19	12831454	12855529
439	19	12838306	12869137
54831	19	12852600	12879272
29911	19	12863817	12899248
3726	19	12892310	12914125
7001	19	12897634	12922724
10535	19	12902863	12934462
83546	19	12926291	12956242
22983	19	12939259	12995766
1777	19	12976025	13002409
10661	19	12985236	13008017
2639	19	12991943	13020813
256126	19	12999894	13040116
2193	19	13023284	13054558
811	19	13039414	13065304
5886	19	13046628	13074457
90480	19	13054970	13078068
199699	19	13070432	13095567
4784	19	13096584	13219610
4066	19	13198002	13223974
55621	19	13205714	13237573
112939	19	13218813	13261961
8677	19	13244872	13271188
9592	19	13251282	13275722
773	19	13307256	13627274
81576	19	13832574	13884108
84245	19	13865328	13895096
28974	19	13875257	13899587
65249	19	13896258	13953068
342977	19	13978063	14001571
79173	19	13983168	14026909
54862	19	14006956	14051693
79883	19	14032000	14074204
90379	19	14053319	14082256
5989	19	14062342	14127134
117579	19	14129017	14151783
9466	19	14132552	14173731
342979	19	14154179	14182908
113230	19	14173821	14195874
646457	19	14182444	14206607
90378	19	14189229	14211232
5566	19	14192500	14238559
55723	19	14220321	14257440
22859	19	14248549	14326997
976	19	14481403	14529537
10212	19	14509610	14540195
5585	19	14534166	14592679
5731	19	14573278	14596174
10755	19	14578571	14616961
3337	19	14615581	14650087
9524	19	14630379	14686792
4713	19	14666890	14692889
388512	19	14683896	14731956
84658	19	14720051	14795730
84449	19	14790711	14854558
30817	19	14833509	14899353
26664	19	14899943	14956188
26659	19	14927139	14949276
390892	19	14941760	14962689
26333	19	14981238	15002167
26658	19	15042301	15063260
6511	19	15050845	15131455
126402	19	15111539	15144083
23581	19	15150291	15179104
126370	19	15187877	15208944
85360	19	15208214	15235790
10994	19	15215785	15246610
4854	19	15260444	15321792
79852	19	15327730	15353858
23476	19	15338301	15453354
10270	19	15454332	15500638
26993	19	15480859	15539916
58525	19	15522318	15570767
64926	19	15552435	15585382
114770	19	15569456	15600315
126410	19	15609336	15673128
11283	19	15716029	15750448
4051	19	15741701	15781570
66002	19	15773567	15817984
26538	19	15828834	15849862
26532	19	15842203	15863153
284433	19	15894859	15915806
26539	19	15907817	15928936
8529	19	15978834	16018884
57834	19	16013180	16055676
126541	19	16049818	16070768
7171	19	16168317	16223815
4218	19	16212490	16254445
84941	19	16234838	16279381
117286	19	16262179	16294286
26017	19	16286235	16312857
8907	19	16298665	16356156
10365	19	16425651	16448345
58513	19	16456055	16592823
125972	19	16579767	16617015
84167	19	16597187	16642180
10523	19	16618700	16663341
79939	19	16650648	16693193
9441	19	16675718	16749015
79086	19	16731562	16780968
79041	19	16761938	16809830
284434	19	16820787	16938774
23309	19	16930209	17001166
9002	19	16989826	17012830
27151	19	16993762	17147625
93323	19	17150571	17196428
4650	19	17176591	17334104
55850	19	17316155	17340638
79629	19	17327040	17350028
2063	19	17332692	17366744
83878	19	17350537	17385605
29086	19	17368200	17400162
126549	19	17382454	17408455
79575	19	17392940	17424282
64981	19	17403616	17427652
79016	19	17410337	17444107
57719	19	17424032	17455638
84705	19	17435735	17463540
83483	19	17452264	17498137
684	19	17492238	17526458
93343	19	17506512	17546141
100130519	19	17536318	17569376
115861	19	17556234	17581725
376497	19	17571300	17626977
25796	19	17612278	17642097
199786	19	17624110	17674648
79709	19	17656511	17703968
23025	19	17702137	17809123
55201	19	17820303	17855324
23149	19	17848527	17909377
10331	19	17895919	17934385
3640	19	17917322	17942383
3718	19	17925591	17968880
6142	19	17960687	17984133
6528	19	17972641	18015983
115098	19	18033824	18064794
3780	19	18052111	18120133
27106	19	18101944	18134911
3594	19	18160371	18207806
23031	19	18198585	18272502
5296	19	18253988	18291343
10437	19	18274590	18298934
84769	19	18293986	18317552
5864	19	18297609	18324874
5143	19	18308771	18369010
80726	19	18357906	18395319
3727	19	18380563	18402432
25804	19	18407040	18444001
54858	19	18441397	18490763
9518	19	18486968	18509986
126364	19	18491947	18518428
170463	19	18519679	18555372
51477	19	18535198	18559111
8178	19	18543473	18642937
23770	19	18632568	18664887
79036	19	18658572	18690197
7311	19	18664576	18698270
55049	19	18689495	18713147
9244	19	18694035	18727660
25789	19	18713682	18741849
55295	19	18737835	18791308
23373	19	18784425	18903143
1311	19	18883583	18912114
5976	19	18932744	18989039
2657	19	18969361	19016953
10715	19	18969361	19017396
11316	19	19000323	19040199
54555	19	19020484	19049442
9454	19	19030010	19062041
10147	19	19091697	19154861
93436	19	19134387	19178987
284439	19	19164776	19233839
54929	19	19220425	19259310
100271849	19	19246376	19291098
4207	19	19246376	19313400
729991	19	19277713	19313400
8625	19	19293008	19322678
126382	19	19302223	19324238
1463	19	19312773	19373061
404037	19	19356450	19383596
53345	19	19364841	19394074
57794	19	19377320	19441321
23383	19	19421496	19479563
54815	19	19486642	19629741
83983	19	19615028	19636469
51079	19	19616550	19649858
374887	19	19629670	19658393
148113	19	19639057	19667468
80714	19	19662516	19739725
9170	19	19724464	19749039
51291	19	19730285	19764457
57130	19	19746007	19784512
94039	19	19768962	19801735
7561	19	19811281	19853921
440515	19	19886648	19942560
56242	19	19966639	20015099
81931	19	20001722	20056382
91120	19	20105227	20160277
7643	19	20178803	20241977
90649	19	20268020	20321299
100129842	19	20704067	20758626
199777	19	20792745	20854402
7639	19	21096059	21143503
80264	19	21193426	21252852
148206	19	21254953	21317897
170959	19	21314813	21381070
7562	19	21463963	21522219
284443	19	21569921	21620297
353088	19	21678437	21731079
400682	19	21790852	21849594
163227	19	21896417	21960430
7594	19	21977751	22044870
7757	19	22138897	22203745
113835	19	22225126	22284276
163223	19	22351903	22389753
100287226	19	22459252	22509978
148198	19	22563899	22615148
57615	19	22807126	22860472
7652	19	22924985	22976973
388523	19	23147685	23196010
100129543	19	23289777	23340014
7644	19	23530498	23588269
171392	19	23825583	23880036
148213	19	23911997	23951693
9534	19	24004991	24322770
101929206	19	24005249	24026066
730087	19	24087684	24126769
7386	19	29688167	29714136
342865	19	30007491	30065458
10775	19	30087170	30118162
79156	19	30146327	30176384
83636	19	30179793	30216696
898	19	30292805	30325224
8725	19	30404551	30517519
9745	19	30853328	31058966
101927254	19	31630820	31705976
57616	19	31755851	31850190
100507527	19	32069095	32094456
22847	19	32826514	32888573
147991	19	32886655	32986799
9141	19	33062071	33088358
84079	19	33077907	33176102
390916	19	33147186	33214702
388531	19	33156313	33179206
91646	19	33200679	33291714
11136	19	33311417	33370683
84902	19	33359904	33472930
91442	19	33453140	33478401
85415	19	33459498	33565824
55094	19	33561786	33631318
126248	19	33612949	33677830
4037	19	33675599	33709773
56301	19	33689570	33726756
1050	19	33780840	33803430
1054	19	33854575	33883592
5184	19	33867855	34022799
64377	19	34102861	34274414
79047	19	34277751	34316666
26065	19	34653352	34730420
9710	19	34735456	34856471
2821	19	34845645	34903318
84306	19	34885300	34927073
10054	19	34909264	34970798
126374	19	34962880	35002085
284402	19	35074346	35095490
55900	19	35158553	35187302
339318	19	35215103	35243774
148103	19	35238979	35274134
90075	19	35407807	35446076
126375	19	35437078	35465139
57655	19	35475688	35527375
6324	19	35511555	35541353
3249	19	35521410	35567481
5349	19	35596732	35625228
163175	19	35605417	35636178
5348	19	35619693	35643959
53822	19	35624154	35655205
53827	19	35635625	35670788
148109	19	35705704	35729628
51599	19	35729290	35768867
7392	19	35749896	35780724
57817	19	35763410	35786046
4099	19	35772989	35814710
933	19	35810069	35848264
2864	19	35831645	35854764
2865	19	35839249	35861391
2867	19	35929185	35952669
388533	19	35968226	35991433
93099	19	35978119	36014560
374897	19	36004269	36029253
26330	19	36014314	36046221
10430	19	36026502	36048429
495	19	36031095	36064560
23354	19	36093646	36126251
79171	19	36109980	36138587
2116	19	36122647	36146007
1340	19	36129125	36159686
11045	19	36147418	36179387
27033	19	36185389	36217940
9757	19	36198921	36239781
79713	19	36219957	36244075
199746	19	36223428	36246409
55851	19	36226478	36248056
55957	19	36229262	36255420
126393	19	36235467	36257930
148137	19	36239044	36270077
115703	19	36256417	36289724
58510	19	36280892	36314201
4868	19	36306274	36352895
84063	19	36332552	36368048
333	19	36348806	36380699
84807	19	36368854	36403205
10870	19	36383382	36405173
7305	19	36385303	36409211
79414	19	36418022	36446097
644096	19	36476090	36497220
163183	19	36484002	36509958
84964	19	36490022	36515145
101927572	19	36495375	36546874
25999	19	36495562	36533797
199745	19	36515886	36555664
284403	19	36535783	36606012
728361	19	36592105	36614613
5438	19	36594611	36616206
1155	19	36595888	36626849
826	19	36620918	36651255
1346	19	36631824	36653771
147929	19	36663187	36715986
7705	19	36695504	36739676
57677	19	36815355	36880126
284406	19	36872861	36919550
84924	19	36926021	36990804
339324	19	36991589	37029248
57711	19	37024517	37106178
84911	19	37086207	37129499
92283	19	37118283	37167740
163081	19	37168466	37222428
342892	19	37224380	37273717
728485	19	37254020	37277980
388536	19	37299224	37351689
25850	19	37331260	37394120
374899	19	37369026	37417193
374900	19	37397231	37498834
147923	19	37559319	37631221
199704	19	37628340	37673643
92285	19	37662481	37711632
163087	19	37698828	37744828
284459	19	37815580	37865357
84503	19	37852007	37893967
148266	19	37891778	37970167
148268	19	37948463	37986242
390927	19	37987323	38044239
163255	19	38032273	38115080
51276	19	38045155	38095673
22835	19	38113386	38158129
163115	19	38148650	38193216
84775	19	38177264	38220691
126231	19	38219203	38280230
83889	19	38365213	38407317
23094	19	38387525	38709009
8193	19	38691649	38730317
94274	19	38731877	38757231
10653	19	38745098	38793254
90522	19	38784200	38816615
64073	19	38784804	38805646
9424	19	38800484	38829654
57828	19	38816443	38871589
5714	19	38855190	38884464
199720	19	38864992	38889096
399473	19	38870840	38900524
147965	19	38883775	38909728
115727	19	38889695	38926945
6261	19	38914340	39088204
11184	19	39068281	39118643
27335	19	39099722	39137595
81	19	39128256	39231336
147968	19	39210832	39245114
3963	19	39251608	39274157
653499	19	39269850	39292394
3960	19	39282311	39313740
1891	19	39296062	39332497
3191	19	39317028	39352979
126432	19	39348470	39378919
22933	19	39359195	39400502
4793	19	39380340	39409534
643669	19	39389620	39412798
54938	19	39395904	39431536
6183	19	39411348	39433660
115290	19	39422041	39476453
126433	19	39504661	39533198
390928	19	39564945	39612129
10298	19	39606417	39680046
342897	19	39677604	39702522
342898	19	39683562	39704906
282617	19	39724272	39745916
101180976	19	39726954	39749496
282616	19	39749157	39770732
282618	19	39776965	39799312
57622	19	39787457	39816740
9535	19	39808999	39836726
55095	19	39823108	39886340
54623	19	39866269	39891835
55588	19	39871893	39901203
7538	19	39887487	39910052
64857	19	39893222	39929055
6217	19	39913847	39936660
6829	19	39926186	39977310
92609	19	39961052	39991528
10683	19	39979557	40009121
348303	19	39995753	40021326
126272	19	40011630	40033494
163126	19	40019446	40040838
29124	19	40083169	40108114
148003	19	40136558	40161287
56891	19	40184946	40210088
1178	19	40211893	40238669
342900	19	40257234	40286775
9149	19	40305990	40334841
2091	19	40315093	40347054
8857	19	40343963	40450910
5704	19	40466912	40497671
339327	19	40492943	40533514
163131	19	40524167	40572125
284323	19	40565059	40606845
4294	19	40687504	40731487
148014	19	40711965	40734306
79935	19	40718115	40742674
208	19	40726224	40801443
126526	19	40816967	40864434
23646	19	40844302	40894392
147746	19	40875178	40906094
57716	19	40889671	40929279
29950	19	40918408	40941932
29946	19	40936748	40960282
645	19	40943691	40981725
57731	19	40963050	41092365
92799	19	41072757	41107305
8425	19	41089072	41145725
9253	19	41161810	41206556
79934	19	41187434	41232790
80271	19	41212885	41256765
284325	19	41236761	41266533
6626	19	41246725	41281297
8190	19	41271082	41293398
53916	19	41273670	41312849
112398	19	41295048	41324346
1548	19	41339441	41366360
1549	19	41371344	41398657
1555	19	41487138	41534308
1553	19	41584356	41612100
1572	19	41610312	41644286
29785	19	41689115	41723444
558	19	41715104	41777672
11100	19	41758391	41823811
90324	19	41806094	41840788
7040	19	41826812	41869831
641649	19	41846873	41899988
80776	19	41850322	41880078
56915	19	41882275	41913289
593	19	41893694	41940910
374907	19	41921264	41944635
55101	19	41927223	41955843
100170765	19	41939063	41960670
90273	19	42045886	42103255
1089	19	42115344	42143442
1087	19	42167235	42202196
1048	19	42202530	42244437
4680	19	42249398	42286113
1084	19	42290522	42325591
147719	19	42329356	42358774
63946	19	42338806	42366398
6223	19	42353988	42385484
973	19	42371190	42395439
9138	19	42377240	42421604
390937	19	42402093	42442229
10567	19	42450833	42473530
478	19	42460628	42508428
2901	19	42492468	42584278
64763	19	42569057	42595719
5452	19	42580262	42646625
162989	19	42692745	42734304
116115	19	42714492	42742353
2931	19	42724338	42756736
2077	19	42741717	42769309
23152	19	42778734	42809949
5050	19	42791185	42816952
284338	19	42796284	42824973
284339	19	42807477	42839214
1954	19	42819730	42892921
84518	19	42881171	42904444
3991	19	42895664	42941578
284340	19	42922695	42957136
634	19	43001458	43042661
1088	19	43074393	43109082
5671	19	43215794	43254668
440533	19	43246839	43279831
5669	19	43360613	43393921
5675	19	43396234	43432076
5676	19	43418284	43451330
5680	19	43501809	43540658
5670	19	43558362	43596893
5673	19	43661895	43700688
5672	19	43686854	43719926
5678	19	43747434	43783709
57126	19	43847825	43877480
83639	19	43882763	43932767
27076	19	43954946	43979831
653583	19	43969255	44019073
23474	19	44000871	44041408
284346	19	44027244	44050290
7515	19	44037464	44089730
390940	19	44070952	44096256
126298	19	44078519	44110287
79177	19	44090544	44114587
126299	19	44101376	44134298
100170229	19	44106253	44128650
199731	19	44116519	44153991
5329	19	44140247	44184498
56269	19	44210214	44234173
56006	19	44222851	44269142
3783	19	44260685	44296269
284348	19	44290079	44334808
284349	19	44321445	44363050
342908	19	44366515	44398116
7596	19	44406776	44449411
7638	19	44445375	44481752
7711	19	44462014	44512477
7773	19	44497077	44528072
7673	19	44519494	44547263
7766	19	44546164	44582142
342909	19	44566297	44601623
7767	19	44588482	44623997
7768	19	44607528	44647255
10780	19	44635710	44674462
7769	19	44659215	44692534
7770	19	44706684	44751421
353355	19	44754033	44789470
9310	19	44780501	44819606
7771	19	44820706	44870856
26974	19	44879808	44915777
7772	19	44920423	44962766
7733	19	44968645	45014574
125931	19	45000211	45043548
147710	19	45106911	45150081
5817	19	45137098	45179429
56971	19	45164724	45197631
388551	19	45192421	45223986
602	19	45236070	45273301
23624	19	45271126	45313903
4059	19	45302316	45334678
5819	19	45339393	45402485
10452	19	45384477	45416946
348	19	45399039	45422650
341	19	45407577	45432606
346	19	45435495	45458753
344	19	45439239	45462822
1209	19	45447842	45506604
5971	19	45494707	45551456
11129	19	45532298	45584214
162979	19	45564758	45589688
79760	19	45569024	45604782
284352	19	45586431	45660543
284353	19	45643008	45673408
79090	19	45656186	45691501
388552	19	45672003	45695058
90332	19	45705879	45747469
57787	19	45744516	45818541
1158	19	45799671	45836302
147700	19	45833998	45864864
2068	19	45844649	45883845
10848	19	45872892	45919787
10849	19	45899467	45924024
2067	19	45900591	45992241
2354	19	45961253	45988437
6253	19	45978546	46010313
147699	19	45991731	46015768
7408	19	46000688	46040247
80207	19	46021025	46098122
2828	19	46083022	46115466
24139	19	46102658	46158775
2696	19	46161490	46195717
6633	19	46180712	46205569
54814	19	46185741	46217248
23403	19	46203887	46244151
388553	19	46226515	46277376
147912	19	46258043	46282497
1760	19	46262975	46295815
1762	19	46276205	46306060
81492	19	46288968	46328605
8189	19	46308700	46376548
3171	19	46357518	46387055
26145	19	46376866	46399376
339344	19	46383281	46415862
339345	19	46406472	46428036
4858	19	46432771	46486657
729440	19	46488719	46531874
8993	19	46512411	46536556
444882	19	46533006	46554274
388555	19	46613328	46637931
147920	19	46641039	46674561
374918	19	46723009	46744500
64344	19	46790303	46856690
5536	19	46840251	46906238
83987	19	46903586	46926919
55228	19	46959748	46984820
100506012	19	46974045	47114457
57469	19	46984448	47009169
808	19	47094512	47124039
5739	19	47104585	47138375
94235	19	47127333	47147939
147906	19	47140869	47174395
25865	19	47167573	47230384
29888	19	47212768	47260251
79147	19	47239303	47271832
6510	19	47253587	47302280
1175	19	47331423	47364203
2909	19	47411824	47518334
4861	19	47513077	47559033
54958	19	47539167	47561882
23211	19	47557444	47627009
10055	19	47624080	47723893
27113	19	47714079	47746023
26093	19	47749731	47787329
255783	19	47767659	47788980
728	19	47803104	47835327
27202	19	47825404	47855272
9704	19	47842538	47895961
56917	19	47896375	47932785
6543	19	47921274	47985307
11133	19	47968398	47997521
8775	19	47980891	48028515
84215	19	48013942	48085994
29998	19	48101453	48216534
30846	19	48206601	48256391
29997	19	48238793	48270323
6415	19	48271842	48297939
284355	19	48294500	48332308
1406	19	48313807	48356587
6822	19	48363723	48399654
100131137	19	48461303	48505427
64100	19	48487908	48538410
56344	19	48522640	48557311
8605	19	48541100	48624109
3978	19	48608702	48683852
374920	19	48663952	48710879
22900	19	48701343	48769203
163071	19	48764354	48800863
93233	19	48789709	48835191
2014	19	48818629	48843810
55260	19	48825613	48877489
23546	19	48857559	48889634
10945	19	48875827	48904810
2906	19	48888132	48958188
83743	19	48939030	48967164
3770	19	48948964	48979367
9266	19	48962465	48995571
114783	19	48978528	49026446
6820	19	49045429	49112684
54854	19	49093857	49128098
171169	19	49100000	49120971
6141	19	49108584	49132675
56848	19	49112548	49143974
1628	19	49123817	49150639
770	19	49131272	49159451
126147	19	49154664	49186264
2524	19	49189228	49219191
284358	19	49205999	49232976
54922	19	49213842	49254136
284359	19	49234073	49260831
2523	19	49241268	49268647
26291	19	49248816	49271587
587	19	49288319	49324320
51171	19	49306274	49349935
57664	19	49330349	49381884
23645	19	49365649	49389319
7288	19	49374222	49411996
4924	19	49393307	49436540
27294	19	49426939	49458226
581	19	49448117	49475055
2512	19	49457659	49480136
2997	19	49461382	49506610
10856	19	49486738	49529183
3972	19	49509237	49530350
1082	19	49516126	49537632
114336	19	49525130	49546495
114335	19	49528826	49550191
93659	19	49537102	49558568
94115	19	49540895	49562368
94027	19	49547531	49571603
4909	19	49554323	49578333
3743	19	49560675	49586198
6625	19	49578465	49621870
64130	19	49607618	49631717
55150	19	49611654	49632397
8541	19	49612646	49664287
3270	19	49644455	49668686
54795	19	49651016	49725098
28968	19	49782889	49838521
951	19	49828632	49853863
8463	19	49833852	49875714
27120	19	49856466	49888373
147872	19	49881475	49931256
113091	19	49915671	49936698
100507003	19	49919688	49942075
57030	19	49922655	49955617
55011	19	49939550	49965266
126133	19	49946473	49984305
2323	19	49967455	49999491
23521	19	49980811	50005565
6205	19	49989622	50012969
2217	19	50005536	50039685
57333	19	50020875	50056891
51070	19	50048725	50093845
5639	19	50074574	50104272
57479	19	50084912	50139696
6237	19	50128552	50153400
58506	19	50135382	50171906
3661	19	50152826	50179132
83596	19	50158399	50187173
3276	19	50170409	50201707
199800	19	50181942	50204247
126129	19	50184363	50226988
60385	19	50233011	50276587
160	19	50260180	50320369
80199	19	50300123	50326567
81857	19	50311319	50350237
53635	19	50343667	50373999
11284	19	50354460	50380840
84335	19	50362290	50391613
79735	19	50370682	50402007
259307	19	50382911	50442796
23636	19	50400082	50442988
22809	19	50421959	50447193
114132	19	50442250	50474439
51231	19	50469724	50539274
25888	19	50518786	50562033
100287477	19	50551973	50657102
126123	19	50645805	50676538
79784	19	50696885	50823801
3748	19	50808765	50842634
9476	19	50851734	50878931
7376	19	50869680	50896285
5424	19	50877531	50931275
6689	19	50912195	50944310
4606	19	50926160	50979583
112703	19	50960045	50990085
284361	19	50969736	50996608
126119	19	50999254	51024612
554235	19	51004857	51028689
94030	19	51010149	51081302
84258	19	51115234	51153092
342918	19	51142702	51172567
50944	19	51153052	51230195
6320	19	51216588	51238981
2854	19	51263721	51284989
93650	19	51283672	51308481
84798	19	51290961	51317974
3816	19	51312402	51337043
55554	19	51318545	51344779
354	19	51348171	51374020
3817	19	51366689	51393823
9622	19	51399608	51423994
25818	19	51436559	51466344
5653	19	51451887	51482929
5650	19	51469735	51497320
11202	19	51489264	51514958
284366	19	51495769	51522890
5655	19	51506000	51533431
11012	19	51515487	51541290
43849	19	51522348	51548486
26085	19	51549021	51578367
43847	19	51571154	51597502
90353	19	51590863	51621647
27180	19	51618137	51649520
27036	19	51635558	51666783
945	19	51718335	51753274
284369	19	51744332	51782582
402665	19	51805102	51844102
147645	19	51824795	51855378
2109	19	51838409	51879672
125875	19	51860352	51882498
4818	19	51864874	51885976
3982	19	51873163	51901210
147646	19	51881543	51903828
89790	19	51903275	51931057
100129083	19	51909160	51930679
27181	19	51944251	51971708
729767	19	51971897	52003859
89858	19	51984613	52015043
946	19	52010951	52045110
7728	19	52064531	52102991
8778	19	52104756	52143727
100049587	19	52135806	52160132
3036	19	52206365	52237239
2357	19	52239023	52265150
2358	19	52254453	52283779
2359	19	52288411	52339334
84765	19	52349056	52401229
65251	19	52382488	52418305
79898	19	52420688	52459011
59348	19	52457593	52500079
284370	19	52484587	52521494
80110	19	52506577	52541680
9668	19	52526677	52562073
284371	19	52557719	52609021
90317	19	52606344	52653191
162962	19	52648039	52684896
5518	19	52683055	52739678
90321	19	52762824	52805979
147657	19	52790426	52839180
162963	19	52829498	52880376
400713	19	52863170	52899048
84436	19	52890771	52931661
147658	19	52922394	52952720
147660	19	52946829	53030131
388558	19	53020905	53069502
55762	19	53063526	53100427
55769	19	53105617	53203834
81856	19	53196066	53248307
162966	19	53258747	53300034
7576	19	53290661	53334922
90333	19	53331785	53370902
162967	19	53369425	53404599
388559	19	53399168	53436930
100529240	19	53420388	53476164
125893	19	53442632	53476164
147664	19	53507344	53529833
100271846	19	53537991	53564380
90338	19	53559181	53616690
55786	19	53601132	53646173
84671	19	53631553	53672322
79788	19	53656552	53706619
342926	19	53728638	53768219
317701	19	53751545	53772855
317703	19	53760013	53780918
112401	19	53782854	53804875
91664	19	53827002	53868122
91661	19	53888397	53925262
388561	19	53925227	53971515
126017	19	53960989	54007546
55422	19	54014177	54093523
503834	19	54125310	54150263
91662	19	54286838	54337657
91663	19	54359611	54389689
5582	19	54375467	54420906
59284	19	54402704	54457195
59283	19	54456290	54503469
59285	19	54484403	54525920
284415	19	54534079	54577207
441864	19	54563149	54594634
126014	19	54587933	54614159
4696	19	54596160	54620281
29844	19	54600320	54629055
26121	19	54608790	54645150
4849	19	54631436	54669446
79165	19	54649377	54673446
147798	19	54653833	54686944
79143	19	54667106	54703733
79042	19	54684112	54708394
6203	19	54694608	54721515
11025	19	54710147	54736997
79168	19	54730469	54756724
10990	19	54744270	54771167
10288	19	54767675	54795033
11026	19	54789854	54814625
353514	19	54808353	54834409
23547	19	54834473	54860421
3903	19	54855235	54892241
57348	19	54916605	54957899
114823	19	54949605	54983196
94059	19	54962976	54984894
148170	19	54966210	54994422
3904	19	55004013	55031900
11027	19	55074469	55109027
11024	19	55095041	55123846
10859	19	55118384	55159007
11006	19	55164271	55191810
115653	19	55225984	55258003
3804	19	55239974	55274504
3802	19	55271265	55305778
3805	19	55294500	55335972
3811	19	55317893	55352233
3809	19	55334174	55370023
3812	19	55351898	55388670
2204	19	55375549	55411839
9437	19	55407504	55434454
199713	19	55424857	55487611
55655	19	55466652	55522510
51206	19	55515073	55559632
112724	19	55545684	55590914
54869	19	55577221	55609291
54776	19	55592281	55638968
7138	19	55634161	55670752
7137	19	55653135	55679100
352909	19	55660029	55688090
6861	19	55672571	55701809
5794	19	55682615	55730874
255043	19	55728002	55750632
22870	19	55731147	55780038
23640	19	55763591	55801751
84446	19	55783440	55833930
284417	19	55813653	55855416
84787	19	55841221	55869489
125965	19	55851070	55876182
284418	19	55856276	55884620
3589	19	55865750	55891831
147744	19	55878204	55899612
388564	19	55880612	55905627
6158	19	55887300	55924616
27338	19	55902650	55929325
729956	19	55930105	55964230
79763	19	55954345	55983070
89887	19	55977699	56005854
57106	19	55986557	56008935
284297	19	55989870	56040466
646643	19	56030780	56058435
100130827	19	56042023	56066909
163033	19	56078891	56102211
84922	19	56092737	56120893
147807	19	56101730	56124504
100507290	19	56104880	56139911
147808	19	56122107	56145941
51157	19	56136361	56164836
51545	19	56144986	56166989
29903	19	56148934	56174527
11338	19	56155416	56196082
29924	19	56176561	56217141
338321	19	56209798	56259768
342931	19	56260507	56284541
729974	19	56273171	56294545
204801	19	56286763	56358128
147945	19	56337944	56403221
126204	19	56393058	56453702
126205	19	56449198	56509995
126206	19	56501092	56583176
126208	19	56588732	56642649
55311	19	56642320	56682262
85569	19	56677389	56707144
342933	19	56691058	56719207
79149	19	56722672	56836208
100506374	19	56774111	56831823
147948	19	56876595	56914970
147949	19	56905383	56946400
63934	19	56940693	56998770
57573	19	57009212	57051581
140612	19	57040317	57078170
388566	19	57068401	57109965
58491	19	57096664	57145550
147670	19	57144527	57178614
90485	19	57163729	57193151
5178	19	57275730	57362121
23619	19	57275915	57362097
57663	19	57621509	57653294
114026	19	57635464	57666570
503835	19	57653094	57688856
9422	19	57692868	57744214
6795	19	57731750	57756916
390980	19	57742053	57784106
10794	19	57780776	57815436
125919	19	57821865	57852144
57343	19	57852645	57881266
284306	19	57864891	57900927
147694	19	57891218	57923919
7565	19	57912529	57943307
388567	19	57936693	57967291
57191	19	57956542	57978107
400720	19	57970954	57998945
79744	19	57989079	58016048
374928	19	58001222	58039772
256051	19	58028693	58062244
162972	19	58043204	58081231
55659	19	58072387	58100266
284307	19	58085508	58115256
348327	19	58101253	58134090
7693	19	58115830	58143636
10520	19	58134535	58165409
201516	19	58170303	58200520
90233	19	58183337	58211179
7710	19	58198594	58230579
79891	19	58221115	58248995
284309	19	58248164	58279527
54807	19	58271020	58301984
79818	19	58308450	58336529
84914	19	58321011	58389953
100293516	19	58331427	58367606
730051	19	58370747	58410442
147687	19	58407142	58437978
147686	19	58423252	58456795
10172	19	58442201	58469077
147685	19	58459805	58495902
80095	19	58478440	58524714
284312	19	58535434	58575999
7694	19	58560607	58591123
65982	19	58585204	58639793
79673	19	58627695	58676477
10782	19	58684356	58734928
27300	19	58729960	58798923
7554	19	58780314	58837023
342945	19	58828385	58863712
1	19	58848172	58874865
162968	19	58855723	58884214
116412	19	58868990	58902389
6193	19	58888636	58916171
646862	19	58897457	58918446
201514	19	58909245	58939694
7691	19	58934181	58961589
388569	19	58952971	58979199
25799	19	58968412	58994945
55663	19	58975910	59002601
10998	19	58999700	59033432
84878	19	59014897	59041845
10155	19	59045824	59072087
27243	19	59052933	59076495
9040	19	59057079	59080343
7593	19	59063284	59095757
245938	20	58351	87296
81623	20	113194	136392
140850	20	128111	149804
245939	20	158527	180264
140881	20	197899	220527
400830	20	228377	251737
140680	20	241504	281419
85364	20	268204	290965
6666	20	296215	320872
80023	20	316789	345512
57761	20	346447	388203
10616	20	378696	421610
128637	20	406124	453187
1457	20	453338	534482
6939	20	574637	600910
140809	20	617259	644014
85508	20	632240	666823
113278	20	730724	766628
83541	20	804354	836922
51378	20	842763	906977
343637	20	929095	992907
9491	20	1083872	1159017
55321	20	1151213	1176077
400831	20	1174098	1198918
642636	20	1196707	1245988
9751	20	1236948	1299971
27111	20	1280553	1319879
2280	20	1339621	1383816
55968	20	1412807	1458345
284759	20	1445236	1482233
128646	20	1504897	1549489
10326	20	1535029	1610720
55423	20	1599522	1648425
140885	20	1864763	1930540
5173	20	1949402	1984931
140901	20	2072528	2139201
388780	20	2177574	2203797
7053	20	2266613	2331725
343641	20	2351554	2423399
6628	20	2432281	2461499
79175	20	2452463	2499778
117532	20	2507253	2632494
10528	20	2623178	2649039
3420	20	2629041	2654865
57593	20	2663524	2750754
56265	20	2764715	2791292
128653	20	2785633	2806476
100288797	20	2786585	2807804
64773	20	2805960	2831889
64601	20	2811373	2857378
5786	20	2834841	3029316
2797	20	3014268	3036391
64949	20	3016675	3038896
5020	20	3042266	3063163
551	20	3053202	3075370
22888	20	3078219	3150556
60493	20	3117165	3150532
9762	20	3133263	3164238
65992	20	3161012	3195295
3704	20	3179514	3214516
83959	20	3198063	3232109
25943	20	3219948	3398587
8455	20	3441665	3641769
64096	20	3629939	3654046
80332	20	3638620	3672755
6614	20	3657617	3703213
116835	20	3703317	3743758
54976	20	3724146	3759035
25876	20	3748151	3772113
1059	20	3754498	3777337
994	20	3757419	3796765
55317	20	3791171	3815954
57506	20	3817446	3866770
80025	20	3859486	3914538
11237	20	3902068	4006216
54498	20	4119426	4178394
146	20	4191278	4239659
5621	20	4656797	4692235
23627	20	4692556	4719106
9770	20	4750669	4814291
9962	20	4823002	5000939
29058	20	5039129	5103736
5111	20	5085599	5117268
8760	20	5097407	5188533
128674	20	5271711	5307378
56261	20	5515080	5601672
149840	20	5721043	5854558
1114	20	5881974	5916007
51605	20	5908479	5941204
84515	20	5921298	5985852
54675	20	5976739	6030699
164312	20	6011192	6044726
55612	20	6045492	6114191
650	20	6738745	6770910
54363	20	7853631	7931093
56255	20	7951713	8010393
23236	20	8102912	8875547
5332	20	9039357	9471463
24141	20	9485005	9521171
57144	20	9508037	9829687
63926	20	10005697	10047407
6616	20	10189477	10298068
8195	20	10375428	10424887
128710	20	10405951	10614551
182	20	10608332	10664694
22903	20	11861377	11917243
55304	20	12979627	13157411
140862	20	13192418	13291297
55617	20	13360036	13629583
51575	20	13684969	13775579
79133	20	13755672	13809067
80343	20	13819635	13985979
140733	20	13966146	16043842
23767	20	14294639	14328313
55614	20	16242742	16564079
6629	20	16700609	16732417
56914	20	16718998	16742809
5126	20	17196752	17475223
631	20	17464550	17559865
11034	20	17539818	17598887
6238	20	17584323	17672934
140836	20	17664320	17726517
27131	20	17912244	17959490
92667	20	17939534	17981765
58495	20	17994796	18049834
100303755	20	18108499	18179016
57325	20	18112868	18179031
7692	20	18258872	18307640
55184	20	18354011	18457995
10621	20	18438033	18475287
10741	20	18457184	18487899
10483	20	18478188	18552059
92675	20	18558556	18754561
100128496	20	18780372	18820839
140856	20	18784370	18805036
57419	20	19183290	19713541
54453	20	19728254	19993103
51126	20	19987934	20024273
51340	20	20005005	20046690
26074	20	20023158	20351359
3642	20	20338765	20361593
57186	20	20360202	20703281
55857	20	21096624	21237260
22803	20	21273942	21380463
644524	20	21366005	21388047
4821	20	21481655	21504664
5075	20	21676297	21709124
3170	20	22551642	22576101
6754	20	23006057	23027314
7056	20	23016270	23040301
22918	20	23049993	23076977
29107	20	23321373	23345408
64412	20	23332769	23363683
63908	20	23345156	23412156
128817	20	23410322	23435567
140880	20	23421041	23443482
10047	20	23461766	23486655
128821	20	23535369	23559386
128822	20	23573047	23596610
1471	20	23598534	23628685
1472	20	23656277	23679662
1469	20	23718190	23741574
1470	20	23794404	23817312
1473	20	23846572	23870380
92086	20	23955687	23979475
79953	20	24439835	24657253
8530	20	24919866	24950564
57136	20	24933566	24983610
84532	20	24976866	25048818
30813	20	25041521	25073015
955	20	25166327	25217365
5834	20	25218706	25288648
26090	20	25265379	25381618
9837	20	25378323	25439191
22981	20	25423333	25576167
140838	20	25583571	25614648
26152	20	25644744	25687515
245929	20	29835467	29857435
245930	20	29881015	29906388
117285	20	29946421	29971726
245932	20	29954966	29988452
245934	20	29982648	30016314
245936	20	30018411	30048060
245937	20	30043309	30070816
28954	20	30053091	30082708
81502	20	30092213	30168178
3397	20	30183086	30204318
84701	20	30215685	30242837
598	20	30242261	30321752
22974	20	30316904	30399605
85366	20	30397115	30432500
2307	20	30422103	30443420
128853	20	30425441	30468479
164395	20	30448440	30542770
81572	20	30522758	30566513
343702	20	30545805	30596256
140706	20	30588200	30629984
3055	20	30629991	30699659
9777	20	30687309	30765061
5326	20	30770307	30805546
23509	20	30785625	30836467
9371	20	30855443	30932814
171023	20	30936147	31037122
140688	20	31020862	31182875
284805	20	31209427	31271743
149951	20	31280493	31341814
1789	20	31340191	31407162
22919	20	31397699	31448211
388795	20	31441595	31491113
140732	20	31561579	31602239
80341	20	31585384	31621515
128859	20	31609454	31641853
359710	20	31633230	31671434
149954	20	31659318	31709557
140683	20	31739660	31779223
128861	20	31795130	31825612
51297	20	31813802	31841115
92747	20	31860941	31907684
51654	20	31936645	31999375
6640	20	31985763	32041698
9139	20	32067928	32247837
63941	20	32234893	32272264
128864	20	32240092	32261721
170487	20	32244304	32266331
1869	20	32253292	32284210
11264	20	32280550	32318136
84905	20	32309566	32390075
128866	20	32389110	32452173
22913	20	32571458	32680991
8894	20	32666115	32710085
434	20	32819188	32867150
191	20	32858071	32909608
83737	20	32941041	33109198
83658	20	33094193	33138762
84557	20	33124688	33158149
128869	20	33138346	33275089
58476	20	33282147	33311240
23054	20	33292578	33423433
2686	20	33422523	33470661
55902	20	33452766	33525769
2937	20	33506236	33553794
57644	20	33533704	33600240
26133	20	33580207	33690618
55741	20	33693160	33745161
10544	20	33749740	33813771
10893	20	33804539	33874804
3692	20	33856709	33882619
128876	20	33863534	33890225
55245	20	33880369	34009945
8200	20	34011149	34036027
11190	20	34032988	34115360
140873	20	34098569	34127481
51614	20	34119778	34155405
6676	20	34193776	34218967
8904	20	34203953	34262878
10137	20	34226847	34262878
9054	20	34246610	34297287
140823	20	34277232	34298902
9584	20	34281531	34340258
51230	20	34349923	34548292
51282	20	34531539	34553281
140894	20	34546529	34628622
2036	20	34669426	34830721
25980	20	34814339	34854863
22839	20	34985444	35167040
10398	20	35159887	35188226
60436	20	35191876	35232355
100527943	20	35192957	35250960
55969	20	35224137	35250960
84174	20	35230922	35284619
57446	20	35270169	35384541
79980	20	35370194	35412578
140710	20	35395845	35502087
140711	20	35494570	35532632
25939	20	35509285	35590246
5933	20	35614752	35734403
140699	20	35719629	35817974
6185	20	35797454	35880026
2691	20	35869489	35897534
63905	20	35908051	35955663
6714	20	35963088	36043835
10904	20	36135819	36166333
4826	20	36139607	36162092
56259	20	36312357	36510531
128434	20	36521499	36583752
9675	20	36601419	36671870
58490	20	36651864	36766182
7052	20	36746863	36804910
85449	20	36828907	36899174
671	20	36922552	36975907
3929	20	36964814	37015653
57148	20	37091486	37217504
149685	20	37199838	37227104
343578	20	37220577	37289295
140679	20	37343105	37368015
79913	20	37366933	37411089
26051	20	37424348	37561667
81610	20	37544955	37591703
60625	20	37580981	37678366
9935	20	39304488	39327880
7150	20	39647462	39763127
5335	20	39756159	39814359
23051	20	39797089	39938766
64900	20	39959495	39999222
90187	20	39978606	40005498
84181	20	40020741	40257133
11122	20	40691392	41828557
6431	20	42076504	42102245
26013	20	42126320	42189590
10110	20	42177566	42224317
51098	20	42209574	42285862
4605	20	42285659	42355136
149699	20	42344801	42365647
84969	20	42533492	42708256
57158	20	42730337	42826218
51526	20	42814579	42849702
78997	20	42865739	42919557
128486	20	42925197	42949889
140902	20	42955798	42989432
3172	20	42974441	43071485
79183	20	43094526	43133244
10955	20	43114864	43160726
11142	20	43150422	43257678
100	20	43238160	43290376
8839	20	43333493	43366453
60598	20	43364488	43390954
140730	20	43370445	43448979
7529	20	43504240	43547173
80336	20	43528701	43597585
10953	20	43560771	43599114
6789	20	43585120	43718600
3787	20	43710950	43739753
149708	20	43728093	43753813
128488	20	43742067	43763106
5266	20	43793540	43815185
6406	20	43825605	43848414
6407	20	43840010	43863099
6590	20	43870880	43893205
8785	20	43912086	43947206
11317	20	43925483	43956464
6385	20	43943928	43987064
90196	20	43978660	44015442
27296	20	43992520	44019937
55861	20	44024633	44049250
51604	20	44034707	44064885
10406	20	44088229	44120172
10816	20	44131101	44154264
140870	20	44152836	44178134
100526773	20	44154919	44186065
57119	20	44159265	44186516
90199	20	44169791	44217989
259240	20	44226578	44269907
140832	20	44248385	44269831
259239	20	44267202	44308878
280664	20	44303290	44343658
164237	20	44320655	44347456
391253	20	44340988	44364335
140686	20	44392847	44430547
116092	20	44410576	44450066
11065	20	44431255	44455596
7125	20	44441853	44465953
90203	20	44452256	44481914
10005	20	44460360	44496048
140831	20	44476220	44517770
90204	20	44499581	44523905
128497	20	44505125	44527245
140825	20	44507111	44529926
5476	20	44509591	44537459
5360	20	44517259	44551003
63935	20	44553313	44586732
63925	20	44567292	44611560
4318	20	44627547	44655200
57468	20	44640329	44698789
57727	20	44679624	44728580
958	20	44736899	44768384
64405	20	44792372	44947137
51006	20	44968167	45003097
63916	20	44984689	45045690
55713	20	45118269	45152198
128506	20	45159670	45189213
64849	20	45176462	45323124
112858	20	45303004	45328301
81031	20	45328279	45374986
2139	20	45513263	45827492
23613	20	45827994	45995485
8202	20	46120601	46295621
55959	20	46276150	46425360
57580	20	47230787	47454420
10564	20	47528250	47663230
1434	20	47652783	47723497
6780	20	47719876	47814907
55661	20	47825832	47870614
57169	20	47852437	47904756
3745	20	47978505	48109181
5740	20	48110411	48194707
9334	20	48239482	48340421
23315	20	48419250	48518779
9825	20	48509928	48542080
55905	20	48542914	48580422
6615	20	48589513	48615423
7335	20	48687661	48742496
387522	20	48687661	48780335
387521	20	48730274	48780335
1051	20	48797120	48819227
100506115	20	48874023	48906332
5770	20	49116858	49211299
140876	20	49192645	49318277
84612	20	49337923	49383333
55653	20	49401467	49503714
23394	20	49495585	49557527
8813	20	49541404	49585081
27304	20	49565351	49588400
3755	20	49610193	49649675
4773	20	49993494	50189370
10079	20	50203314	50394908
57167	20	50390551	50429059
55734	20	50690550	50818524
128553	20	51578946	52121869
7764	20	52173610	52220801
8537	20	52550079	52697304
1591	20	52759985	52800516
5203	20	52814502	52846492
55816	20	53082266	53277710
140689	20	54562413	54590528
4159	20	54813788	54834871
116151	20	54923983	54953719
6790	20	54934445	54977351
1477	20	54957427	54989582
57091	20	54977168	55044396
51507	20	55033641	55103942
140687	20	55056548	55110981
200232	20	55089785	55111208
388799	20	55095960	55121576
7022	20	55194358	55224339
655	20	55733809	55851707
23626	20	55894831	55929049
8480	20	55916145	55963519
100462983	20	55923496	55944878
55544	20	55956454	55994389
140690	20	56061021	56110708
5105	20	56126137	56151515
81030	20	56168902	56205632
56937	20	56213448	56296592
128602	20	56715983	56746186
140731	20	56783510	56814039
57403	20	56874771	56952563
9217	20	56954175	57036157
164284	20	57023503	57100405
8675	20	57216309	57264582
79716	20	57254187	57300900
2778	20	57404756	57496250
51497	20	57546263	57580400
1522	20	57560242	57592309
81027	20	57584309	57611709
514	20	57593733	57617422
51012	20	57598200	57627901
128611	20	57725895	57844168
1908	20	57865499	57911047
116154	20	58142564	58432766
10388	20	58428612	58518704
63939	20	58498819	58533735
5509	20	58501887	58525352
60437	20	58523471	58598772
284756	20	58620980	58658008
1002	20	59817482	60525673
6874	20	60539854	60650866
149986	20	60687517	60720434
5688	20	60701783	60728514
26039	20	60708816	60767566
26164	20	60748081	60788624
11255	20	60780017	60805323
9885	20	60803541	60881269
11047	20	60867112	60894206
3911	20	60874116	60952368
6227	20	60952121	60973576
81928	20	60953686	60992339
140893	20	60975293	61012629
140628	20	61028553	61061026
128826	20	61137660	61177971
28231	20	61263795	61327137
4923	20	61330189	61404123
55257	20	61417804	61441945
11054	20	61426156	61455352
1299	20	61438414	61482511
10732	20	61462467	61503115
100132911	20	61466476	61487543
11083	20	61499090	61579304
54994	20	61559421	61589827
63910	20	61573999	61609949
128408	20	61627331	61648387
54915	20	61816781	61857538
79444	20	61857235	61881859
128414	20	61862136	61895892
55738	20	61894137	61931145
57642	20	61914538	61972285
1137	20	61964662	62019487
3785	20	62021561	62113993
1917	20	62109365	62140668
79144	20	62141426	62163524
5753	20	62149766	62178723
6725	20	62162163	62188857
79025	20	62174373	62198061
85441	20	62179439	62215592
26205	20	62208955	62268381
50861	20	62261058	62294963
51750	20	62279163	62337606
8771	20	62318004	62340051
10139	20	62319995	62349365
84619	20	62328727	62377494
54923	20	62357480	62380460
56731	20	62361211	62385403
140685	20	62365021	62473731
140701	20	62482566	62504341
7165	20	62486581	62532898
80331	20	62516455	62577384
54963	20	62561182	62597800
57473	20	62578057	62611223
140700	20	62595466	62621182
24148	20	62602417	62674453
54345	20	62669079	62690979
6919	20	62678439	62713700
10287	20	62694534	62721356
4987	20	62701451	62741996
198437	20	62704729	62725712
2832	20	62727183	62748184
4661	20	62785827	62883606
55251	20	62877048	62917583
101927345	21	10197468	10225925
7179	21	10896741	11000920
85319	21	11010842	11108925
317754	21	14972498	15023937
149998	21	15470784	15593361
54033	21	15578466	15610693
6782	21	15733436	15765509
64092	21	15847549	15965723
388813	21	15954484	16025428
8204	21	16323556	16448224
29761	21	17092327	17262377
1525	21	18875224	18975897
10950	21	18955968	18995268
54149	21	19151284	19201703
140578	21	19390190	19649687
5651	21	19631433	19785970
4685	21	22360633	22923892
54148	21	26947968	26989801
58494	21	27001594	27099874
522	21	27086791	27117965
2551	21	27097258	27154771
351	21	27242861	27553446
100996571	21	27755954	27951571
116159	21	27828528	27955603
9510	21	28198606	28227728
11096	21	28280231	28349439
29104	21	30234513	30267695
26046	21	30290466	30375277
10069	21	30368080	30401685
10600	21	30386938	30436809
10694	21	30418647	30456010
56911	21	30439659	30558210
571	21	30661151	30744257
2897	21	30899254	31322282
26285	21	31528241	31548971
9073	21	31576324	31598469
643803	21	31643627	31665276
100131902	21	31651463	31671832
388818	21	31681449	31702607
643812	21	31699331	31720012
337963	21	31710717	31730924
337959	21	31733709	31754557
140258	21	31758392	31779140
337960	21	31787711	31808230
284827	21	31792594	31813076
254950	21	31802646	31823098
337882	21	31842364	31862636
337969	21	31849509	31869667
337970	21	31853782	31874275
337971	21	31859174	31879428
337972	21	31864190	31884408
337973	21	31903854	31924181
337974	21	31923417	31943608
100288287	21	31952424	31972716
337968	21	31954759	31975374
337967	21	31961005	31981193
337979	21	31963440	31983586
337966	21	31976005	31996223
337975	21	31978774	31998944
337976	21	31997583	32017780
337985	21	32005183	32025455
100288323	21	32080843	32101095
337978	21	32109269	32129520
337977	21	32117457	32137696
337879	21	32175015	32195570
337878	21	32191357	32212051
337880	21	32242963	32263874
728299	21	32400478	32420795
7074	21	32480736	32941290
6647	21	33021935	33051244
57466	21	33033313	33114431
30811	21	33235628	33386377
54069	21	33630530	33661376
56246	21	33654124	33697095
9875	21	33673330	33775312
59271	21	33774034	33897702
140290	21	33937151	33967845
56683	21	33963977	33995174
8867	21	33987269	34110351
94104	21	34096210	34154169
56245	21	34152984	34196053
10215	21	34388216	34411504
116448	21	34432450	34454728
3455	21	34592231	34646831
3588	21	34628665	34679539
3454	21	34686748	34742129
3460	21	34765202	34819828
757	21	34794793	34862316
54943	21	34850238	34874023
2618	21	34866238	34925223
6651	21	34905344	34959820
29980	21	34927165	34971019
9946	21	34951647	35024160
6453	21	35004706	35271609
539	21	35265757	35298158
6526	21	35435503	35525334
64968	21	35435823	35525334
9992	21	35726323	35753440
54065	21	35737749	35771452
101928147	21	35762204	35783947
3753	21	35780910	35894573
1827	21	35878782	35997382
54102	21	36031612	36100525
861	21	36150098	36431595
54093	21	37396839	37442869
873	21	37432285	37455462
874	21	37496614	37528860
9980	21	37519080	37676572
23515	21	37682360	37759999
8208	21	37747689	37799125
23562	21	37822919	37958867
6493	21	38061991	38132510
3141	21	38113189	38372545
53820	21	38368456	38401959
51227	21	38427664	38455458
7267	21	38435554	38585408
10311	21	38585721	38650425
1859	21	38729859	38897679
3763	21	38986778	39298741
10281	21	39416313	39503454
3772	21	39591837	39685043
2078	21	39729183	40043704
2114	21	40167231	40206879
8624	21	40439076	40565440
54014	21	40546102	40695745
3150	21	40704241	40731047
7485	21	40742213	40779815
150082	21	40767770	40827676
6450	21	40807797	40897433
10317	21	40918369	41044816
150084	21	41107334	41184023
5121	21	41229347	41311322
1826	21	41374343	42229039
25825	21	42529728	42664461
191585	21	42537158	42567166
54097	21	42678661	42739654
4600	21	42723918	42790870
4599	21	42782520	42841141
7113	21	42826236	42890085
54101	21	43149529	43197249
63977	21	43208385	43309591
25966	21	43295219	43384066
49854	21	43396940	43440496
89766	21	43473068	43573105
9619	21	43609799	43734497
7033	21	43721777	43745706
7032	21	43756466	43781208
7031	21	43772391	43796644
64699	21	43781996	43826955
53347	21	43813971	43877790
89765	21	43882596	43926417
54020	21	43909742	44011550
5152	21	44063862	44205619
10785	21	44253190	44309699
4731	21	44303378	44339773
5316	21	44384643	44463688
875	21	44463301	44506472
7307	21	44503066	44537716
1409	21	44579141	44602915
150094	21	44824395	44857002
11077	21	44939066	45089380
23076	21	45069432	45125960
8566	21	45128978	45192188
1476	21	45183546	45206256
8568	21	45199418	45233983
56894	21	45275116	45417475
7109	21	45422206	45536433
5822	21	45517208	45561063
8209	21	45543476	45632835
23308	21	45632874	45670881
29947	21	45656222	45692099
326	21	45695721	45728102
5211	21	45709925	45757261
755	21	45738827	45769285
7226	21	45760046	45872964
81543	21	45865393	45888739
54084	21	45907775	46141495
386677	21	45949068	45970078
386679	21	45960240	45981388
386682	21	45967906	45988643
386672	21	45983606	46004987
386680	21	45989564	46010481
386674	21	46001149	46022386
386675	21	46010497	46032091
386681	21	46021996	46042871
386676	21	46037040	46058295
353333	21	46047273	46068372
386678	21	46056331	46077567
386684	21	46064130	46084576
386683	21	46067849	46088258
353323	21	46076106	46096844
353332	21	46091491	46112078
386685	21	46107087	46127959
7327	21	46178495	46231751
6612	21	46215532	46248044
754	21	46259500	46304487
3689	21	46295864	46358753
85395	21	46349918	46406891
104	21	46484493	46656478
23275	21	46673843	46717811
80781	21	46815058	46943634
6573	21	46924629	46993045
54039	21	47258023	47372368
1291	21	47391663	47434963
1292	21	47508033	47562763
10841	21	47546065	47585499
84221	21	47571062	47615167
4047	21	47598360	47658738
8888	21	47645047	47716211
54059	21	47696250	47743020
54058	21	47710344	47753813
5116	21	47733976	47875682
23181	21	47868862	47999926
6285	21	48008531	48035035
3275	21	48045507	48095155
23784	22	16246332	16297937
81061	22	16438824	16459804
150160	22	17061648	17083700
150165	22	17254302	17312584
128954	22	17432826	17499112
23765	22	17555849	17606584
27439	22	17587189	17612257
27440	22	17608410	17656177
51816	22	17649681	17712744
27443	22	17946630	18043845
83733	22	18033030	18083651
101929372	22	18052923	18081972
529	22	18064902	18121588
23786	22	18101621	18223621
637	22	18206906	18267431
57553	22	18260415	18517325
55670	22	18550686	18583797
51807	22	18583453	18624498
11274	22	18622758	18670164
100996415	22	18650793	18695204
642643	22	18711540	18747918
8214	22	18883736	18909601
5625	22	18890206	18934066
9993	22	19013795	19119967
8220	22	19107792	19142190
23617	22	19108321	19130136
2928	22	19126504	19147796
6576	22	19153088	19176338
8218	22	19156986	19289247
7290	22	19308221	19429247
64976	22	19409302	19433600
128977	22	19418409	19445755
7353	22	19427464	19476818
8318	22	19456984	19518135
7122	22	19500547	19525068
5413	22	19691987	19720845
2812	22	19701066	19722297
6899	22	19734226	19781116
54584	22	19765932	19852462
79680	22	19823661	19852371
10587	22	19853040	19939359
1312	22	19919263	19967498
421	22	19944126	20014325
128989	22	19994554	20063449
54487	22	20057755	20109400
27037	22	20089389	20114818
5902	22	20093461	20124880
29801	22	20109364	20145530
388849	22	20125602	20148748
65078	22	20218938	20265816
85359	22	20291761	20317628
100996401	22	20367023	20387550
728229	22	20367669	20390440
85376	22	20445991	20471786
729461	22	20629647	20671407
373856	22	20694868	20741544
653203	22	20696073	20720680
101927859	22	20702118	20725518
7625	22	20738405	20772753
91179	22	20768874	20802146
84861	22	20785806	20860170
51586	22	20851849	20951919
5297	22	21051979	21223100
3053	22	21118383	21152008
9342	22	21203292	21255502
1399	22	21261714	21318037
150209	22	21309418	21345649
8216	22	21326558	21363326
80764	22	21344061	21366404
9127	22	21359442	21392302
6545	22	21372995	21397163
400891	22	21390249	21428457
728441	22	21552261	21604237
100996335	22	21645279	21690075
440804	22	21728040	21753458
23119	22	21761693	21815752
100996337	22	21810783	21831310
645426	22	21811459	21834224
150221	22	21889955	21915750
7332	22	21893736	21988323
150223	22	21972378	22009017
164592	22	21977086	22001616
23753	22	21986542	22008588
23759	22	22010273	22062202
29799	22	22041825	22100071
5594	22	22103946	22231970
9647	22	22263792	22317250
8940	22	22301397	22347219
3535	22	22370474	23275085
7441	22	22589200	22609926
140883	22	22828767	22873505
129025	22	22858060	22884613
23532	22	22880123	22911696
91227	22	22977059	23000368
100423062	22	23219960	23248014
27156	22	23391593	23505807
2781	22	23402669	23477224
9609	22	23477513	23516531
613	22	23512402	23670224
3543	22	23905312	23932619
51233	22	23940639	23984508
266747	22	24023048	24051444
7621	22	24073772	24103279
29802	22	24084930	24106630
150248	22	24092622	24118050
400916	22	24098021	24120141
4320	22	24105036	24136503
6598	22	24119150	24186705
91319	22	24166690	24191430
66035	22	24189059	24237738
4282	22	24226565	24247409
100652871	22	24268480	24294985
653689	22	24289601	24313416
100037417	22	24298652	24324748
1652	22	24303554	24332019
2953	22	24312291	24336106
391322	22	24363117	24384043
2952	22	24366135	24394284
23523	22	24397642	24584596
56241	22	24567444	24595074
2687	22	24605622	24651317
23384	22	24656785	24823708
135	22	24809565	24848328
51733	22	24853344	24932553
83606	22	24926406	24961901
6634	22	24941618	24980932
2678	22	24969629	25034972
388886	22	24971588	24999073
440822	22	25105001	25180687
129049	22	25192136	25332813
255349	22	25321208	25345314
85379	22	25338676	25603415
1417	22	25585817	25613326
1415	22	25605612	25637836
100652901	22	25729549	25751017
91355	22	25737218	25811337
157	22	25950861	26135259
84700	22	26128117	26463345
23544	22	26555440	26789563
57168	22	26815280	26850978
89781	22	26836848	26889829
402055	22	26869850	26897904
24144	22	26877893	26918462
8459	22	26911714	26996089
1414	22	26985362	27023991
1413	22	27007928	27036636
4330	22	28134265	28207486
23760	22	28237657	28325255
23331	22	28364002	29085853
11200	22	29073731	29147822
150274	22	29128008	29163506
150275	22	29158662	29195283
7494	22	29180548	29206560
84133	22	29269755	29463476
25770	22	29444660	29467922
83999	22	29459066	29574321
129080	22	29591901	29665586
25807	22	29645844	29674147
2130	22	29653998	29706515
10634	22	29692985	29718778
10633	22	29698922	29721745
162	22	29713669	29794754
5988	22	29824572	29848444
4744	22	29866181	29897279
8563	22	29894156	29959749
8508	22	29940797	29987326
4771	22	29989545	30104589
164633	22	30106344	30137822
55954	22	30116945	30173000
29796	22	30153358	30176402
84164	22	30174597	30244293
8897	22	30269149	30436857
150280	22	30466453	30583064
3976	22	30626436	30652840
5008	22	30648817	30672829
652968	22	30671106	30695616
83874	22	30677979	30732955
10291	22	30717977	30762931
550631	22	30742627	30782818
200312	22	30764801	30793302
23541	22	30782930	30831291
51537	22	30811611	30835041
266629	22	30833946	30878034
284904	22	30874877	30911698
730005	22	30910629	30952669
9514	22	30940622	30980572
23481	22	30962612	31013000
6948	22	30993070	31033047
339665	22	31021793	31053862
150290	22	31048039	31073874
101929728	22	31053507	31075003
23762	22	31079769	31313811
22880	22	31312598	31374483
6525	22	31467282	31510610
140606	22	31490763	31513551
27124	22	31508893	31540683
50487	22	31520793	31546469
91445	22	31546138	31613005
3985	22	31598225	31686066
113791	22	31667579	31698833
23598	22	31711790	31752249
4733	22	31785539	31840172
56478	22	31825345	31895936
9814	22	31882125	32024537
23761	22	32004477	32068550
253143	22	32067333	32156120
9681	22	32139937	32313020
25775	22	32319507	32351336
7533	22	32330479	32363590
6523	22	32429019	32519016
150297	22	32534993	32565510
10739	22	32576422	32613223
6527	22	32604463	32661318
10738	22	32740872	32767148
51493	22	32773562	32818274
254240	22	32799834	32870429
25793	22	32860707	32904818
8224	22	32898539	33464377
7078	22	33186802	33269028
9215	22	33658509	34326464
91464	22	35452130	35493380
10042	22	35643445	35701800
10043	22	35685268	35753987
3162	22	35767060	35800207
4174	22	35786116	35830495
23551	22	35926556	35960048
4151	22	35992811	36029401
80830	22	36034424	36074456
80831	22	36103919	36135530
23543	22	36124783	36434679
80833	22	36526371	36572225
80832	22	36575176	36610879
23780	22	36612255	36646000
8542	22	36639117	36673577
4627	22	36667323	36794107
25828	22	36853083	36888072
80020	22	36873233	36913148
8664	22	36896897	36935277
10369	22	36946916	37108690
11020	22	37144246	37182177
5816	22	37186745	37225517
4689	22	37247030	37284059
1439	22	37299639	37346491
339669	22	37377160	37413877
7263	22	37396900	37426224
4357	22	37405683	37435863
79734	22	37437779	37469430
164656	22	37451476	37509693
3560	22	37511878	37562414
114904	22	37566206	37604341
6753	22	37590277	37626472
5880	22	37611301	37650339
27128	22	37668495	37721389
114794	22	37754000	37833505
4242	22	37855101	37892499
29775	22	37876400	37925543
11135	22	37946471	37975412
3957	22	37956253	37986024
26088	22	37994481	38039571
23616	22	38020661	38062119
57026	22	38044737	38072939
3956	22	38061613	38085809
79159	22	38067680	38099718
11078	22	38082995	38182563
3005	22	38191114	38213443
23464	22	38193906	38223183
8484	22	38209389	38231502
129138	22	38216862	38250353
51386	22	38235379	38294789
85377	22	38292155	38348465
84645	22	38329057	38359676
5435	22	38339674	38378463
6663	22	38358319	38390556
9463	22	38443262	38481708
23539	22	38464144	38489170
80115	22	38470896	38516971
8398	22	38497502	38587857
23764	22	38587939	38622518
25829	22	38602415	38679040
1454	22	38676697	38724089
3761	22	38812332	38861205
11015	22	38854067	38889452
10521	22	38869443	38913622
11144	22	38904954	38976201
646851	22	38964125	39062634
25776	22	39042658	39079859
56993	22	39067954	39090765
9929	22	39071548	39107423
9567	22	39091733	39139592
25777	22	39120719	39172338
10126	22	39164513	39200161
23467	22	39204456	39250017
23466	22	39247468	39278258
200315	22	39338755	39369189
9582	22	39368352	39398784
27350	22	39400265	39424843
140564	22	39407118	39445686
200316	22	39426609	39461977
60489	22	39463010	39493748
164668	22	39483229	39510072
23492	22	39516777	39558661
5155	22	39609685	39650957
6122	22	39698887	39725670
9145	22	39735954	39791593
10454	22	39785759	39843132
4248	22	39833235	39898199
54471	22	39888197	39924139
468	22	39906569	39928691
91582	22	39915098	39938860
8911	22	39956758	40095740
150350	22	40129049	40299794
9402	22	40287086	40379347
113828	22	40380953	40436043
23112	22	40430046	40741812
158	22	40732504	40772577
27352	22	40756571	40816293
57591	22	40796292	41042690
2847	22	41065182	41088818
10478	22	41155636	41225403
6767	22	41210539	41263012
63929	22	41243085	41338823
150353	22	41245553	41268130
9978	22	41337351	41379019
2033	22	41478614	41586081
83746	22	41591312	41637276
150356	22	41595861	41646935
5905	22	41630781	41692255
23264	22	41687507	41766151
7008	22	41753337	41805332
100996598	22	41755086	41776400
10766	22	41819492	41854234
84844	22	41845721	41874708
50	22	41855099	41934993
171568	22	41911803	41950479
27254	22	41947014	41982670
5372	22	41962890	41995871
27351	22	41984032	42027079
2547	22	42007250	42070052
4809	22	42059937	42095296
79640	22	42076547	42104140
150365	22	42085518	42205459
79879	22	42186636	42238175
6721	22	42219083	42313312
440829	22	42295558	42320671
115650	22	42311036	42332821
79019	22	42324531	42353155
55964	22	42362855	42404225
164684	22	42381607	42438935
4668	22	42444338	42476852
150368	22	42460255	42485445
91689	22	42465695	42490288
4700	22	42471530	42496888
1565	22	42512501	42536883
6942	22	42546019	42674768
150372	22	42766413	42843086
27341	22	42894341	42925829
253190	22	42939858	42980703
84271	22	42969727	43020968
1727	22	43003846	43055405
267020	22	43025809	43046607
53947	22	43078123	43127307
26286	22	43182530	43263408
11252	22	43255772	43421184
25809	22	43425522	43495434
638	22	43496754	43535718
27349	22	43518212	43549403
706	22	43537520	43569248
23170	22	43552628	43593137
80274	22	43589229	43749394
758	22	43797202	43913688
64800	22	43914624	44218217
25830	22	44210387	44268378
150379	22	44265558	44297893
80339	22	44309619	44353451
25813	22	44341261	44402412
29780	22	44385091	44575113
64098	22	44556271	44614349
85352	22	44629545	44737470
84247	22	44878450	44904005
55615	22	45054427	45143561
553158	22	45088382	45268664
23779	22	45138438	45268664
112885	22	45267042	45415809
10762	22	45549726	45593892
23313	22	45578123	45646650
7380	22	45670868	45701755
55007	22	45695081	45747836
27127	22	45729944	45819500
26150	22	45799572	45838302
2192	22	45888719	46007014
25814	22	46057678	46251187
7477	22	46306246	46383008
55267	22	46436339	46460024
5465	22	46536458	46649653
150383	22	46629910	46656193
10343	22	46641560	46669277
55020	22	46653861	46699905
51512	22	46682638	46739596
55687	22	46721298	46763237
9620	22	46746731	46943067
23151	22	46963124	47088652
64781	22	47070307	47144152
25771	22	47148514	47581342
25817	22	48875288	49157744
348645	22	50003290	50061190
23774	22	50156931	50231196
9889	22	50237497	50293726
79087	22	50286852	50322106
79174	22	50302283	50331188
415116	22	50344143	50367720
400935	22	50422942	50461055
164714	22	50456026	50506636
23209	22	50487820	50534358
54456	22	50518435	50610119
56666	22	50599160	50628724
80305	22	50614344	50648027
83642	22	50629408	50666045
85378	22	50646118	50693453
83933	22	50673612	50699834
6300	22	50681331	50710248
5600	22	50692142	50718779
23654	22	50703408	50756062
414918	22	50740392	50775517
9701	22	50771746	50893519
6305	22	50873429	50923467
79924	22	50909985	50934866
55586	22	50915213	50938750
91289	22	50931376	50956148
29781	22	50936645	50973209
9997	22	50951997	50974868
1890	22	50954181	50978514
440836	22	50958836	50981008
113730	22	50976462	50999452
644186	22	50979541	51011328
1375	22	50997290	51027096
1120	22	51007387	51031428
23542	22	51029131	51059979
410	22	51051182	51076601
85358	22	51103070	51181640
101928892	22	51113086	51135473
49	22	51166652	51193727
11158	22	51195920	51232103
7499	X	2660069	2744541
8908	X	2736863	2810861
414	X	2812011	2857416
415	X	2842673	2896345
347527	X	2914654	2961426
416	X	2948275	3040770
25878	X	3216606	3275133
5613	X	3512384	3641675
57502	X	5798067	6156916
51481	X	6441659	6463159
8226	X	6956961	7076231
412	X	7055298	7282682
26609	X	7800303	7822184
8228	X	7856804	7905780
51480	X	8127985	8149308
425054	X	8422871	8444551
3730	X	8486915	8710227
171482	X	8748836	8779424
171483	X	8982271	9012168
6907	X	9421335	9697780
4935	X	9683453	9744005
357	X	9744496	9927585
100288814	X	9925398	9946042
55841	X	9973795	10122518
1183	X	10114985	10215700
4281	X	10403350	10861829
3052	X	11119406	11151206
395	X	11145663	11693821
265	X	11301533	11328881
10943	X	11766278	11803872
9758	X	12146585	12752642
5634	X	12799474	12852346
51284	X	12875202	12918480
51311	X	12914739	12951288
7114	X	12983226	13005346
171484	X	13043736	13072917
92552	X	13326766	13348518
25975	X	13577694	13661694
170082	X	13661252	13693528
9367	X	13697240	13737944
6399	X	13720361	13762754
8481	X	13723549	13797480
2824	X	13779062	13966861
54960	X	14014845	14058035
2742	X	14537420	14759934
2187	X	14851529	14901184
158747	X	14881527	14950288
140462	X	15252109	15298589
140456	X	15283800	15343788
5277	X	15327573	15363676
2277	X	15353713	15412535
8544	X	15392921	15521711
660	X	15472356	15584652
59272	X	15569156	15630192
57393	X	15635439	15693154
11238	X	15746412	15815748
8233	X	15798574	15851383
8905	X	15833929	15883137
2925	X	16131424	16181641
645864	X	16175604	16199516
56474	X	16596122	16741059
795	X	16658281	16682791
94056	X	16727707	16790807
55787	X	16794555	16872642
5931	X	16852773	16898565
9185	X	16954814	17181403
4810	X	17383357	17764114
6322	X	17745591	17783105
10742	X	17808169	17889457
139105	X	18171051	18249024
10389	X	18247433	18382844
6792	X	18433725	18681749
6247	X	18647808	18700223
5475	X	18694257	18856039
5256	X	18900416	19012480
10149	X	18997425	19150755
5160	X	19352011	19389825
389840	X	19368174	19543379
30011	X	19542083	19915744
256643	X	19920978	19998427
256714	X	20014831	20145114
1964	X	20132636	20169966
6197	X	20158029	20295523
22866	X	21382532	21682813
257240	X	21663609	21686448
23676	X	21714090	21786278
51360	X	21847656	21926427
404281	X	21864105	21886845
6611	X	21948691	22035798
5251	X	22040921	22276478
158506	X	22281030	22302578
168400	X	23008078	23030206
139411	X	23342985	23424918
10549	X	23672377	23714516
23597	X	23711777	23794592
6303	X	23791275	23814327
79135	X	23841465	23936057
254158	X	23916123	23967624
80311	X	23991833	24055303
1968	X	24063065	24106927
7543	X	24157047	24244372
170067	X	24318532	24342202
100130302	X	24370503	24393557
5165	X	24473344	24578583
9468	X	24566204	24700979
5422	X	24702038	25025103
170302	X	25011811	25044065
286514	X	26146460	26168853
158809	X	26200557	26223763
347541	X	26224286	26246387
101928481	X	27685067	27740747
347442	X	27724205	27778050
139422	X	27816107	27851131
139425	X	27986110	28009566
11141	X	28595681	29984467
4113	X	30223675	30248206
4114	X	30238553	30265612
4115	X	30250057	30272310
4112	X	30251848	30280155
190	X	30312539	30337495
80231	X	30566941	30606033
2710	X	30661476	30759579
257397	X	30835559	30917511
53940	X	31079358	31100170
1756	X	31127345	33367726
158724	X	34137869	34160447
83604	X	34635181	34685405
170062	X	34950913	34973034
139604	X	35806459	35831852
286464	X	36047125	36173187
442444	X	37016432	37039739
441490	X	37050955	37071867
5638	X	37198528	37326548
347404	X	37420822	37546750
7504	X	37535133	37601383
1536	X	37629266	37682718
6990	X	37688089	37716889
25763	X	37840070	37860570
94122	X	37855835	37998073
8406	X	37998588	38090177
6103	X	38118423	38196817
5009	X	38201736	38290703
7102	X	38410731	38558172
58526	X	38650685	38675785
54880	X	39900499	40046643
10159	X	40430141	40475889
347411	X	40472818	40493388
159013	X	40476173	40516929
9282	X	40498795	40605374
8239	X	40934727	41105832
1654	X	41182561	41219527
60506	X	41296713	41344905
8573	X	41364187	41792415
2857	X	41538221	41566530
27197	X	41573408	41599388
4128	X	43504155	43616071
4129	X	43615857	43751721
4693	X	43798022	43842921
80258	X	43995549	44212923
139341	X	44372885	44412221
63904	X	44693249	44714134
7403	X	44722419	44982024
79742	X	44997618	45070146
55634	X	46296624	46344074
641339	X	46347160	46414892
56548	X	46423192	46467838
84679	X	46448686	46628607
6102	X	46686347	46751793
9767	X	46761736	46930641
9104	X	46927775	46962712
54539	X	46991615	47014609
8241	X	46994617	47056214
7317	X	47040199	47084527
5127	X	47067445	47099396
8237	X	47082089	47117727
7712	X	47219999	47283098
7592	X	47295281	47353070
369	X	47410499	47441320
6853	X	47421300	47489256
7076	X	47431690	47456190
5199	X	47473612	47499704
2002	X	47483744	47520003
8409	X	47501191	47528579
347344	X	47686270	47791655
7569	X	47824250	47873394
389852	X	47853734	47879130
57232	X	47907567	47941025
729201	X	47980039	48001995
6758	X	48035656	48066199
6756	X	48104752	48136879
10214	X	48195863	48226203
6759	X	48232968	48262785
548313	X	48251524	48281355
92745	X	48306927	48338644
24140	X	48324454	48354752
64840	X	48357347	48389202
10682	X	48369306	48397104
4943	X	48388075	48430997
5935	X	48422741	48449553
64743	X	48445880	48473582
7454	X	48532186	48559818
6839	X	48543945	48577407
392465	X	48610154	48642064
2623	X	48634982	48662718
10013	X	48650086	48693408
3266	X	48674923	48698279
27344	X	48679504	48704036
10245	X	48740730	48765489
10084	X	48745160	48770422
7355	X	48750459	48779235
11040	X	48760459	48786413
55593	X	48769301	48825880
3750	X	48808639	48838251
56850	X	48820130	48868675
7030	X	48876237	48910990
90060	X	48900961	48937510
11230	X	48918818	48941662
11152	X	48922092	48968059
27238	X	48959022	48990079
79917	X	49009181	49033836
5355	X	49018184	49041469
4007	X	49021546	49052981
6855	X	49034263	49066661
778	X	49051523	49099833
28952	X	49081927	49116987
50943	X	49096897	49132200
89801	X	49116305	49154557
729396	X	49168516	49195866
645051	X	49178094	49205366
26749	X	49187607	49214923
729408	X	49197116	49224420
26748	X	49206677	49233943
2574	X	49216171	49243491
645037	X	49225708	49252997
729442	X	49334552	49361907
729447	X	49344118	49371430
2543	X	49353616	49383139
8712	X	49442053	49470596
9506	X	49583863	49608572
389856	X	49634470	49657169
1184	X	49677225	49873892
8852	X	49945411	49975664
85417	X	50017540	50104913
139189	X	50101879	50223721
57477	X	50324642	50567044
9210	X	50643735	50669641
170685	X	51065083	51090377
340602	X	51139573	51161690
55190	X	51222863	51249459
23708	X	51476481	51499328
9500	X	51536155	51655450
81557	X	51794923	51822368
728239	X	51917919	51945364
9502	X	52101931	52128826
280658	X	52663111	52693950
6757	X	52715946	52746277
494197	X	52815186	52836388
170627	X	52830366	52857325
170626	X	52881557	52907119
727866	X	52910629	52947587
29057	X	52966462	53034651
54328	X	53068506	53119797
64061	X	53101542	53127728
8242	X	53210503	53264604
23096	X	53252058	53360522
8243	X	53391070	53459677
158787	X	53439727	53468063
3028	X	53448206	53471323
10075	X	53549057	53723697
23133	X	53953113	54085368
54954	X	54084757	54219714
65267	X	54209256	54394438
90121	X	54456853	54481730
2245	X	54461887	54532599
54552	X	54546644	54603720
347365	X	54765332	54834673
10916	X	54824131	54852445
7216	X	54936996	54967864
5207	X	54949307	55035244
27301	X	55016756	55044306
212	X	55025488	55067497
389860	X	55091489	55115336
203569	X	55105497	55129260
90736	X	55159535	55197628
100463488	X	55197824	55218944
90737	X	55236791	55260541
139793	X	55274848	55301165
28986	X	55468538	55489999
158880	X	55501049	55526301
139628	X	55639833	55662621
10325	X	55734110	55795766
11279	X	56248814	56324322
29978	X	56580025	56603443
169981	X	56992803	57031988
474343	X	57136115	57157989
54466	X	57152036	57174093
158584	X	57303011	57525629
158586	X	57608269	57633910
7789	X	57921864	57947067
139886	X	62557107	62581218
23229	X	62844847	63015426
139285	X	63394997	63435624
142689	X	63434072	63460511
55613	X	63477961	63625333
55906	X	64125682	64264624
340554	X	64698058	64737767
81887	X	64722462	64764686
4478	X	64798257	64971793
11326	X	65231580	65269967
9843	X	65372433	65497231
60401	X	65805479	65869140
367	X	66753874	66960461
4983	X	67252186	67663369
286451	X	67708624	67767127
9754	X	67857511	67955684
1947	X	68038840	68072007
64219	X	68370581	68395365
27112	X	68715078	68762351
1896	X	68825911	69269322
158835	X	69250392	69279788
139562	X	69272341	69294029
3476	X	69343318	69396174
347516	X	69387336	69435553
158833	X	69444505	69470511
5030	X	69468016	69489654
407	X	69478185	69511691
347517	X	69492022	69514852
51248	X	69496211	69519798
24137	X	69499879	69650774
54857	X	69632881	69663241
1741	X	69654705	69735343
56159	X	69738790	70138567
84889	X	70135429	70160975
29934	X	70197156	70303276
4303	X	70305999	70333384
158830	X	70313739	70336784
3561	X	70317254	70341481
9968	X	70328406	70372304
54413	X	70354681	70401682
2705	X	70425062	70455065
9203	X	70449474	70485047
4841	X	70493042	70531018
26548	X	70511581	70535221
6872	X	70576094	70695855
8473	X	70742912	70805747
93953	X	70787840	70843440
2833	X	70825766	70848367
101059915	X	70877654	70901368
100130361	X	70924224	70948135
100132994	X	70973140	70997051
340527	X	71120938	71373424
340526	X	71336960	71361751
392490	X	71354034	71391600
5303	X	71391526	71493814
54821	X	71414507	71468877
6191	X	71482453	71507141
4435	X	71511488	71537037
55869	X	71539366	71802953
5255	X	71788664	71944029
728656	X	72054876	72078636
63947	X	72081859	72173625
645974	X	72213352	72235551
340529	X	72287177	72309351
4674	X	72422135	72444710
1046	X	72657090	72684421
53344	X	72772984	72916937
389874	X	73514025	73534869
6567	X	73631328	73763764
51132	X	73792811	73844461
340533	X	73942691	74155287
22	X	74263007	74386175
139596	X	74483894	74534732
158866	X	74578262	74753337
139599	X	74992823	75015079
51260	X	75382771	75408033
57692	X	75638046	75661746
8823	X	76699645	76722013
546	X	76750356	77051755
84061	X	77071861	77161090
1349	X	77144961	77170881
538	X	77156194	77315892
441531	X	77213458	77235135
5230	X	77349666	77392324
51616	X	77375245	77406490
10800	X	77516965	77593193
203430	X	77901566	77924825
2846	X	77993206	78024211
27334	X	78190829	78229224
84636	X	78390512	78440815
9452	X	78605881	78633164
50945	X	79260255	79297268
169966	X	79581003	79710810
254065	X	79914987	80075233
79366	X	80359200	80467441
6451	X	80447303	80564046
5456	X	82753269	82774775
1538	X	83106134	83151708
27330	X	83303354	83452943
139324	X	83562882	83767487
139322	X	84248897	84358323
340562	X	84337292	84373974
7552	X	84488826	84538368
79983	X	84522395	84644748
1121	X	85106185	85312566
117154	X	85393455	86097605
56062	X	86762715	86935050
53336	X	87992226	88019786
90316	X	89166940	89187882
140886	X	90679597	90703583
27328	X	91024260	91888229
4675	X	92915925	92938682
286499	X	92919012	92977273
1730	X	95929650	96865597
29935	X	96128907	96150466
57526	X	99536642	99675271
64102	X	99829790	99865007
7105	X	99872105	99902101
27286	X	99889163	99936296
94121	X	99919488	99997135
1478	X	100065348	100105924
27035	X	100088313	100139334
402415	X	100158431	100194422
392509	X	100214697	100255820
79979	X	100254334	100317105
59353	X	100323836	100361356
2491	X	100343178	100428667
1821	X	100464933	100529485
54457	X	100513241	100558059
1678	X	100565548	100613957
695	X	100594435	100651212
6173	X	100635878	100661142
100529097	X	100635878	100679128
2717	X	100642779	100673001
3188	X	100653121	100679128
100131755	X	100663064	100800975
51309	X	100795466	100819683
54470	X	100860108	100882991
51566	X	100868117	100892833
9823	X	100900267	100924894
55998	X	101077085	101122549
84460	X	101127260	101197108
140597	X	101370660	101392684
158931	X	101384933	101407388
340542	X	101398679	101420986
100996631	X	101460256	101495206
56001	X	101492094	101591634
728343	X	101605316	101704929
100996648	X	101705236	101736732
11013	X	101758610	101781699
64860	X	101844096	101869087
100528062	X	101844276	101982661
9737	X	101896294	101924011
114928	X	101957104	101982661
80823	X	101965642	102018468
282808	X	102182200	102203228
55859	X	102307581	102329168
56000	X	102320749	102358022
56271	X	102459996	102482128
90843	X	102497923	102520121
340543	X	102518618	102541797
84707	X	102554274	102575974
56849	X	102575114	102597251
51186	X	102601380	102623397
27018	X	102621268	102643001
142684	X	102743053	102784417
79921	X	102821159	102852659
85012	X	102852834	102874855
9338	X	102873648	102895881
9643	X	102920426	102953086
441509	X	102952272	102993552
203562	X	102955837	102978960
5354	X	103021439	103057548
51209	X	103067255	103097212
286527	X	103207200	103230563
158983	X	103255719	103278259
286436	X	103284516	103307021
401612	X	103333898	103411708
644353	X	103347107	103370533
139231	X	103401156	103450583
80712	X	103484719	103509599
26280	X	103800996	105021822
56157	X	104453611	104475358
203447	X	105056536	105212602
6906	X	105267190	105292718
139221	X	105402298	105462949
55086	X	105845160	105932673
79589	X	105927068	106050246
54885	X	106035919	106129380
92129	X	106133293	106156561
9075	X	106133394	106184091
79710	X	106173964	106253474
55285	X	106295115	106372057
54830	X	106356657	106459670
139212	X	106439862	106497473
84443	X	106759819	106858474
5631	X	106861654	106904256
1831	X	106946451	107030559
11043	X	107058889	107184867
56156	X	107214094	107235600
340547	X	107278160	107332414
5716	X	107317435	107344874
115201	X	107324899	107407901
1288	X	107388837	107692704
1287	X	107673019	107950775
8471	X	107953179	107989643
2986	X	108606135	108735285
55916	X	108769010	108797927
23630	X	108856929	108878393
2182	X	108874564	108986621
84187	X	109235641	109431016
101928589	X	109409001	109431016
9949	X	109427414	109693461
57529	X	109592044	109709562
91851	X	109907084	110049286
5063	X	110177513	110480590
827	X	110478327	110523774
1641	X	110527007	110665460
79868	X	110914346	111013877
7224	X	111007542	111336004
100329135	X	111109279	111157218
340595	X	111316253	111710473
340596	X	111863879	111933375
154796	X	112008105	112094136
3358	X	113808551	114154624
3598	X	114228538	114262207
57631	X	114335179	114478635
139804	X	114413963	114437536
51213	X	114514292	114552121
5358	X	114785177	114895181
186	X	115291958	115316225
11254	X	115557747	115602625
203413	X	115582853	115604194
90293	X	117021776	117261303
54521	X	117470036	117593924
139818	X	117619872	117830126
3597	X	117851514	117938496
101928242	X	117893275	117914827
170261	X	117947787	117970931
79836	X	118098577	118162816
57481	X	118202598	118294542
10857	X	118360211	118388429
203427	X	118523258	118598441
292	X	118592363	118615359
63932	X	118662112	118709397
7319	X	118698499	118728381
55922	X	118712300	118749846
23157	X	118739687	118837333
347454	X	118882576	118904165
6170	X	118910467	118935622
65109	X	118931115	118996991
7737	X	118994495	119015791
4694	X	118995734	119020629
158798	X	119019936	119064679
79576	X	119049013	119087735
727940	X	119196229	119221707
158800	X	119233011	119259847
84528	X	119282432	119307933
10009	X	119374607	119402251
55026	X	119382505	119455391
23439	X	119485940	119527104
3920	X	119550003	119613204
8450	X	119648444	119719684
28985	X	119727744	119765014
29071	X	119749529	119774005
643311	X	119996451	120019779
100507170	X	120001344	120076151
728090	X	120101460	120124778
728096	X	120106320	120129638
2747	X	120171462	120193796
2892	X	122307996	122634766
57187	X	122724412	122876904
331	X	122983662	123057829
10735	X	123084475	123246506
4068	X	123470132	123517010
10178	X	123499753	124107666
100129520	X	124443698	124469063
340578	X	125287482	125310080
139170	X	125673366	125696842
100130613	X	125943747	125965769
139741	X	127174941	127196382
6594	X	128570478	128667490
4952	X	128663826	128736533
8862	X	128769236	128798933
7512	X	128862946	128913525
54440	X	128903892	128939177
51114	X	128927264	128987910
10813	X	129030097	129073738
63035	X	129104277	129202058
2000	X	129188895	129254688
9131	X	129253337	129309861
9363	X	129295773	129328844
55609	X	129326673	129412922
9016	X	129462689	129517335
139760	X	129508319	129529511
51634	X	129525943	129557317
10495	X	129747355	130047219
158763	X	130182216	130233859
3547	X	130397480	130433403
347468	X	130668048	130688974
51765	X	131147245	131219971
90167	X	131201021	131272050
57826	X	131327052	131363508
55796	X	131493342	131634063
90161	X	131750038	132105423
83844	X	132148659	132241135
51270	X	132340697	132362376
2239	X	132423815	132559205
2719	X	132659773	133129673
347475	X	133361077	133390237
84295	X	133497324	133572822
3251	X	133584175	133644698
10761	X	133689873	133802513
159090	X	133893596	133941262
159091	X	133920443	133999149
56180	X	134011656	134059314
644538	X	134114968	134136503
441518	X	134144534	134166924
8933	X	134156333	134177576
26071	X	134174962	134196221
54967	X	134280461	134315751
7626	X	134409719	134488034
203523	X	134468696	134507338
203522	X	134644555	134726460
644717	X	134761967	134832210
541466	X	134837185	134866988
728911	X	134846887	134884268
441519	X	134864147	134901521
441520	X	134918587	134946735
441521	X	134935651	134973316
541465	X	134953213	134981244
55511	X	134965785	135005221
93380	X	135034230	135066224
10479	X	135057583	135139428
2273	X	135218861	135303518
79649	X	135285379	135348641
139378	X	135373122	135509047
680	X	135554521	135585931
27336	X	135569238	135604505
51442	X	135604311	135648966
959	X	135720281	135752549
9459	X	135737708	135873503
27316	X	135941353	135972939
83550	X	136102307	136123833
7547	X	136638346	136664259
2258	X	137703734	138315051
2158	X	138602889	138655617
4168	X	138653930	138800381
286410	X	138798505	139025190
347487	X	139027884	139057677
389895	X	139163826	139185070
6658	X	139575152	139597225
1038	X	139855425	139876723
728695	X	140086761	140107876
23641	X	140259930	140281310
64663	X	140325596	140346646
30014	X	140661806	140682836
728712	X	140667835	140688899
64648	X	140775568	140796598
139081	X	140916102	140995618
9947	X	140981642	141007187
51438	X	141280128	141303076
441525	X	142103704	142132066
139067	X	142586564	142615307
139065	X	142700595	142733926
494119	X	142785055	142814516
389898	X	142957173	142978362
494118	X	144319107	144347728
84631	X	144889347	144917360
9142	X	144898928	144921374
100133053	X	145881302	145901929
100129239	X	145885622	145906249
2332	X	146983469	147042647
158521	X	147052849	147118187
2334	X	147572139	148092193
3423	X	148550295	148596884
91966	X	148612204	148642086
101928917	X	148619755	148641478
728269	X	148653309	148679125
100130086	X	148664172	148686974
84548	X	148668216	148723487
4110	X	148759903	148808928
100506164	X	148845726	148868517
4108	X	148853584	148879399
4107	X	148999941	149024609
101927685	X	149087775	149110039
541578	X	149090415	149117068
10046	X	149519836	149692448
4534	X	149721104	149851616
8776	X	149851837	149943575
83692	X	149924809	150077289
3149	X	150139056	150169248
9248	X	150335056	150359937
203547	X	150555657	150587836
139135	X	150722007	150855211
79057	X	150853730	150880063
89885	X	150874508	150901666
1260	X	150893218	150924036
4103	X	151070972	151103642
2564	X	151111596	151153156
4104	X	151272521	151296411
100533997	X	151272521	151317050
4109	X	151291782	151317050
2556	X	151324706	151629831
55879	X	151796637	151831825
4105	X	151857245	151880814
389903	X	151866743	151891833
266740	X	151875384	151897080
4111	X	151889293	151913184
158511	X	151893228	151919518
4101	X	151908387	151932408
4102	X	151924652	151948250
1069	X	151985871	152009301
50814	X	151989511	152047907
7739	X	152056671	152152025
114824	X	152147368	152172671
29944	X	152214766	152238827
84968	X	152328301	152350107
4100	X	152471522	152496116
649201	X	152574314	152597591
10838	X	152589613	152628384
139735	X	152666957	152701939
11219	X	152700178	152721945
55559	X	152703123	152770983
100509091	X	152734793	152762546
633	X	152750347	152785004
492	X	152773905	152858387
92002	X	152843383	152874632
1852	X	152897897	152926781
139728	X	152925188	152949816
6535	X	152943752	152972048
10134	X	152955947	153000201
215	X	152980323	153020216
5365	X	153019651	153054801
26576	X	153036456	153061187
3421	X	153041221	153069978
6748	X	153049630	153073967
57595	X	153057621	153106022
3897	X	153116969	153161628
554	X	153157985	153182620
393	X	153162830	153201777
8260	X	153185280	153210607
5973	X	153190722	153220232
3054	X	153203008	153247284
8269	X	153227991	153258646
3654	X	153265957	153295342
4204	X	153277025	153373188
5956	X	153399725	153434507
2652	X	153438085	153472352
728458	X	153475203	153508755
1527	X	153488930	153533564
8277	X	153513979	153568713
2316	X	153566900	153613006
2010	X	153597597	153619883
6134	X	153616571	153640901
1774	X	153619579	153650428
6901	X	153629877	153660065
537	X	153646978	153674862
2664	X	153655259	153681814
9130	X	153662473	153689002
55558	X	153676623	153711985
8270	X	153695241	153717596
8266	X	153702056	153724932
8273	X	153705645	153729002
60343	X	153723323	153754572
2539	X	153749606	153785796
8517	X	153759419	153806804
246100	X	153803418	153825075
1485	X	153835865	153857522
30848	X	153870246	153891853
139716	X	153893526	153989855
1736	X	153981031	154015964
4354	X	153996959	154043802
100132963	X	154041623	154072937
2157	X	154054063	154265351
474382	X	154103317	154123833
8263	X	154104635	154126336
65991	X	154245064	154295191
100272147	X	154279897	154309547
4515	X	154282309	154309547
79184	X	154289695	154361349
7411	X	154415290	154478098
116442	X	154477526	154503852
1193	X	154495500	154573997
474381	X	154600355	154620948
474383	X	154601764	154622879
474384	X	154677146	154698261
83740	X	154679080	154699596
55217	X	154708672	154852622
